source_file,variant,name,time,value
Scenario_Corners_4x1_Aware-#0-gcs.csv,SpoofingAware,min_benign_spoofer_distance_now_m,0.25,0.0
Scenario_Corners_4x1_Aware-#0-gcs.csv,SpoofingAware,min_benign_spoofer_distance_now_m,0.5,0.0
Scenario_Corners_4x1_Aware-#0-gcs.csv,SpoofingAware,min_benign_spoofer_distance_now_m,0.75,0.0
Scenario_Corners_4x1_Aware-#0-gcs.csv,SpoofingAware,min_benign_spoofer_distance_now_m,1.0,0.0
Scenario_Corners_4x1_Aware-#0-gcs.csv,SpoofingAware,min_benign_spoofer_distance_now_m,1.25,0.0
Scenario_Corners_4x1_Aware-#0-gcs.csv,SpoofingAware,min_benign_spoofer_distance_now_m,1.5,0.0
Scenario_Corners_4x1_Aware-#0-gcs.csv,SpoofingAware,min_benign_spoofer_distance_now_m,1.75,0.0
Scenario_Corners_4x1_Aware-#0-gcs.csv,SpoofingAware,min_benign_spoofer_distance_now_m,2.0,0.0
Scenario_Corners_4x1_Aware-#0-gcs.csv,SpoofingAware,min_benign_spoofer_distance_now_m,2.25,0.0
Scenario_Corners_4x1_Aware-#0-gcs.csv,SpoofingAware,min_benign_spoofer_distance_now_m,2.5,0.0
Scenario_Corners_4x1_Aware-#0-gcs.csv,SpoofingAware,min_benign_spoofer_distance_now_m,2.75,151.73311738022
Scenario_Corners_4x1_Aware-#0-gcs.csv,SpoofingAware,min_benign_spoofer_distance_now_m,3.0,149.83326811879
Scenario_Corners_4x1_Aware-#0-gcs.csv,SpoofingAware,min_benign_spoofer_distance_now_m,3.25,148.02133191709
Scenario_Corners_4x1_Aware-#0-gcs.csv,SpoofingAware,min_benign_spoofer_distance_now_m,3.5,146.34920259175
Scenario_Corners_4x1_Aware-#0-gcs.csv,SpoofingAware,min_benign_spoofer_distance_now_m,3.75,144.84644026176
Scenario_Corners_4x1_Aware-#0-gcs.csv,SpoofingAware,min_benign_spoofer_distance_now_m,4.0,143.47070143813
Scenario_Corners_4x1_Aware-#0-gcs.csv,SpoofingAware,min_benign_spoofer_distance_now_m,4.25,142.17933548096
Scenario_Corners_4x1_Aware-#0-gcs.csv,SpoofingAware,min_benign_spoofer_distance_now_m,4.5,140.91428584788
Scenario_Corners_4x1_Aware-#0-gcs.csv,SpoofingAware,min_benign_spoofer_distance_now_m,4.75,139.64318642501
Scenario_Corners_4x1_Aware-#0-gcs.csv,SpoofingAware,min_benign_spoofer_distance_now_m,5.0,138.34395380322
Scenario_Corners_4x1_Aware-#0-gcs.csv,SpoofingAware,min_benign_spoofer_distance_now_m,5.25,137.02988183612
Scenario_Corners_4x1_Aware-#0-gcs.csv,SpoofingAware,min_benign_spoofer_distance_now_m,5.5,135.71093433682
Scenario_Corners_4x1_Aware-#0-gcs.csv,SpoofingAware,min_benign_spoofer_distance_now_m,5.75,134.42040309981
Scenario_Corners_4x1_Aware-#0-gcs.csv,SpoofingAware,min_benign_spoofer_distance_now_m,6.0,133.1650992643
Scenario_Corners_4x1_Aware-#0-gcs.csv,SpoofingAware,min_benign_spoofer_distance_now_m,6.25,131.96303060484
Scenario_Corners_4x1_Aware-#0-gcs.csv,SpoofingAware,min_benign_spoofer_distance_now_m,6.5,130.8025899099
Scenario_Corners_4x1_Aware-#0-gcs.csv,SpoofingAware,min_benign_spoofer_distance_now_m,6.75,129.68523828315
Scenario_Corners_4x1_Aware-#0-gcs.csv,SpoofingAware,min_benign_spoofer_distance_now_m,7.0,128.59221461371
Scenario_Corners_4x1_Aware-#0-gcs.csv,SpoofingAware,min_benign_spoofer_distance_now_m,7.25,127.52395138082
Scenario_Corners_4x1_Aware-#0-gcs.csv,SpoofingAware,min_benign_spoofer_distance_now_m,7.5,126.46704251503
Scenario_Corners_4x1_Aware-#0-gcs.csv,SpoofingAware,min_benign_spoofer_distance_now_m,7.75,125.42983157491
Scenario_Corners_4x1_Aware-#0-gcs.csv,SpoofingAware,min_benign_spoofer_distance_now_m,8.0,124.405606751
Scenario_Corners_4x1_Aware-#0-gcs.csv,SpoofingAware,min_benign_spoofer_distance_now_m,8.25,123.40760708918
Scenario_Corners_4x1_Aware-#0-gcs.csv,SpoofingAware,min_benign_spoofer_distance_now_m,8.5,122.43006608922
Scenario_Corners_4x1_Aware-#0-gcs.csv,SpoofingAware,min_benign_spoofer_distance_now_m,8.75,121.48723144389
Scenario_Corners_4x1_Aware-#0-gcs.csv,SpoofingAware,min_benign_spoofer_distance_now_m,9.0,120.63077156145
Scenario_Corners_4x1_Aware-#0-gcs.csv,SpoofingAware,min_benign_spoofer_distance_now_m,9.25,119.94192529705
Scenario_Corners_4x1_Aware-#0-gcs.csv,SpoofingAware,min_benign_spoofer_distance_now_m,9.5,119.46255858327
Scenario_Corners_4x1_Aware-#0-gcs.csv,SpoofingAware,min_benign_spoofer_distance_now_m,9.75,119.23197499203
Scenario_Corners_4x1_Aware-#0-gcs.csv,SpoofingAware,min_benign_spoofer_distance_now_m,10.0,119.2523165371
Scenario_Corners_4x1_Aware-#0-gcs.csv,SpoofingAware,min_benign_spoofer_distance_now_m,10.25,119.33554037327
Scenario_Corners_4x1_Aware-#0-gcs.csv,SpoofingAware,min_benign_spoofer_distance_now_m,10.5,117.43977950346
Scenario_Corners_4x1_Aware-#0-gcs.csv,SpoofingAware,min_benign_spoofer_distance_now_m,10.75,115.77438980919
Scenario_Corners_4x1_Aware-#0-gcs.csv,SpoofingAware,min_benign_spoofer_distance_now_m,11.0,114.37262413574
Scenario_Corners_4x1_Aware-#0-gcs.csv,SpoofingAware,min_benign_spoofer_distance_now_m,11.25,113.22260417766
Scenario_Corners_4x1_Aware-#0-gcs.csv,SpoofingAware,min_benign_spoofer_distance_now_m,11.5,112.16393199859
Scenario_Corners_4x1_Aware-#0-gcs.csv,SpoofingAware,min_benign_spoofer_distance_now_m,11.75,111.03282141781
Scenario_Corners_4x1_Aware-#0-gcs.csv,SpoofingAware,min_benign_spoofer_distance_now_m,12.0,109.73213691437
Scenario_Corners_4x1_Aware-#0-gcs.csv,SpoofingAware,min_benign_spoofer_distance_now_m,12.25,108.20086476889
Scenario_Corners_4x1_Aware-#0-gcs.csv,SpoofingAware,min_benign_spoofer_distance_now_m,12.5,106.4135835729
Scenario_Corners_4x1_Aware-#0-gcs.csv,SpoofingAware,min_benign_spoofer_distance_now_m,12.75,104.44583908357
Scenario_Corners_4x1_Aware-#0-gcs.csv,SpoofingAware,min_benign_spoofer_distance_now_m,13.0,102.47888580809
Scenario_Corners_4x1_Aware-#0-gcs.csv,SpoofingAware,min_benign_spoofer_distance_now_m,13.25,100.65366246096
Scenario_Corners_4x1_Aware-#0-gcs.csv,SpoofingAware,min_benign_spoofer_distance_now_m,13.5,99.050038819647
Scenario_Corners_4x1_Aware-#0-gcs.csv,SpoofingAware,min_benign_spoofer_distance_now_m,13.75,97.712991915134
Scenario_Corners_4x1_Aware-#0-gcs.csv,SpoofingAware,min_benign_spoofer_distance_now_m,14.0,96.637857767235
Scenario_Corners_4x1_Aware-#0-gcs.csv,SpoofingAware,min_benign_spoofer_distance_now_m,14.25,95.766830555265
Scenario_Corners_4x1_Aware-#0-gcs.csv,SpoofingAware,min_benign_spoofer_distance_now_m,14.5,94.99486432132
Scenario_Corners_4x1_Aware-#0-gcs.csv,SpoofingAware,min_benign_spoofer_distance_now_m,14.75,94.210297560892
Scenario_Corners_4x1_Aware-#0-gcs.csv,SpoofingAware,min_benign_spoofer_distance_now_m,15.0,93.343402397108
Scenario_Corners_4x1_Aware-#0-gcs.csv,SpoofingAware,min_benign_spoofer_distance_now_m,15.25,92.358668692251
Scenario_Corners_4x1_Aware-#0-gcs.csv,SpoofingAware,min_benign_spoofer_distance_now_m,15.5,91.273232158215
Scenario_Corners_4x1_Aware-#0-gcs.csv,SpoofingAware,min_benign_spoofer_distance_now_m,15.75,90.132436581002
Scenario_Corners_4x1_Aware-#0-gcs.csv,SpoofingAware,min_benign_spoofer_distance_now_m,16.0,88.988856722432
Scenario_Corners_4x1_Aware-#0-gcs.csv,SpoofingAware,min_benign_spoofer_distance_now_m,16.25,87.888958376512
Scenario_Corners_4x1_Aware-#0-gcs.csv,SpoofingAware,min_benign_spoofer_distance_now_m,16.5,86.852620547557
Scenario_Corners_4x1_Aware-#0-gcs.csv,SpoofingAware,min_benign_spoofer_distance_now_m,16.75,85.881657073015
Scenario_Corners_4x1_Aware-#0-gcs.csv,SpoofingAware,min_benign_spoofer_distance_now_m,17.0,84.958177960752
Scenario_Corners_4x1_Aware-#0-gcs.csv,SpoofingAware,min_benign_spoofer_distance_now_m,17.25,84.057668085488
Scenario_Corners_4x1_Aware-#0-gcs.csv,SpoofingAware,min_benign_spoofer_distance_now_m,17.5,83.15848559173
Scenario_Corners_4x1_Aware-#0-gcs.csv,SpoofingAware,min_benign_spoofer_distance_now_m,17.75,82.245362091328
Scenario_Corners_4x1_Aware-#0-gcs.csv,SpoofingAware,min_benign_spoofer_distance_now_m,18.0,81.315823869961
Scenario_Corners_4x1_Aware-#0-gcs.csv,SpoofingAware,min_benign_spoofer_distance_now_m,18.25,80.375340261964
Scenario_Corners_4x1_Aware-#0-gcs.csv,SpoofingAware,min_benign_spoofer_distance_now_m,18.5,79.435143931633
Scenario_Corners_4x1_Aware-#0-gcs.csv,SpoofingAware,min_benign_spoofer_distance_now_m,18.75,78.507703888454
Scenario_Corners_4x1_Aware-#0-gcs.csv,SpoofingAware,min_benign_spoofer_distance_now_m,19.0,77.601318142168
Scenario_Corners_4x1_Aware-#0-gcs.csv,SpoofingAware,min_benign_spoofer_distance_now_m,19.25,76.720669600092
Scenario_Corners_4x1_Aware-#0-gcs.csv,SpoofingAware,min_benign_spoofer_distance_now_m,19.5,75.86458178155
Scenario_Corners_4x1_Aware-#0-gcs.csv,SpoofingAware,min_benign_spoofer_distance_now_m,19.75,75.04884947106
Scenario_Corners_4x1_Aware-#0-gcs.csv,SpoofingAware,min_benign_spoofer_distance_now_m,20.0,74.358777819244
Scenario_Corners_4x1_Aware-#0-gcs.csv,SpoofingAware,min_benign_spoofer_distance_now_m,20.25,73.852836529927
Scenario_Corners_4x1_Aware-#0-gcs.csv,SpoofingAware,min_benign_spoofer_distance_now_m,20.5,73.440003287369
Scenario_Corners_4x1_Aware-#0-gcs.csv,SpoofingAware,min_benign_spoofer_distance_now_m,20.75,72.982088246297
Scenario_Corners_4x1_Aware-#0-gcs.csv,SpoofingAware,min_benign_spoofer_distance_now_m,21.0,72.401586107578
Scenario_Corners_4x1_Aware-#0-gcs.csv,SpoofingAware,min_benign_spoofer_distance_now_m,21.25,71.668903799837
Scenario_Corners_4x1_Aware-#0-gcs.csv,SpoofingAware,min_benign_spoofer_distance_now_m,21.5,70.820134439726
Scenario_Corners_4x1_Aware-#0-gcs.csv,SpoofingAware,min_benign_spoofer_distance_now_m,21.75,69.923995468564
Scenario_Corners_4x1_Aware-#0-gcs.csv,SpoofingAware,min_benign_spoofer_distance_now_m,22.0,69.049716041937
Scenario_Corners_4x1_Aware-#0-gcs.csv,SpoofingAware,min_benign_spoofer_distance_now_m,22.25,68.251831851989
Scenario_Corners_4x1_Aware-#0-gcs.csv,SpoofingAware,min_benign_spoofer_distance_now_m,22.5,67.548543161365
Scenario_Corners_4x1_Aware-#0-gcs.csv,SpoofingAware,min_benign_spoofer_distance_now_m,22.75,66.934306609289
Scenario_Corners_4x1_Aware-#0-gcs.csv,SpoofingAware,min_benign_spoofer_distance_now_m,23.0,66.381841292781
Scenario_Corners_4x1_Aware-#0-gcs.csv,SpoofingAware,min_benign_spoofer_distance_now_m,23.25,65.857681287634
Scenario_Corners_4x1_Aware-#0-gcs.csv,SpoofingAware,min_benign_spoofer_distance_now_m,23.5,65.336444795005
Scenario_Corners_4x1_Aware-#0-gcs.csv,SpoofingAware,min_benign_spoofer_distance_now_m,23.75,64.802849956471
Scenario_Corners_4x1_Aware-#0-gcs.csv,SpoofingAware,min_benign_spoofer_distance_now_m,24.0,64.258104672897
Scenario_Corners_4x1_Aware-#0-gcs.csv,SpoofingAware,min_benign_spoofer_distance_now_m,24.25,63.712485077875
Scenario_Corners_4x1_Aware-#0-gcs.csv,SpoofingAware,min_benign_spoofer_distance_now_m,24.5,63.181354316788
Scenario_Corners_4x1_Aware-#0-gcs.csv,SpoofingAware,min_benign_spoofer_distance_now_m,24.75,62.679652541737
Scenario_Corners_4x1_Aware-#0-gcs.csv,SpoofingAware,min_benign_spoofer_distance_now_m,25.0,62.215991582075
Scenario_Corners_4x1_Aware-#0-gcs.csv,SpoofingAware,min_benign_spoofer_distance_now_m,25.25,61.793707128431
Scenario_Corners_4x1_Aware-#0-gcs.csv,SpoofingAware,min_benign_spoofer_distance_now_m,25.5,61.409768037975
Scenario_Corners_4x1_Aware-#0-gcs.csv,SpoofingAware,min_benign_spoofer_distance_now_m,25.75,61.058535940909
Scenario_Corners_4x1_Aware-#0-gcs.csv,SpoofingAware,min_benign_spoofer_distance_now_m,26.0,60.734080154009
Scenario_Corners_4x1_Aware-#0-gcs.csv,SpoofingAware,min_benign_spoofer_distance_now_m,26.25,60.431800374216
Scenario_Corners_4x1_Aware-#0-gcs.csv,SpoofingAware,min_benign_spoofer_distance_now_m,26.5,60.150432738095
Scenario_Corners_4x1_Aware-#0-gcs.csv,SpoofingAware,min_benign_spoofer_distance_now_m,26.75,59.890852628411
Scenario_Corners_4x1_Aware-#0-gcs.csv,SpoofingAware,min_benign_spoofer_distance_now_m,27.0,59.655973064055
Scenario_Corners_4x1_Aware-#0-gcs.csv,SpoofingAware,min_benign_spoofer_distance_now_m,27.25,59.449099912206
Scenario_Corners_4x1_Aware-#0-gcs.csv,SpoofingAware,min_benign_spoofer_distance_now_m,27.5,59.272888646492
Scenario_Corners_4x1_Aware-#0-gcs.csv,SpoofingAware,min_benign_spoofer_distance_now_m,27.75,59.128981196963
Scenario_Corners_4x1_Aware-#0-gcs.csv,SpoofingAware,min_benign_spoofer_distance_now_m,28.0,59.018634430985
Scenario_Corners_4x1_Aware-#0-gcs.csv,SpoofingAware,min_benign_spoofer_distance_now_m,28.25,58.961943099455
Scenario_Corners_4x1_Aware-#0-gcs.csv,SpoofingAware,min_benign_spoofer_distance_now_m,28.5,59.028653976497
Scenario_Corners_4x1_Aware-#0-gcs.csv,SpoofingAware,min_benign_spoofer_distance_now_m,28.75,59.287714349332
Scenario_Corners_4x1_Aware-#0-gcs.csv,SpoofingAware,min_benign_spoofer_distance_now_m,29.0,59.735601964455
Scenario_Corners_4x1_Aware-#0-gcs.csv,SpoofingAware,min_benign_spoofer_distance_now_m,29.25,60.364012727991
Scenario_Corners_4x1_Aware-#0-gcs.csv,SpoofingAware,min_benign_spoofer_distance_now_m,29.5,61.192603942315
Scenario_Corners_4x1_Aware-#0-gcs.csv,SpoofingAware,min_benign_spoofer_distance_now_m,29.75,62.212313777232
Scenario_Corners_4x1_Aware-#0-gcs.csv,SpoofingAware,min_benign_spoofer_distance_now_m,30.0,63.372486055234
Scenario_Corners_4x1_Aware-#0-gcs.csv,SpoofingAware,min_benign_spoofer_distance_now_m,30.25,64.60471695874
Scenario_Corners_4x1_Aware-#0-gcs.csv,SpoofingAware,min_benign_spoofer_distance_now_m,30.5,65.803232367764
Scenario_Corners_4x1_Aware-#0-gcs.csv,SpoofingAware,min_benign_spoofer_distance_now_m,30.75,66.901616168806
Scenario_Corners_4x1_Aware-#0-gcs.csv,SpoofingAware,min_benign_spoofer_distance_now_m,31.0,67.85319469465
Scenario_Corners_4x1_Aware-#0-gcs.csv,SpoofingAware,min_benign_spoofer_distance_now_m,31.25,68.622196716095
Scenario_Corners_4x1_Aware-#0-gcs.csv,SpoofingAware,min_benign_spoofer_distance_now_m,31.5,69.236116136923
Scenario_Corners_4x1_Aware-#0-gcs.csv,SpoofingAware,min_benign_spoofer_distance_now_m,31.75,69.719816112332
Scenario_Corners_4x1_Aware-#0-gcs.csv,SpoofingAware,min_benign_spoofer_distance_now_m,32.0,70.141424960796
Scenario_Corners_4x1_Aware-#0-gcs.csv,SpoofingAware,min_benign_spoofer_distance_now_m,32.25,70.538757649939
Scenario_Corners_4x1_Aware-#0-gcs.csv,SpoofingAware,min_benign_spoofer_distance_now_m,32.5,70.955992281406
Scenario_Corners_4x1_Aware-#0-gcs.csv,SpoofingAware,min_benign_spoofer_distance_now_m,32.75,71.398074434045
Scenario_Corners_4x1_Aware-#0-gcs.csv,SpoofingAware,min_benign_spoofer_distance_now_m,33.0,71.903065713797
Scenario_Corners_4x1_Aware-#0-gcs.csv,SpoofingAware,min_benign_spoofer_distance_now_m,33.25,72.517639743948
Scenario_Corners_4x1_Aware-#0-gcs.csv,SpoofingAware,min_benign_spoofer_distance_now_m,33.5,73.216956427635
Scenario_Corners_4x1_Aware-#0-gcs.csv,SpoofingAware,min_benign_spoofer_distance_now_m,33.75,73.91891099642
Scenario_Corners_4x1_Aware-#0-gcs.csv,SpoofingAware,min_benign_spoofer_distance_now_m,34.0,74.565742391681
Scenario_Corners_4x1_Aware-#0-gcs.csv,SpoofingAware,min_benign_spoofer_distance_now_m,34.25,75.07609785453
Scenario_Corners_4x1_Aware-#0-gcs.csv,SpoofingAware,min_benign_spoofer_distance_now_m,34.5,75.381954903797
Scenario_Corners_4x1_Aware-#0-gcs.csv,SpoofingAware,min_benign_spoofer_distance_now_m,34.75,75.456344730958
Scenario_Corners_4x1_Aware-#0-gcs.csv,SpoofingAware,min_benign_spoofer_distance_now_m,35.0,75.34441007811
Scenario_Corners_4x1_Aware-#0-gcs.csv,SpoofingAware,min_benign_spoofer_distance_now_m,35.25,75.086069471143
Scenario_Corners_4x1_Aware-#0-gcs.csv,SpoofingAware,min_benign_spoofer_distance_now_m,35.5,74.778486742353
Scenario_Corners_4x1_Aware-#0-gcs.csv,SpoofingAware,min_benign_spoofer_distance_now_m,35.75,74.485932692561
Scenario_Corners_4x1_Aware-#0-gcs.csv,SpoofingAware,min_benign_spoofer_distance_now_m,36.0,74.268045570472
Scenario_Corners_4x1_Aware-#0-gcs.csv,SpoofingAware,min_benign_spoofer_distance_now_m,36.25,74.132182108592
Scenario_Corners_4x1_Aware-#0-gcs.csv,SpoofingAware,min_benign_spoofer_distance_now_m,36.5,74.075931330583
Scenario_Corners_4x1_Aware-#0-gcs.csv,SpoofingAware,min_benign_spoofer_distance_now_m,36.75,74.050041572881
Scenario_Corners_4x1_Aware-#0-gcs.csv,SpoofingAware,min_benign_spoofer_distance_now_m,37.0,74.029845415795
Scenario_Corners_4x1_Aware-#0-gcs.csv,SpoofingAware,min_benign_spoofer_distance_now_m,37.25,73.969192930978
Scenario_Corners_4x1_Aware-#0-gcs.csv,SpoofingAware,min_benign_spoofer_distance_now_m,37.5,73.870570329034
Scenario_Corners_4x1_Aware-#0-gcs.csv,SpoofingAware,min_benign_spoofer_distance_now_m,37.75,73.721098343228
Scenario_Corners_4x1_Aware-#0-gcs.csv,SpoofingAware,min_benign_spoofer_distance_now_m,38.0,73.549827739834
Scenario_Corners_4x1_Aware-#0-gcs.csv,SpoofingAware,min_benign_spoofer_distance_now_m,38.25,73.36107416944
Scenario_Corners_4x1_Aware-#0-gcs.csv,SpoofingAware,min_benign_spoofer_distance_now_m,38.5,73.185899941091
Scenario_Corners_4x1_Aware-#0-gcs.csv,SpoofingAware,min_benign_spoofer_distance_now_m,38.75,73.024085572041
Scenario_Corners_4x1_Aware-#0-gcs.csv,SpoofingAware,min_benign_spoofer_distance_now_m,39.0,72.895596421074
Scenario_Corners_4x1_Aware-#0-gcs.csv,SpoofingAware,min_benign_spoofer_distance_now_m,39.25,72.786233085384
Scenario_Corners_4x1_Aware-#0-gcs.csv,SpoofingAware,min_benign_spoofer_distance_now_m,39.5,72.705162949958
Scenario_Corners_4x1_Aware-#0-gcs.csv,SpoofingAware,min_benign_spoofer_distance_now_m,39.75,72.631617996168
Scenario_Corners_4x1_Aware-#0-gcs.csv,SpoofingAware,min_benign_spoofer_distance_now_m,40.0,72.574716528593
Scenario_Corners_4x1_Aware-#0-gcs.csv,SpoofingAware,min_benign_spoofer_distance_now_m,40.25,72.517534382407
Scenario_Corners_4x1_Aware-#0-gcs.csv,SpoofingAware,min_benign_spoofer_distance_now_m,40.5,72.474386689855
Scenario_Corners_4x1_Aware-#0-gcs.csv,SpoofingAware,min_benign_spoofer_distance_now_m,40.75,72.440290723246
Scenario_Corners_4x1_Aware-#0-gcs.csv,SpoofingAware,min_benign_spoofer_distance_now_m,41.0,72.487788686951
Scenario_Corners_4x1_Aware-#0-gcs.csv,SpoofingAware,min_benign_spoofer_distance_now_m,41.25,72.681039921906
Scenario_Corners_4x1_Aware-#0-gcs.csv,SpoofingAware,min_benign_spoofer_distance_now_m,41.5,73.031317588803
Scenario_Corners_4x1_Aware-#0-gcs.csv,SpoofingAware,min_benign_spoofer_distance_now_m,41.75,73.52790186489
Scenario_Corners_4x1_Aware-#0-gcs.csv,SpoofingAware,min_benign_spoofer_distance_now_m,42.0,74.161186551741
Scenario_Corners_4x1_Aware-#0-gcs.csv,SpoofingAware,min_benign_spoofer_distance_now_m,42.25,74.344127190785
Scenario_Corners_4x1_Aware-#0-gcs.csv,SpoofingAware,min_benign_spoofer_distance_now_m,42.5,73.891581922916
Scenario_Corners_4x1_Aware-#0-gcs.csv,SpoofingAware,min_benign_spoofer_distance_now_m,42.75,73.339501134527
Scenario_Corners_4x1_Aware-#0-gcs.csv,SpoofingAware,min_benign_spoofer_distance_now_m,43.0,72.860609174907
Scenario_Corners_4x1_Aware-#0-gcs.csv,SpoofingAware,min_benign_spoofer_distance_now_m,43.25,72.589434265225
Scenario_Corners_4x1_Aware-#0-gcs.csv,SpoofingAware,min_benign_spoofer_distance_now_m,43.5,72.595170134058
Scenario_Corners_4x1_Aware-#0-gcs.csv,SpoofingAware,min_benign_spoofer_distance_now_m,43.75,72.88802102369
Scenario_Corners_4x1_Aware-#0-gcs.csv,SpoofingAware,min_benign_spoofer_distance_now_m,44.0,73.339107886324
Scenario_Corners_4x1_Aware-#0-gcs.csv,SpoofingAware,min_benign_spoofer_distance_now_m,44.25,73.826254576889
Scenario_Corners_4x1_Aware-#0-gcs.csv,SpoofingAware,min_benign_spoofer_distance_now_m,44.5,74.291253836668
Scenario_Corners_4x1_Aware-#0-gcs.csv,SpoofingAware,min_benign_spoofer_distance_now_m,44.75,74.693851630587
Scenario_Corners_4x1_Aware-#0-gcs.csv,SpoofingAware,min_benign_spoofer_distance_now_m,45.0,74.975527300694
Scenario_Corners_4x1_Aware-#0-gcs.csv,SpoofingAware,min_benign_spoofer_distance_now_m,45.25,75.082735526576
Scenario_Corners_4x1_Aware-#0-gcs.csv,SpoofingAware,min_benign_spoofer_distance_now_m,45.5,74.989579861703
Scenario_Corners_4x1_Aware-#0-gcs.csv,SpoofingAware,min_benign_spoofer_distance_now_m,45.75,74.715972098843
Scenario_Corners_4x1_Aware-#0-gcs.csv,SpoofingAware,min_benign_spoofer_distance_now_m,46.0,74.417076515429
Scenario_Corners_4x1_Aware-#0-gcs.csv,SpoofingAware,min_benign_spoofer_distance_now_m,46.25,74.254886869053
Scenario_Corners_4x1_Aware-#0-gcs.csv,SpoofingAware,min_benign_spoofer_distance_now_m,46.5,74.350381262796
Scenario_Corners_4x1_Aware-#0-gcs.csv,SpoofingAware,min_benign_spoofer_distance_now_m,46.75,74.760138251307
Scenario_Corners_4x1_Aware-#0-gcs.csv,SpoofingAware,min_benign_spoofer_distance_now_m,47.0,75.403013572422
Scenario_Corners_4x1_Aware-#0-gcs.csv,SpoofingAware,min_benign_spoofer_distance_now_m,47.25,76.129586309625
Scenario_Corners_4x1_Aware-#0-gcs.csv,SpoofingAware,min_benign_spoofer_distance_now_m,47.5,76.874196482067
Scenario_Corners_4x1_Aware-#0-gcs.csv,SpoofingAware,min_benign_spoofer_distance_now_m,47.75,77.601899115042
Scenario_Corners_4x1_Aware-#0-gcs.csv,SpoofingAware,min_benign_spoofer_distance_now_m,48.0,78.365469264663
Scenario_Corners_4x1_Aware-#0-gcs.csv,SpoofingAware,min_benign_spoofer_distance_now_m,48.25,78.92082740463
Scenario_Corners_4x1_Aware-#0-gcs.csv,SpoofingAware,min_benign_spoofer_distance_now_m,48.5,79.020456399271
Scenario_Corners_4x1_Aware-#0-gcs.csv,SpoofingAware,min_benign_spoofer_distance_now_m,48.75,79.096369950464
Scenario_Corners_4x1_Aware-#0-gcs.csv,SpoofingAware,min_benign_spoofer_distance_now_m,49.0,79.170844574698
Scenario_Corners_4x1_Aware-#0-gcs.csv,SpoofingAware,min_benign_spoofer_distance_now_m,49.25,79.250736974142
Scenario_Corners_4x1_Aware-#0-gcs.csv,SpoofingAware,min_benign_spoofer_distance_now_m,49.5,79.356941080588
Scenario_Corners_4x1_Aware-#0-gcs.csv,SpoofingAware,min_benign_spoofer_distance_now_m,49.75,79.488702137342
Scenario_Corners_4x1_Aware-#0-gcs.csv,SpoofingAware,min_benign_spoofer_distance_now_m,50.0,79.654377296886
Scenario_Corners_4x1_Aware-#0-gcs.csv,SpoofingAware,min_benign_spoofer_distance_now_m,50.25,79.841459620412
Scenario_Corners_4x1_Aware-#0-gcs.csv,SpoofingAware,min_benign_spoofer_distance_now_m,50.5,80.051168375355
Scenario_Corners_4x1_Aware-#0-gcs.csv,SpoofingAware,min_benign_spoofer_distance_now_m,50.75,80.268363505332
Scenario_Corners_4x1_Aware-#0-gcs.csv,SpoofingAware,min_benign_spoofer_distance_now_m,51.0,80.496888897747
Scenario_Corners_4x1_Aware-#0-gcs.csv,SpoofingAware,min_benign_spoofer_distance_now_m,51.25,80.726788618953
Scenario_Corners_4x1_Aware-#0-gcs.csv,SpoofingAware,min_benign_spoofer_distance_now_m,51.5,80.96731616772
Scenario_Corners_4x1_Aware-#0-gcs.csv,SpoofingAware,min_benign_spoofer_distance_now_m,51.75,81.213227303992
Scenario_Corners_4x1_Aware-#0-gcs.csv,SpoofingAware,min_benign_spoofer_distance_now_m,52.0,81.475389431475
Scenario_Corners_4x1_Aware-#0-gcs.csv,SpoofingAware,min_benign_spoofer_distance_now_m,52.25,81.758043828681
Scenario_Corners_4x1_Aware-#0-gcs.csv,SpoofingAware,min_benign_spoofer_distance_now_m,52.5,82.108415925109
Scenario_Corners_4x1_Aware-#0-gcs.csv,SpoofingAware,min_benign_spoofer_distance_now_m,52.75,82.552619138645
Scenario_Corners_4x1_Aware-#0-gcs.csv,SpoofingAware,min_benign_spoofer_distance_now_m,53.0,83.134449550598
Scenario_Corners_4x1_Aware-#0-gcs.csv,SpoofingAware,min_benign_spoofer_distance_now_m,53.25,83.834201614136
Scenario_Corners_4x1_Aware-#0-gcs.csv,SpoofingAware,min_benign_spoofer_distance_now_m,53.5,84.54346493376
Scenario_Corners_4x1_Aware-#0-gcs.csv,SpoofingAware,min_benign_spoofer_distance_now_m,53.75,85.154665175244
Scenario_Corners_4x1_Aware-#0-gcs.csv,SpoofingAware,min_benign_spoofer_distance_now_m,54.0,85.62944433579
Scenario_Corners_4x1_Aware-#0-gcs.csv,SpoofingAware,min_benign_spoofer_distance_now_m,54.25,85.960609420261
Scenario_Corners_4x1_Aware-#0-gcs.csv,SpoofingAware,min_benign_spoofer_distance_now_m,54.5,86.19940878272
Scenario_Corners_4x1_Aware-#0-gcs.csv,SpoofingAware,min_benign_spoofer_distance_now_m,54.75,86.396370317829
Scenario_Corners_4x1_Aware-#0-gcs.csv,SpoofingAware,min_benign_spoofer_distance_now_m,55.0,86.615732927023
Scenario_Corners_4x1_Aware-#0-gcs.csv,SpoofingAware,min_benign_spoofer_distance_now_m,55.25,86.894420076108
Scenario_Corners_4x1_Aware-#0-gcs.csv,SpoofingAware,min_benign_spoofer_distance_now_m,55.5,87.251823110822
Scenario_Corners_4x1_Aware-#0-gcs.csv,SpoofingAware,min_benign_spoofer_distance_now_m,55.75,87.678208008478
Scenario_Corners_4x1_Aware-#0-gcs.csv,SpoofingAware,min_benign_spoofer_distance_now_m,56.0,88.156194533623
Scenario_Corners_4x1_Aware-#0-gcs.csv,SpoofingAware,min_benign_spoofer_distance_now_m,56.25,88.652758409569
Scenario_Corners_4x1_Aware-#0-gcs.csv,SpoofingAware,min_benign_spoofer_distance_now_m,56.5,89.150427728073
Scenario_Corners_4x1_Aware-#0-gcs.csv,SpoofingAware,min_benign_spoofer_distance_now_m,56.75,89.629611111724
Scenario_Corners_4x1_Aware-#0-gcs.csv,SpoofingAware,min_benign_spoofer_distance_now_m,57.0,90.0944743257
Scenario_Corners_4x1_Aware-#0-gcs.csv,SpoofingAware,min_benign_spoofer_distance_now_m,57.25,90.546264848806
Scenario_Corners_4x1_Aware-#0-gcs.csv,SpoofingAware,min_benign_spoofer_distance_now_m,57.5,91.001829156536
Scenario_Corners_4x1_Aware-#0-gcs.csv,SpoofingAware,min_benign_spoofer_distance_now_m,57.75,91.467985081506
Scenario_Corners_4x1_Aware-#0-gcs.csv,SpoofingAware,min_benign_spoofer_distance_now_m,58.0,91.957061741069
Scenario_Corners_4x1_Aware-#0-gcs.csv,SpoofingAware,min_benign_spoofer_distance_now_m,58.25,92.468068626774
Scenario_Corners_4x1_Aware-#0-gcs.csv,SpoofingAware,min_benign_spoofer_distance_now_m,58.5,93.003528371726
Scenario_Corners_4x1_Aware-#0-gcs.csv,SpoofingAware,min_benign_spoofer_distance_now_m,58.75,93.554689382133
Scenario_Corners_4x1_Aware-#0-gcs.csv,SpoofingAware,min_benign_spoofer_distance_now_m,59.0,94.120259618145
Scenario_Corners_4x1_Aware-#0-gcs.csv,SpoofingAware,min_benign_spoofer_distance_now_m,59.25,94.691252882614
Scenario_Corners_4x1_Aware-#0-gcs.csv,SpoofingAware,min_benign_spoofer_distance_now_m,59.5,95.269297140261
Scenario_Corners_4x1_Aware-#0-gcs.csv,SpoofingAware,min_benign_spoofer_distance_now_m,59.75,95.84975454892
Scenario_Corners_4x1_Aware-#0-gcs.csv,SpoofingAware,min_benign_spoofer_distance_now_m,60.0,96.438003898914
Scenario_Corners_4x1_Aware-#0-gcs.csv,SpoofingAware,min_benign_spoofer_distance_now_m,60.25,97.032352144901
Scenario_Corners_4x1_Aware-#0-gcs.csv,SpoofingAware,min_benign_spoofer_distance_now_m,60.5,97.638652292947
Scenario_Corners_4x1_Aware-#0-gcs.csv,SpoofingAware,min_benign_spoofer_distance_now_m,60.75,98.254814076357
Scenario_Corners_4x1_Aware-#0-gcs.csv,SpoofingAware,min_benign_spoofer_distance_now_m,61.0,98.884746918349
Scenario_Corners_4x1_Aware-#0-gcs.csv,SpoofingAware,min_benign_spoofer_distance_now_m,61.25,99.524694394076
Scenario_Corners_4x1_Aware-#0-gcs.csv,SpoofingAware,min_benign_spoofer_distance_now_m,61.5,100.17694316938
Scenario_Corners_4x1_Aware-#0-gcs.csv,SpoofingAware,min_benign_spoofer_distance_now_m,61.75,100.83711922133
Scenario_Corners_4x1_Aware-#0-gcs.csv,SpoofingAware,min_benign_spoofer_distance_now_m,62.0,101.50731004066
Scenario_Corners_4x1_Aware-#0-gcs.csv,SpoofingAware,min_benign_spoofer_distance_now_m,62.25,102.1847627823
Scenario_Corners_4x1_Aware-#0-gcs.csv,SpoofingAware,min_benign_spoofer_distance_now_m,62.5,102.89063266091
Scenario_Corners_4x1_Aware-#0-gcs.csv,SpoofingAware,min_benign_spoofer_distance_now_m,62.75,103.64773567084
Scenario_Corners_4x1_Aware-#0-gcs.csv,SpoofingAware,min_benign_spoofer_distance_now_m,63.0,104.52660785817
Scenario_Corners_4x1_Aware-#0-gcs.csv,SpoofingAware,min_benign_spoofer_distance_now_m,63.25,105.57273222828
Scenario_Corners_4x1_Aware-#0-gcs.csv,SpoofingAware,min_benign_spoofer_distance_now_m,63.5,106.88796443078
Scenario_Corners_4x1_Aware-#0-gcs.csv,SpoofingAware,min_benign_spoofer_distance_now_m,63.75,108.56771619058
Scenario_Corners_4x1_Aware-#0-gcs.csv,SpoofingAware,min_benign_spoofer_distance_now_m,64.0,110.64235814788
Scenario_Corners_4x1_Aware-#0-gcs.csv,SpoofingAware,min_benign_spoofer_distance_now_m,64.25,113.02324539245
Scenario_Corners_4x1_Aware-#0-gcs.csv,SpoofingAware,min_benign_spoofer_distance_now_m,64.5,115.59085305345
Scenario_Corners_4x1_Aware-#0-gcs.csv,SpoofingAware,min_benign_spoofer_distance_now_m,64.75,118.20846528093
Scenario_Corners_4x1_Aware-#0-gcs.csv,SpoofingAware,min_benign_spoofer_distance_now_m,65.0,120.81585308525
Scenario_Corners_4x1_Aware-#0-gcs.csv,SpoofingAware,min_benign_spoofer_distance_now_m,65.25,123.40134517208
Scenario_Corners_4x1_Aware-#0-gcs.csv,SpoofingAware,min_benign_spoofer_distance_now_m,65.5,125.95890248598
Scenario_Corners_4x1_Aware-#0-gcs.csv,SpoofingAware,min_benign_spoofer_distance_now_m,65.75,128.44187327075
Scenario_Corners_4x1_Aware-#0-gcs.csv,SpoofingAware,min_benign_spoofer_distance_now_m,66.0,130.7869632151
Scenario_Corners_4x1_Aware-#0-gcs.csv,SpoofingAware,min_benign_spoofer_distance_now_m,66.25,132.95437256889
Scenario_Corners_4x1_Aware-#0-gcs.csv,SpoofingAware,min_benign_spoofer_distance_now_m,66.5,135.02869240745
Scenario_Corners_4x1_Aware-#0-gcs.csv,SpoofingAware,min_benign_spoofer_distance_now_m,66.75,137.14905064804
Scenario_Corners_4x1_Aware-#0-gcs.csv,SpoofingAware,min_benign_spoofer_distance_now_m,67.0,139.41549394148
Scenario_Corners_4x1_Aware-#0-gcs.csv,SpoofingAware,min_benign_spoofer_distance_now_m,67.25,141.88908289131
Scenario_Corners_4x1_Aware-#0-gcs.csv,SpoofingAware,min_benign_spoofer_distance_now_m,67.5,144.59667555246
Scenario_Corners_4x1_Aware-#0-gcs.csv,SpoofingAware,min_benign_spoofer_distance_now_m,67.75,147.49173317778
Scenario_Corners_4x1_Aware-#0-gcs.csv,SpoofingAware,min_benign_spoofer_distance_now_m,68.0,150.4432817292
Scenario_Corners_4x1_Aware-#0-gcs.csv,SpoofingAware,min_benign_spoofer_distance_now_m,68.25,153.32424189697
Scenario_Corners_4x1_Aware-#0-gcs.csv,SpoofingAware,min_benign_spoofer_distance_now_m,68.5,156.0662228273
Scenario_Corners_4x1_Aware-#0-gcs.csv,SpoofingAware,min_benign_spoofer_distance_now_m,68.75,158.64906423643
Scenario_Corners_4x1_Aware-#0-gcs.csv,SpoofingAware,min_benign_spoofer_distance_now_m,69.0,161.08741631268
Scenario_Corners_4x1_Aware-#0-gcs.csv,SpoofingAware,min_benign_spoofer_distance_now_m,69.25,163.41843318594
Scenario_Corners_4x1_Aware-#0-gcs.csv,SpoofingAware,min_benign_spoofer_distance_now_m,69.5,165.68493985052
Scenario_Corners_4x1_Aware-#0-gcs.csv,SpoofingAware,min_benign_spoofer_distance_now_m,69.75,167.92478068576
Scenario_Corners_4x1_Aware-#0-gcs.csv,SpoofingAware,min_benign_spoofer_distance_now_m,70.0,170.16757674359
Scenario_Corners_4x1_Aware-#0-gcs.csv,SpoofingAware,min_benign_spoofer_distance_now_m,70.25,172.43268598761
Scenario_Corners_4x1_Aware-#0-gcs.csv,SpoofingAware,min_benign_spoofer_distance_now_m,70.5,174.68554868095
Scenario_Corners_4x1_Aware-#0-gcs.csv,SpoofingAware,min_benign_spoofer_distance_now_m,70.75,176.83452548862
Scenario_Corners_4x1_Aware-#0-gcs.csv,SpoofingAware,min_benign_spoofer_distance_now_m,71.0,178.82366187127
Scenario_Corners_4x1_Aware-#0-gcs.csv,SpoofingAware,min_benign_spoofer_distance_now_m,71.25,180.6184866931
Scenario_Corners_4x1_Aware-#0-gcs.csv,SpoofingAware,min_benign_spoofer_distance_now_m,71.5,181.2741954164
Scenario_Corners_4x1_Aware-#0-gcs.csv,SpoofingAware,min_benign_spoofer_distance_now_m,71.75,180.26775367781
Scenario_Corners_4x1_Aware-#0-gcs.csv,SpoofingAware,min_benign_spoofer_distance_now_m,72.0,179.11545300621
Scenario_Corners_4x1_Aware-#0-gcs.csv,SpoofingAware,min_benign_spoofer_distance_now_m,72.25,177.76655468488
Scenario_Corners_4x1_Aware-#0-gcs.csv,SpoofingAware,min_benign_spoofer_distance_now_m,72.5,176.19014823477
Scenario_Corners_4x1_Aware-#0-gcs.csv,SpoofingAware,min_benign_spoofer_distance_now_m,72.75,174.38025162127
Scenario_Corners_4x1_Aware-#0-gcs.csv,SpoofingAware,min_benign_spoofer_distance_now_m,73.0,172.35518490417
Scenario_Corners_4x1_Aware-#0-gcs.csv,SpoofingAware,min_benign_spoofer_distance_now_m,73.25,170.18160373275
Scenario_Corners_4x1_Aware-#0-gcs.csv,SpoofingAware,min_benign_spoofer_distance_now_m,73.5,167.97785534736
Scenario_Corners_4x1_Aware-#0-gcs.csv,SpoofingAware,min_benign_spoofer_distance_now_m,73.75,165.83370644559
Scenario_Corners_4x1_Aware-#0-gcs.csv,SpoofingAware,min_benign_spoofer_distance_now_m,74.0,163.80341880141
Scenario_Corners_4x1_Aware-#0-gcs.csv,SpoofingAware,min_benign_spoofer_distance_now_m,74.25,161.92254732006
Scenario_Corners_4x1_Aware-#0-gcs.csv,SpoofingAware,min_benign_spoofer_distance_now_m,74.5,160.21499694644
Scenario_Corners_4x1_Aware-#0-gcs.csv,SpoofingAware,min_benign_spoofer_distance_now_m,74.75,158.7031340409
Scenario_Corners_4x1_Aware-#0-gcs.csv,SpoofingAware,min_benign_spoofer_distance_now_m,75.0,157.40425456687
Scenario_Corners_4x1_Aware-#0-gcs.csv,SpoofingAware,min_benign_spoofer_distance_now_m,75.25,156.31705414844
Scenario_Corners_4x1_Aware-#0-gcs.csv,SpoofingAware,min_benign_spoofer_distance_now_m,75.5,155.41563389705
Scenario_Corners_4x1_Aware-#0-gcs.csv,SpoofingAware,min_benign_spoofer_distance_now_m,75.75,154.6520144959
Scenario_Corners_4x1_Aware-#0-gcs.csv,SpoofingAware,min_benign_spoofer_distance_now_m,76.0,153.96571903772
Scenario_Corners_4x1_Aware-#0-gcs.csv,SpoofingAware,min_benign_spoofer_distance_now_m,76.25,153.27019298813
Scenario_Corners_4x1_Aware-#0-gcs.csv,SpoofingAware,min_benign_spoofer_distance_now_m,76.5,152.46191878597
Scenario_Corners_4x1_Aware-#0-gcs.csv,SpoofingAware,min_benign_spoofer_distance_now_m,76.75,151.48633610024
Scenario_Corners_4x1_Aware-#0-gcs.csv,SpoofingAware,min_benign_spoofer_distance_now_m,77.0,150.3337008967
Scenario_Corners_4x1_Aware-#0-gcs.csv,SpoofingAware,min_benign_spoofer_distance_now_m,77.25,149.0236738413
Scenario_Corners_4x1_Aware-#0-gcs.csv,SpoofingAware,min_benign_spoofer_distance_now_m,77.5,147.58951224417
Scenario_Corners_4x1_Aware-#0-gcs.csv,SpoofingAware,min_benign_spoofer_distance_now_m,77.75,146.0597390398
Scenario_Corners_4x1_Aware-#0-gcs.csv,SpoofingAware,min_benign_spoofer_distance_now_m,78.0,144.45610616681
Scenario_Corners_4x1_Aware-#0-gcs.csv,SpoofingAware,min_benign_spoofer_distance_now_m,78.25,142.79969161349
Scenario_Corners_4x1_Aware-#0-gcs.csv,SpoofingAware,min_benign_spoofer_distance_now_m,78.5,141.11364784419
Scenario_Corners_4x1_Aware-#0-gcs.csv,SpoofingAware,min_benign_spoofer_distance_now_m,78.75,139.42173498765
Scenario_Corners_4x1_Aware-#0-gcs.csv,SpoofingAware,min_benign_spoofer_distance_now_m,79.0,137.74512820734
Scenario_Corners_4x1_Aware-#0-gcs.csv,SpoofingAware,min_benign_spoofer_distance_now_m,79.25,136.11026760512
Scenario_Corners_4x1_Aware-#0-gcs.csv,SpoofingAware,min_benign_spoofer_distance_now_m,79.5,134.54284077847
Scenario_Corners_4x1_Aware-#0-gcs.csv,SpoofingAware,min_benign_spoofer_distance_now_m,79.75,133.03373082424
Scenario_Corners_4x1_Aware-#0-gcs.csv,SpoofingAware,min_benign_spoofer_distance_now_m,80.0,131.55090827778
Scenario_Corners_4x1_Aware-#0-gcs.csv,SpoofingAware,min_benign_spoofer_distance_now_m,80.25,130.0638074933
Scenario_Corners_4x1_Aware-#0-gcs.csv,SpoofingAware,min_benign_spoofer_distance_now_m,80.5,128.55970818121
Scenario_Corners_4x1_Aware-#0-gcs.csv,SpoofingAware,min_benign_spoofer_distance_now_m,80.75,127.04937353355
Scenario_Corners_4x1_Aware-#0-gcs.csv,SpoofingAware,min_benign_spoofer_distance_now_m,81.0,125.5601349965
Scenario_Corners_4x1_Aware-#0-gcs.csv,SpoofingAware,min_benign_spoofer_distance_now_m,81.25,124.12500705265
Scenario_Corners_4x1_Aware-#0-gcs.csv,SpoofingAware,min_benign_spoofer_distance_now_m,81.5,122.77350810478
Scenario_Corners_4x1_Aware-#0-gcs.csv,SpoofingAware,min_benign_spoofer_distance_now_m,81.75,121.5254281457
Scenario_Corners_4x1_Aware-#0-gcs.csv,SpoofingAware,min_benign_spoofer_distance_now_m,82.0,120.38879294958
Scenario_Corners_4x1_Aware-#0-gcs.csv,SpoofingAware,min_benign_spoofer_distance_now_m,82.25,119.34828975442
Scenario_Corners_4x1_Aware-#0-gcs.csv,SpoofingAware,min_benign_spoofer_distance_now_m,82.5,118.35849810543
Scenario_Corners_4x1_Aware-#0-gcs.csv,SpoofingAware,min_benign_spoofer_distance_now_m,82.75,117.37699682158
Scenario_Corners_4x1_Aware-#0-gcs.csv,SpoofingAware,min_benign_spoofer_distance_now_m,83.0,116.36841607197
Scenario_Corners_4x1_Aware-#0-gcs.csv,SpoofingAware,min_benign_spoofer_distance_now_m,83.25,115.29999706537
Scenario_Corners_4x1_Aware-#0-gcs.csv,SpoofingAware,min_benign_spoofer_distance_now_m,83.5,114.14227765168
Scenario_Corners_4x1_Aware-#0-gcs.csv,SpoofingAware,min_benign_spoofer_distance_now_m,83.75,112.86714037873
Scenario_Corners_4x1_Aware-#0-gcs.csv,SpoofingAware,min_benign_spoofer_distance_now_m,84.0,111.45403587723
Scenario_Corners_4x1_Aware-#0-gcs.csv,SpoofingAware,min_benign_spoofer_distance_now_m,84.25,109.90004804332
Scenario_Corners_4x1_Aware-#0-gcs.csv,SpoofingAware,min_benign_spoofer_distance_now_m,84.5,108.22564926803
Scenario_Corners_4x1_Aware-#0-gcs.csv,SpoofingAware,min_benign_spoofer_distance_now_m,84.75,106.4747372232
Scenario_Corners_4x1_Aware-#0-gcs.csv,SpoofingAware,min_benign_spoofer_distance_now_m,85.0,104.70757322206
Scenario_Corners_4x1_Aware-#0-gcs.csv,SpoofingAware,min_benign_spoofer_distance_now_m,85.25,102.99868159046
Scenario_Corners_4x1_Aware-#0-gcs.csv,SpoofingAware,min_benign_spoofer_distance_now_m,85.5,101.41914321831
Scenario_Corners_4x1_Aware-#0-gcs.csv,SpoofingAware,min_benign_spoofer_distance_now_m,85.75,100.02641519643
Scenario_Corners_4x1_Aware-#0-gcs.csv,SpoofingAware,min_benign_spoofer_distance_now_m,86.0,98.881775560085
Scenario_Corners_4x1_Aware-#0-gcs.csv,SpoofingAware,min_benign_spoofer_distance_now_m,86.25,98.016786890703
Scenario_Corners_4x1_Aware-#0-gcs.csv,SpoofingAware,min_benign_spoofer_distance_now_m,86.5,97.426448140962
Scenario_Corners_4x1_Aware-#0-gcs.csv,SpoofingAware,min_benign_spoofer_distance_now_m,86.75,97.093182796913
Scenario_Corners_4x1_Aware-#0-gcs.csv,SpoofingAware,min_benign_spoofer_distance_now_m,87.0,96.991715322396
Scenario_Corners_4x1_Aware-#0-gcs.csv,SpoofingAware,min_benign_spoofer_distance_now_m,87.25,97.098605699418
Scenario_Corners_4x1_Aware-#0-gcs.csv,SpoofingAware,min_benign_spoofer_distance_now_m,87.5,97.402128590943
Scenario_Corners_4x1_Aware-#0-gcs.csv,SpoofingAware,min_benign_spoofer_distance_now_m,87.75,97.88315197526
Scenario_Corners_4x1_Aware-#0-gcs.csv,SpoofingAware,min_benign_spoofer_distance_now_m,88.0,98.491791978487
Scenario_Corners_4x1_Aware-#0-gcs.csv,SpoofingAware,min_benign_spoofer_distance_now_m,88.25,99.16225341834
Scenario_Corners_4x1_Aware-#0-gcs.csv,SpoofingAware,min_benign_spoofer_distance_now_m,88.5,99.835446500306
Scenario_Corners_4x1_Aware-#0-gcs.csv,SpoofingAware,min_benign_spoofer_distance_now_m,88.75,100.45216224918
Scenario_Corners_4x1_Aware-#0-gcs.csv,SpoofingAware,min_benign_spoofer_distance_now_m,89.0,100.95784490394
Scenario_Corners_4x1_Aware-#0-gcs.csv,SpoofingAware,min_benign_spoofer_distance_now_m,89.25,101.30486145276
Scenario_Corners_4x1_Aware-#0-gcs.csv,SpoofingAware,min_benign_spoofer_distance_now_m,89.5,101.45907689612
Scenario_Corners_4x1_Aware-#0-gcs.csv,SpoofingAware,min_benign_spoofer_distance_now_m,89.75,101.42120643529
Scenario_Corners_4x1_Aware-#0-gcs.csv,SpoofingAware,min_benign_spoofer_distance_now_m,90.0,101.2320368452
Scenario_Corners_4x1_Aware-#0-gcs.csv,SpoofingAware,min_benign_spoofer_distance_now_m,90.25,100.95510186886
Scenario_Corners_4x1_Aware-#0-gcs.csv,SpoofingAware,min_benign_spoofer_distance_now_m,90.5,100.65532210985
Scenario_Corners_4x1_Aware-#0-gcs.csv,SpoofingAware,min_benign_spoofer_distance_now_m,90.75,100.38760877604
Scenario_Corners_4x1_Aware-#0-gcs.csv,SpoofingAware,min_benign_spoofer_distance_now_m,91.0,100.19132565915
Scenario_Corners_4x1_Aware-#0-gcs.csv,SpoofingAware,min_benign_spoofer_distance_now_m,91.25,100.08993555282
Scenario_Corners_4x1_Aware-#0-gcs.csv,SpoofingAware,min_benign_spoofer_distance_now_m,91.5,100.08891307519
Scenario_Corners_4x1_Aware-#0-gcs.csv,SpoofingAware,min_benign_spoofer_distance_now_m,91.75,100.1639268541
Scenario_Corners_4x1_Aware-#0-gcs.csv,SpoofingAware,min_benign_spoofer_distance_now_m,92.0,100.2734488781
Scenario_Corners_4x1_Aware-#0-gcs.csv,SpoofingAware,min_benign_spoofer_distance_now_m,92.25,100.37773174522
Scenario_Corners_4x1_Aware-#0-gcs.csv,SpoofingAware,min_benign_spoofer_distance_now_m,92.5,100.45012299767
Scenario_Corners_4x1_Aware-#0-gcs.csv,SpoofingAware,min_benign_spoofer_distance_now_m,92.75,100.48249236074
Scenario_Corners_4x1_Aware-#0-gcs.csv,SpoofingAware,min_benign_spoofer_distance_now_m,93.0,100.48178244392
Scenario_Corners_4x1_Aware-#0-gcs.csv,SpoofingAware,min_benign_spoofer_distance_now_m,93.25,100.46489745619
Scenario_Corners_4x1_Aware-#0-gcs.csv,SpoofingAware,min_benign_spoofer_distance_now_m,93.5,100.45308434276
Scenario_Corners_4x1_Aware-#0-gcs.csv,SpoofingAware,min_benign_spoofer_distance_now_m,93.75,100.46588376496
Scenario_Corners_4x1_Aware-#0-gcs.csv,SpoofingAware,min_benign_spoofer_distance_now_m,94.0,100.51735201667
Scenario_Corners_4x1_Aware-#0-gcs.csv,SpoofingAware,min_benign_spoofer_distance_now_m,94.25,100.60554366022
Scenario_Corners_4x1_Aware-#0-gcs.csv,SpoofingAware,min_benign_spoofer_distance_now_m,94.5,100.72145834408
Scenario_Corners_4x1_Aware-#0-gcs.csv,SpoofingAware,min_benign_spoofer_distance_now_m,94.75,100.8503309795
Scenario_Corners_4x1_Aware-#0-gcs.csv,SpoofingAware,min_benign_spoofer_distance_now_m,95.0,100.97107771268
Scenario_Corners_4x1_Aware-#0-gcs.csv,SpoofingAware,min_benign_spoofer_distance_now_m,95.25,101.0635636826
Scenario_Corners_4x1_Aware-#0-gcs.csv,SpoofingAware,min_benign_spoofer_distance_now_m,95.5,101.11089449114
Scenario_Corners_4x1_Aware-#0-gcs.csv,SpoofingAware,min_benign_spoofer_distance_now_m,95.75,101.10078192867
Scenario_Corners_4x1_Aware-#0-gcs.csv,SpoofingAware,min_benign_spoofer_distance_now_m,96.0,101.03137452815
Scenario_Corners_4x1_Aware-#0-gcs.csv,SpoofingAware,min_benign_spoofer_distance_now_m,96.25,100.91459631545
Scenario_Corners_4x1_Aware-#0-gcs.csv,SpoofingAware,min_benign_spoofer_distance_now_m,96.5,100.77490557545
Scenario_Corners_4x1_Aware-#0-gcs.csv,SpoofingAware,min_benign_spoofer_distance_now_m,96.75,100.64466126116
Scenario_Corners_4x1_Aware-#0-gcs.csv,SpoofingAware,min_benign_spoofer_distance_now_m,97.0,100.55736415888
Scenario_Corners_4x1_Aware-#0-gcs.csv,SpoofingAware,min_benign_spoofer_distance_now_m,97.25,100.53428172911
Scenario_Corners_4x1_Aware-#0-gcs.csv,SpoofingAware,min_benign_spoofer_distance_now_m,97.5,100.57393480137
Scenario_Corners_4x1_Aware-#0-gcs.csv,SpoofingAware,min_benign_spoofer_distance_now_m,97.75,100.65671632488
Scenario_Corners_4x1_Aware-#0-gcs.csv,SpoofingAware,min_benign_spoofer_distance_now_m,98.0,100.75437737377
Scenario_Corners_4x1_Aware-#0-gcs.csv,SpoofingAware,min_benign_spoofer_distance_now_m,98.25,100.84026887363
Scenario_Corners_4x1_Aware-#0-gcs.csv,SpoofingAware,min_benign_spoofer_distance_now_m,98.5,100.89400574089
Scenario_Corners_4x1_Aware-#0-gcs.csv,SpoofingAware,min_benign_spoofer_distance_now_m,98.75,100.90255710121
Scenario_Corners_4x1_Aware-#0-gcs.csv,SpoofingAware,min_benign_spoofer_distance_now_m,99.0,100.86225747865
Scenario_Corners_4x1_Aware-#0-gcs.csv,SpoofingAware,min_benign_spoofer_distance_now_m,99.25,100.78015658195
Scenario_Corners_4x1_Aware-#0-gcs.csv,SpoofingAware,min_benign_spoofer_distance_now_m,99.5,100.67359643766
Scenario_Corners_4x1_Aware-#0-gcs.csv,SpoofingAware,min_benign_spoofer_distance_now_m,99.75,100.56817088279
Scenario_Corners_4x1_Aware-#0-gcs.csv,SpoofingAware,min_benign_spoofer_distance_now_m,100.0,100.49342971008
Scenario_Corners_4x1_Aware-#0-gcs.csv,SpoofingAware,min_benign_spoofer_distance_running_min_m,0.25,0.0
Scenario_Corners_4x1_Aware-#0-gcs.csv,SpoofingAware,min_benign_spoofer_distance_running_min_m,0.5,0.0
Scenario_Corners_4x1_Aware-#0-gcs.csv,SpoofingAware,min_benign_spoofer_distance_running_min_m,0.75,0.0
Scenario_Corners_4x1_Aware-#0-gcs.csv,SpoofingAware,min_benign_spoofer_distance_running_min_m,1.0,0.0
Scenario_Corners_4x1_Aware-#0-gcs.csv,SpoofingAware,min_benign_spoofer_distance_running_min_m,1.25,0.0
Scenario_Corners_4x1_Aware-#0-gcs.csv,SpoofingAware,min_benign_spoofer_distance_running_min_m,1.5,0.0
Scenario_Corners_4x1_Aware-#0-gcs.csv,SpoofingAware,min_benign_spoofer_distance_running_min_m,1.75,0.0
Scenario_Corners_4x1_Aware-#0-gcs.csv,SpoofingAware,min_benign_spoofer_distance_running_min_m,2.0,0.0
Scenario_Corners_4x1_Aware-#0-gcs.csv,SpoofingAware,min_benign_spoofer_distance_running_min_m,2.25,0.0
Scenario_Corners_4x1_Aware-#0-gcs.csv,SpoofingAware,min_benign_spoofer_distance_running_min_m,2.5,0.0
Scenario_Corners_4x1_Aware-#0-gcs.csv,SpoofingAware,min_benign_spoofer_distance_running_min_m,2.75,0.0
Scenario_Corners_4x1_Aware-#0-gcs.csv,SpoofingAware,min_benign_spoofer_distance_running_min_m,3.0,0.0
Scenario_Corners_4x1_Aware-#0-gcs.csv,SpoofingAware,min_benign_spoofer_distance_running_min_m,3.25,0.0
Scenario_Corners_4x1_Aware-#0-gcs.csv,SpoofingAware,min_benign_spoofer_distance_running_min_m,3.5,0.0
Scenario_Corners_4x1_Aware-#0-gcs.csv,SpoofingAware,min_benign_spoofer_distance_running_min_m,3.75,0.0
Scenario_Corners_4x1_Aware-#0-gcs.csv,SpoofingAware,min_benign_spoofer_distance_running_min_m,4.0,0.0
Scenario_Corners_4x1_Aware-#0-gcs.csv,SpoofingAware,min_benign_spoofer_distance_running_min_m,4.25,0.0
Scenario_Corners_4x1_Aware-#0-gcs.csv,SpoofingAware,min_benign_spoofer_distance_running_min_m,4.5,0.0
Scenario_Corners_4x1_Aware-#0-gcs.csv,SpoofingAware,min_benign_spoofer_distance_running_min_m,4.75,0.0
Scenario_Corners_4x1_Aware-#0-gcs.csv,SpoofingAware,min_benign_spoofer_distance_running_min_m,5.0,0.0
Scenario_Corners_4x1_Aware-#0-gcs.csv,SpoofingAware,min_benign_spoofer_distance_running_min_m,5.25,0.0
Scenario_Corners_4x1_Aware-#0-gcs.csv,SpoofingAware,min_benign_spoofer_distance_running_min_m,5.5,0.0
Scenario_Corners_4x1_Aware-#0-gcs.csv,SpoofingAware,min_benign_spoofer_distance_running_min_m,5.75,0.0
Scenario_Corners_4x1_Aware-#0-gcs.csv,SpoofingAware,min_benign_spoofer_distance_running_min_m,6.0,0.0
Scenario_Corners_4x1_Aware-#0-gcs.csv,SpoofingAware,min_benign_spoofer_distance_running_min_m,6.25,0.0
Scenario_Corners_4x1_Aware-#0-gcs.csv,SpoofingAware,min_benign_spoofer_distance_running_min_m,6.5,0.0
Scenario_Corners_4x1_Aware-#0-gcs.csv,SpoofingAware,min_benign_spoofer_distance_running_min_m,6.75,0.0
Scenario_Corners_4x1_Aware-#0-gcs.csv,SpoofingAware,min_benign_spoofer_distance_running_min_m,7.0,0.0
Scenario_Corners_4x1_Aware-#0-gcs.csv,SpoofingAware,min_benign_spoofer_distance_running_min_m,7.25,0.0
Scenario_Corners_4x1_Aware-#0-gcs.csv,SpoofingAware,min_benign_spoofer_distance_running_min_m,7.5,0.0
Scenario_Corners_4x1_Aware-#0-gcs.csv,SpoofingAware,min_benign_spoofer_distance_running_min_m,7.75,0.0
Scenario_Corners_4x1_Aware-#0-gcs.csv,SpoofingAware,min_benign_spoofer_distance_running_min_m,8.0,0.0
Scenario_Corners_4x1_Aware-#0-gcs.csv,SpoofingAware,min_benign_spoofer_distance_running_min_m,8.25,0.0
Scenario_Corners_4x1_Aware-#0-gcs.csv,SpoofingAware,min_benign_spoofer_distance_running_min_m,8.5,0.0
Scenario_Corners_4x1_Aware-#0-gcs.csv,SpoofingAware,min_benign_spoofer_distance_running_min_m,8.75,0.0
Scenario_Corners_4x1_Aware-#0-gcs.csv,SpoofingAware,min_benign_spoofer_distance_running_min_m,9.0,0.0
Scenario_Corners_4x1_Aware-#0-gcs.csv,SpoofingAware,min_benign_spoofer_distance_running_min_m,9.25,0.0
Scenario_Corners_4x1_Aware-#0-gcs.csv,SpoofingAware,min_benign_spoofer_distance_running_min_m,9.5,0.0
Scenario_Corners_4x1_Aware-#0-gcs.csv,SpoofingAware,min_benign_spoofer_distance_running_min_m,9.75,0.0
Scenario_Corners_4x1_Aware-#0-gcs.csv,SpoofingAware,min_benign_spoofer_distance_running_min_m,10.0,0.0
Scenario_Corners_4x1_Aware-#0-gcs.csv,SpoofingAware,min_benign_spoofer_distance_running_min_m,10.25,0.0
Scenario_Corners_4x1_Aware-#0-gcs.csv,SpoofingAware,min_benign_spoofer_distance_running_min_m,10.5,0.0
Scenario_Corners_4x1_Aware-#0-gcs.csv,SpoofingAware,min_benign_spoofer_distance_running_min_m,10.75,0.0
Scenario_Corners_4x1_Aware-#0-gcs.csv,SpoofingAware,min_benign_spoofer_distance_running_min_m,11.0,0.0
Scenario_Corners_4x1_Aware-#0-gcs.csv,SpoofingAware,min_benign_spoofer_distance_running_min_m,11.25,0.0
Scenario_Corners_4x1_Aware-#0-gcs.csv,SpoofingAware,min_benign_spoofer_distance_running_min_m,11.5,0.0
Scenario_Corners_4x1_Aware-#0-gcs.csv,SpoofingAware,min_benign_spoofer_distance_running_min_m,11.75,0.0
Scenario_Corners_4x1_Aware-#0-gcs.csv,SpoofingAware,min_benign_spoofer_distance_running_min_m,12.0,0.0
Scenario_Corners_4x1_Aware-#0-gcs.csv,SpoofingAware,min_benign_spoofer_distance_running_min_m,12.25,0.0
Scenario_Corners_4x1_Aware-#0-gcs.csv,SpoofingAware,min_benign_spoofer_distance_running_min_m,12.5,0.0
Scenario_Corners_4x1_Aware-#0-gcs.csv,SpoofingAware,min_benign_spoofer_distance_running_min_m,12.75,0.0
Scenario_Corners_4x1_Aware-#0-gcs.csv,SpoofingAware,min_benign_spoofer_distance_running_min_m,13.0,0.0
Scenario_Corners_4x1_Aware-#0-gcs.csv,SpoofingAware,min_benign_spoofer_distance_running_min_m,13.25,0.0
Scenario_Corners_4x1_Aware-#0-gcs.csv,SpoofingAware,min_benign_spoofer_distance_running_min_m,13.5,0.0
Scenario_Corners_4x1_Aware-#0-gcs.csv,SpoofingAware,min_benign_spoofer_distance_running_min_m,13.75,0.0
Scenario_Corners_4x1_Aware-#0-gcs.csv,SpoofingAware,min_benign_spoofer_distance_running_min_m,14.0,0.0
Scenario_Corners_4x1_Aware-#0-gcs.csv,SpoofingAware,min_benign_spoofer_distance_running_min_m,14.25,0.0
Scenario_Corners_4x1_Aware-#0-gcs.csv,SpoofingAware,min_benign_spoofer_distance_running_min_m,14.5,0.0
Scenario_Corners_4x1_Aware-#0-gcs.csv,SpoofingAware,min_benign_spoofer_distance_running_min_m,14.75,0.0
Scenario_Corners_4x1_Aware-#0-gcs.csv,SpoofingAware,min_benign_spoofer_distance_running_min_m,15.0,0.0
Scenario_Corners_4x1_Aware-#0-gcs.csv,SpoofingAware,min_benign_spoofer_distance_running_min_m,15.25,0.0
Scenario_Corners_4x1_Aware-#0-gcs.csv,SpoofingAware,min_benign_spoofer_distance_running_min_m,15.5,0.0
Scenario_Corners_4x1_Aware-#0-gcs.csv,SpoofingAware,min_benign_spoofer_distance_running_min_m,15.75,0.0
Scenario_Corners_4x1_Aware-#0-gcs.csv,SpoofingAware,min_benign_spoofer_distance_running_min_m,16.0,0.0
Scenario_Corners_4x1_Aware-#0-gcs.csv,SpoofingAware,min_benign_spoofer_distance_running_min_m,16.25,0.0
Scenario_Corners_4x1_Aware-#0-gcs.csv,SpoofingAware,min_benign_spoofer_distance_running_min_m,16.5,0.0
Scenario_Corners_4x1_Aware-#0-gcs.csv,SpoofingAware,min_benign_spoofer_distance_running_min_m,16.75,0.0
Scenario_Corners_4x1_Aware-#0-gcs.csv,SpoofingAware,min_benign_spoofer_distance_running_min_m,17.0,0.0
Scenario_Corners_4x1_Aware-#0-gcs.csv,SpoofingAware,min_benign_spoofer_distance_running_min_m,17.25,0.0
Scenario_Corners_4x1_Aware-#0-gcs.csv,SpoofingAware,min_benign_spoofer_distance_running_min_m,17.5,0.0
Scenario_Corners_4x1_Aware-#0-gcs.csv,SpoofingAware,min_benign_spoofer_distance_running_min_m,17.75,0.0
Scenario_Corners_4x1_Aware-#0-gcs.csv,SpoofingAware,min_benign_spoofer_distance_running_min_m,18.0,0.0
Scenario_Corners_4x1_Aware-#0-gcs.csv,SpoofingAware,min_benign_spoofer_distance_running_min_m,18.25,0.0
Scenario_Corners_4x1_Aware-#0-gcs.csv,SpoofingAware,min_benign_spoofer_distance_running_min_m,18.5,0.0
Scenario_Corners_4x1_Aware-#0-gcs.csv,SpoofingAware,min_benign_spoofer_distance_running_min_m,18.75,0.0
Scenario_Corners_4x1_Aware-#0-gcs.csv,SpoofingAware,min_benign_spoofer_distance_running_min_m,19.0,0.0
Scenario_Corners_4x1_Aware-#0-gcs.csv,SpoofingAware,min_benign_spoofer_distance_running_min_m,19.25,0.0
Scenario_Corners_4x1_Aware-#0-gcs.csv,SpoofingAware,min_benign_spoofer_distance_running_min_m,19.5,0.0
Scenario_Corners_4x1_Aware-#0-gcs.csv,SpoofingAware,min_benign_spoofer_distance_running_min_m,19.75,0.0
Scenario_Corners_4x1_Aware-#0-gcs.csv,SpoofingAware,min_benign_spoofer_distance_running_min_m,20.0,0.0
Scenario_Corners_4x1_Aware-#0-gcs.csv,SpoofingAware,min_benign_spoofer_distance_running_min_m,20.25,0.0
Scenario_Corners_4x1_Aware-#0-gcs.csv,SpoofingAware,min_benign_spoofer_distance_running_min_m,20.5,0.0
Scenario_Corners_4x1_Aware-#0-gcs.csv,SpoofingAware,min_benign_spoofer_distance_running_min_m,20.75,0.0
Scenario_Corners_4x1_Aware-#0-gcs.csv,SpoofingAware,min_benign_spoofer_distance_running_min_m,21.0,0.0
Scenario_Corners_4x1_Aware-#0-gcs.csv,SpoofingAware,min_benign_spoofer_distance_running_min_m,21.25,0.0
Scenario_Corners_4x1_Aware-#0-gcs.csv,SpoofingAware,min_benign_spoofer_distance_running_min_m,21.5,0.0
Scenario_Corners_4x1_Aware-#0-gcs.csv,SpoofingAware,min_benign_spoofer_distance_running_min_m,21.75,0.0
Scenario_Corners_4x1_Aware-#0-gcs.csv,SpoofingAware,min_benign_spoofer_distance_running_min_m,22.0,0.0
Scenario_Corners_4x1_Aware-#0-gcs.csv,SpoofingAware,min_benign_spoofer_distance_running_min_m,22.25,0.0
Scenario_Corners_4x1_Aware-#0-gcs.csv,SpoofingAware,min_benign_spoofer_distance_running_min_m,22.5,0.0
Scenario_Corners_4x1_Aware-#0-gcs.csv,SpoofingAware,min_benign_spoofer_distance_running_min_m,22.75,0.0
Scenario_Corners_4x1_Aware-#0-gcs.csv,SpoofingAware,min_benign_spoofer_distance_running_min_m,23.0,0.0
Scenario_Corners_4x1_Aware-#0-gcs.csv,SpoofingAware,min_benign_spoofer_distance_running_min_m,23.25,0.0
Scenario_Corners_4x1_Aware-#0-gcs.csv,SpoofingAware,min_benign_spoofer_distance_running_min_m,23.5,0.0
Scenario_Corners_4x1_Aware-#0-gcs.csv,SpoofingAware,min_benign_spoofer_distance_running_min_m,23.75,0.0
Scenario_Corners_4x1_Aware-#0-gcs.csv,SpoofingAware,min_benign_spoofer_distance_running_min_m,24.0,0.0
Scenario_Corners_4x1_Aware-#0-gcs.csv,SpoofingAware,min_benign_spoofer_distance_running_min_m,24.25,0.0
Scenario_Corners_4x1_Aware-#0-gcs.csv,SpoofingAware,min_benign_spoofer_distance_running_min_m,24.5,0.0
Scenario_Corners_4x1_Aware-#0-gcs.csv,SpoofingAware,min_benign_spoofer_distance_running_min_m,24.75,0.0
Scenario_Corners_4x1_Aware-#0-gcs.csv,SpoofingAware,min_benign_spoofer_distance_running_min_m,25.0,0.0
Scenario_Corners_4x1_Aware-#0-gcs.csv,SpoofingAware,min_benign_spoofer_distance_running_min_m,25.25,0.0
Scenario_Corners_4x1_Aware-#0-gcs.csv,SpoofingAware,min_benign_spoofer_distance_running_min_m,25.5,0.0
Scenario_Corners_4x1_Aware-#0-gcs.csv,SpoofingAware,min_benign_spoofer_distance_running_min_m,25.75,0.0
Scenario_Corners_4x1_Aware-#0-gcs.csv,SpoofingAware,min_benign_spoofer_distance_running_min_m,26.0,0.0
Scenario_Corners_4x1_Aware-#0-gcs.csv,SpoofingAware,min_benign_spoofer_distance_running_min_m,26.25,0.0
Scenario_Corners_4x1_Aware-#0-gcs.csv,SpoofingAware,min_benign_spoofer_distance_running_min_m,26.5,0.0
Scenario_Corners_4x1_Aware-#0-gcs.csv,SpoofingAware,min_benign_spoofer_distance_running_min_m,26.75,0.0
Scenario_Corners_4x1_Aware-#0-gcs.csv,SpoofingAware,min_benign_spoofer_distance_running_min_m,27.0,0.0
Scenario_Corners_4x1_Aware-#0-gcs.csv,SpoofingAware,min_benign_spoofer_distance_running_min_m,27.25,0.0
Scenario_Corners_4x1_Aware-#0-gcs.csv,SpoofingAware,min_benign_spoofer_distance_running_min_m,27.5,0.0
Scenario_Corners_4x1_Aware-#0-gcs.csv,SpoofingAware,min_benign_spoofer_distance_running_min_m,27.75,0.0
Scenario_Corners_4x1_Aware-#0-gcs.csv,SpoofingAware,min_benign_spoofer_distance_running_min_m,28.0,0.0
Scenario_Corners_4x1_Aware-#0-gcs.csv,SpoofingAware,min_benign_spoofer_distance_running_min_m,28.25,0.0
Scenario_Corners_4x1_Aware-#0-gcs.csv,SpoofingAware,min_benign_spoofer_distance_running_min_m,28.5,0.0
Scenario_Corners_4x1_Aware-#0-gcs.csv,SpoofingAware,min_benign_spoofer_distance_running_min_m,28.75,0.0
Scenario_Corners_4x1_Aware-#0-gcs.csv,SpoofingAware,min_benign_spoofer_distance_running_min_m,29.0,0.0
Scenario_Corners_4x1_Aware-#0-gcs.csv,SpoofingAware,min_benign_spoofer_distance_running_min_m,29.25,0.0
Scenario_Corners_4x1_Aware-#0-gcs.csv,SpoofingAware,min_benign_spoofer_distance_running_min_m,29.5,0.0
Scenario_Corners_4x1_Aware-#0-gcs.csv,SpoofingAware,min_benign_spoofer_distance_running_min_m,29.75,0.0
Scenario_Corners_4x1_Aware-#0-gcs.csv,SpoofingAware,min_benign_spoofer_distance_running_min_m,30.0,0.0
Scenario_Corners_4x1_Aware-#0-gcs.csv,SpoofingAware,min_benign_spoofer_distance_running_min_m,30.25,0.0
Scenario_Corners_4x1_Aware-#0-gcs.csv,SpoofingAware,min_benign_spoofer_distance_running_min_m,30.5,0.0
Scenario_Corners_4x1_Aware-#0-gcs.csv,SpoofingAware,min_benign_spoofer_distance_running_min_m,30.75,0.0
Scenario_Corners_4x1_Aware-#0-gcs.csv,SpoofingAware,min_benign_spoofer_distance_running_min_m,31.0,0.0
Scenario_Corners_4x1_Aware-#0-gcs.csv,SpoofingAware,min_benign_spoofer_distance_running_min_m,31.25,0.0
Scenario_Corners_4x1_Aware-#0-gcs.csv,SpoofingAware,min_benign_spoofer_distance_running_min_m,31.5,0.0
Scenario_Corners_4x1_Aware-#0-gcs.csv,SpoofingAware,min_benign_spoofer_distance_running_min_m,31.75,0.0
Scenario_Corners_4x1_Aware-#0-gcs.csv,SpoofingAware,min_benign_spoofer_distance_running_min_m,32.0,0.0
Scenario_Corners_4x1_Aware-#0-gcs.csv,SpoofingAware,min_benign_spoofer_distance_running_min_m,32.25,0.0
Scenario_Corners_4x1_Aware-#0-gcs.csv,SpoofingAware,min_benign_spoofer_distance_running_min_m,32.5,0.0
Scenario_Corners_4x1_Aware-#0-gcs.csv,SpoofingAware,min_benign_spoofer_distance_running_min_m,32.75,0.0
Scenario_Corners_4x1_Aware-#0-gcs.csv,SpoofingAware,min_benign_spoofer_distance_running_min_m,33.0,0.0
Scenario_Corners_4x1_Aware-#0-gcs.csv,SpoofingAware,min_benign_spoofer_distance_running_min_m,33.25,0.0
Scenario_Corners_4x1_Aware-#0-gcs.csv,SpoofingAware,min_benign_spoofer_distance_running_min_m,33.5,0.0
Scenario_Corners_4x1_Aware-#0-gcs.csv,SpoofingAware,min_benign_spoofer_distance_running_min_m,33.75,0.0
Scenario_Corners_4x1_Aware-#0-gcs.csv,SpoofingAware,min_benign_spoofer_distance_running_min_m,34.0,0.0
Scenario_Corners_4x1_Aware-#0-gcs.csv,SpoofingAware,min_benign_spoofer_distance_running_min_m,34.25,0.0
Scenario_Corners_4x1_Aware-#0-gcs.csv,SpoofingAware,min_benign_spoofer_distance_running_min_m,34.5,0.0
Scenario_Corners_4x1_Aware-#0-gcs.csv,SpoofingAware,min_benign_spoofer_distance_running_min_m,34.75,0.0
Scenario_Corners_4x1_Aware-#0-gcs.csv,SpoofingAware,min_benign_spoofer_distance_running_min_m,35.0,0.0
Scenario_Corners_4x1_Aware-#0-gcs.csv,SpoofingAware,min_benign_spoofer_distance_running_min_m,35.25,0.0
Scenario_Corners_4x1_Aware-#0-gcs.csv,SpoofingAware,min_benign_spoofer_distance_running_min_m,35.5,0.0
Scenario_Corners_4x1_Aware-#0-gcs.csv,SpoofingAware,min_benign_spoofer_distance_running_min_m,35.75,0.0
Scenario_Corners_4x1_Aware-#0-gcs.csv,SpoofingAware,min_benign_spoofer_distance_running_min_m,36.0,0.0
Scenario_Corners_4x1_Aware-#0-gcs.csv,SpoofingAware,min_benign_spoofer_distance_running_min_m,36.25,0.0
Scenario_Corners_4x1_Aware-#0-gcs.csv,SpoofingAware,min_benign_spoofer_distance_running_min_m,36.5,0.0
Scenario_Corners_4x1_Aware-#0-gcs.csv,SpoofingAware,min_benign_spoofer_distance_running_min_m,36.75,0.0
Scenario_Corners_4x1_Aware-#0-gcs.csv,SpoofingAware,min_benign_spoofer_distance_running_min_m,37.0,0.0
Scenario_Corners_4x1_Aware-#0-gcs.csv,SpoofingAware,min_benign_spoofer_distance_running_min_m,37.25,0.0
Scenario_Corners_4x1_Aware-#0-gcs.csv,SpoofingAware,min_benign_spoofer_distance_running_min_m,37.5,0.0
Scenario_Corners_4x1_Aware-#0-gcs.csv,SpoofingAware,min_benign_spoofer_distance_running_min_m,37.75,0.0
Scenario_Corners_4x1_Aware-#0-gcs.csv,SpoofingAware,min_benign_spoofer_distance_running_min_m,38.0,0.0
Scenario_Corners_4x1_Aware-#0-gcs.csv,SpoofingAware,min_benign_spoofer_distance_running_min_m,38.25,0.0
Scenario_Corners_4x1_Aware-#0-gcs.csv,SpoofingAware,min_benign_spoofer_distance_running_min_m,38.5,0.0
Scenario_Corners_4x1_Aware-#0-gcs.csv,SpoofingAware,min_benign_spoofer_distance_running_min_m,38.75,0.0
Scenario_Corners_4x1_Aware-#0-gcs.csv,SpoofingAware,min_benign_spoofer_distance_running_min_m,39.0,0.0
Scenario_Corners_4x1_Aware-#0-gcs.csv,SpoofingAware,min_benign_spoofer_distance_running_min_m,39.25,0.0
Scenario_Corners_4x1_Aware-#0-gcs.csv,SpoofingAware,min_benign_spoofer_distance_running_min_m,39.5,0.0
Scenario_Corners_4x1_Aware-#0-gcs.csv,SpoofingAware,min_benign_spoofer_distance_running_min_m,39.75,0.0
Scenario_Corners_4x1_Aware-#0-gcs.csv,SpoofingAware,min_benign_spoofer_distance_running_min_m,40.0,0.0
Scenario_Corners_4x1_Aware-#0-gcs.csv,SpoofingAware,min_benign_spoofer_distance_running_min_m,40.25,0.0
Scenario_Corners_4x1_Aware-#0-gcs.csv,SpoofingAware,min_benign_spoofer_distance_running_min_m,40.5,0.0
Scenario_Corners_4x1_Aware-#0-gcs.csv,SpoofingAware,min_benign_spoofer_distance_running_min_m,40.75,0.0
Scenario_Corners_4x1_Aware-#0-gcs.csv,SpoofingAware,min_benign_spoofer_distance_running_min_m,41.0,0.0
Scenario_Corners_4x1_Aware-#0-gcs.csv,SpoofingAware,min_benign_spoofer_distance_running_min_m,41.25,0.0
Scenario_Corners_4x1_Aware-#0-gcs.csv,SpoofingAware,min_benign_spoofer_distance_running_min_m,41.5,0.0
Scenario_Corners_4x1_Aware-#0-gcs.csv,SpoofingAware,min_benign_spoofer_distance_running_min_m,41.75,0.0
Scenario_Corners_4x1_Aware-#0-gcs.csv,SpoofingAware,min_benign_spoofer_distance_running_min_m,42.0,0.0
Scenario_Corners_4x1_Aware-#0-gcs.csv,SpoofingAware,min_benign_spoofer_distance_running_min_m,42.25,0.0
Scenario_Corners_4x1_Aware-#0-gcs.csv,SpoofingAware,min_benign_spoofer_distance_running_min_m,42.5,0.0
Scenario_Corners_4x1_Aware-#0-gcs.csv,SpoofingAware,min_benign_spoofer_distance_running_min_m,42.75,0.0
Scenario_Corners_4x1_Aware-#0-gcs.csv,SpoofingAware,min_benign_spoofer_distance_running_min_m,43.0,0.0
Scenario_Corners_4x1_Aware-#0-gcs.csv,SpoofingAware,min_benign_spoofer_distance_running_min_m,43.25,0.0
Scenario_Corners_4x1_Aware-#0-gcs.csv,SpoofingAware,min_benign_spoofer_distance_running_min_m,43.5,0.0
Scenario_Corners_4x1_Aware-#0-gcs.csv,SpoofingAware,min_benign_spoofer_distance_running_min_m,43.75,0.0
Scenario_Corners_4x1_Aware-#0-gcs.csv,SpoofingAware,min_benign_spoofer_distance_running_min_m,44.0,0.0
Scenario_Corners_4x1_Aware-#0-gcs.csv,SpoofingAware,min_benign_spoofer_distance_running_min_m,44.25,0.0
Scenario_Corners_4x1_Aware-#0-gcs.csv,SpoofingAware,min_benign_spoofer_distance_running_min_m,44.5,0.0
Scenario_Corners_4x1_Aware-#0-gcs.csv,SpoofingAware,min_benign_spoofer_distance_running_min_m,44.75,0.0
Scenario_Corners_4x1_Aware-#0-gcs.csv,SpoofingAware,min_benign_spoofer_distance_running_min_m,45.0,0.0
Scenario_Corners_4x1_Aware-#0-gcs.csv,SpoofingAware,min_benign_spoofer_distance_running_min_m,45.25,0.0
Scenario_Corners_4x1_Aware-#0-gcs.csv,SpoofingAware,min_benign_spoofer_distance_running_min_m,45.5,0.0
Scenario_Corners_4x1_Aware-#0-gcs.csv,SpoofingAware,min_benign_spoofer_distance_running_min_m,45.75,0.0
Scenario_Corners_4x1_Aware-#0-gcs.csv,SpoofingAware,min_benign_spoofer_distance_running_min_m,46.0,0.0
Scenario_Corners_4x1_Aware-#0-gcs.csv,SpoofingAware,min_benign_spoofer_distance_running_min_m,46.25,0.0
Scenario_Corners_4x1_Aware-#0-gcs.csv,SpoofingAware,min_benign_spoofer_distance_running_min_m,46.5,0.0
Scenario_Corners_4x1_Aware-#0-gcs.csv,SpoofingAware,min_benign_spoofer_distance_running_min_m,46.75,0.0
Scenario_Corners_4x1_Aware-#0-gcs.csv,SpoofingAware,min_benign_spoofer_distance_running_min_m,47.0,0.0
Scenario_Corners_4x1_Aware-#0-gcs.csv,SpoofingAware,min_benign_spoofer_distance_running_min_m,47.25,0.0
Scenario_Corners_4x1_Aware-#0-gcs.csv,SpoofingAware,min_benign_spoofer_distance_running_min_m,47.5,0.0
Scenario_Corners_4x1_Aware-#0-gcs.csv,SpoofingAware,min_benign_spoofer_distance_running_min_m,47.75,0.0
Scenario_Corners_4x1_Aware-#0-gcs.csv,SpoofingAware,min_benign_spoofer_distance_running_min_m,48.0,0.0
Scenario_Corners_4x1_Aware-#0-gcs.csv,SpoofingAware,min_benign_spoofer_distance_running_min_m,48.25,0.0
Scenario_Corners_4x1_Aware-#0-gcs.csv,SpoofingAware,min_benign_spoofer_distance_running_min_m,48.5,0.0
Scenario_Corners_4x1_Aware-#0-gcs.csv,SpoofingAware,min_benign_spoofer_distance_running_min_m,48.75,0.0
Scenario_Corners_4x1_Aware-#0-gcs.csv,SpoofingAware,min_benign_spoofer_distance_running_min_m,49.0,0.0
Scenario_Corners_4x1_Aware-#0-gcs.csv,SpoofingAware,min_benign_spoofer_distance_running_min_m,49.25,0.0
Scenario_Corners_4x1_Aware-#0-gcs.csv,SpoofingAware,min_benign_spoofer_distance_running_min_m,49.5,0.0
Scenario_Corners_4x1_Aware-#0-gcs.csv,SpoofingAware,min_benign_spoofer_distance_running_min_m,49.75,0.0
Scenario_Corners_4x1_Aware-#0-gcs.csv,SpoofingAware,min_benign_spoofer_distance_running_min_m,50.0,0.0
Scenario_Corners_4x1_Aware-#0-gcs.csv,SpoofingAware,min_benign_spoofer_distance_running_min_m,50.25,0.0
Scenario_Corners_4x1_Aware-#0-gcs.csv,SpoofingAware,min_benign_spoofer_distance_running_min_m,50.5,0.0
Scenario_Corners_4x1_Aware-#0-gcs.csv,SpoofingAware,min_benign_spoofer_distance_running_min_m,50.75,0.0
Scenario_Corners_4x1_Aware-#0-gcs.csv,SpoofingAware,min_benign_spoofer_distance_running_min_m,51.0,0.0
Scenario_Corners_4x1_Aware-#0-gcs.csv,SpoofingAware,min_benign_spoofer_distance_running_min_m,51.25,0.0
Scenario_Corners_4x1_Aware-#0-gcs.csv,SpoofingAware,min_benign_spoofer_distance_running_min_m,51.5,0.0
Scenario_Corners_4x1_Aware-#0-gcs.csv,SpoofingAware,min_benign_spoofer_distance_running_min_m,51.75,0.0
Scenario_Corners_4x1_Aware-#0-gcs.csv,SpoofingAware,min_benign_spoofer_distance_running_min_m,52.0,0.0
Scenario_Corners_4x1_Aware-#0-gcs.csv,SpoofingAware,min_benign_spoofer_distance_running_min_m,52.25,0.0
Scenario_Corners_4x1_Aware-#0-gcs.csv,SpoofingAware,min_benign_spoofer_distance_running_min_m,52.5,0.0
Scenario_Corners_4x1_Aware-#0-gcs.csv,SpoofingAware,min_benign_spoofer_distance_running_min_m,52.75,0.0
Scenario_Corners_4x1_Aware-#0-gcs.csv,SpoofingAware,min_benign_spoofer_distance_running_min_m,53.0,0.0
Scenario_Corners_4x1_Aware-#0-gcs.csv,SpoofingAware,min_benign_spoofer_distance_running_min_m,53.25,0.0
Scenario_Corners_4x1_Aware-#0-gcs.csv,SpoofingAware,min_benign_spoofer_distance_running_min_m,53.5,0.0
Scenario_Corners_4x1_Aware-#0-gcs.csv,SpoofingAware,min_benign_spoofer_distance_running_min_m,53.75,0.0
Scenario_Corners_4x1_Aware-#0-gcs.csv,SpoofingAware,min_benign_spoofer_distance_running_min_m,54.0,0.0
Scenario_Corners_4x1_Aware-#0-gcs.csv,SpoofingAware,min_benign_spoofer_distance_running_min_m,54.25,0.0
Scenario_Corners_4x1_Aware-#0-gcs.csv,SpoofingAware,min_benign_spoofer_distance_running_min_m,54.5,0.0
Scenario_Corners_4x1_Aware-#0-gcs.csv,SpoofingAware,min_benign_spoofer_distance_running_min_m,54.75,0.0
Scenario_Corners_4x1_Aware-#0-gcs.csv,SpoofingAware,min_benign_spoofer_distance_running_min_m,55.0,0.0
Scenario_Corners_4x1_Aware-#0-gcs.csv,SpoofingAware,min_benign_spoofer_distance_running_min_m,55.25,0.0
Scenario_Corners_4x1_Aware-#0-gcs.csv,SpoofingAware,min_benign_spoofer_distance_running_min_m,55.5,0.0
Scenario_Corners_4x1_Aware-#0-gcs.csv,SpoofingAware,min_benign_spoofer_distance_running_min_m,55.75,0.0
Scenario_Corners_4x1_Aware-#0-gcs.csv,SpoofingAware,min_benign_spoofer_distance_running_min_m,56.0,0.0
Scenario_Corners_4x1_Aware-#0-gcs.csv,SpoofingAware,min_benign_spoofer_distance_running_min_m,56.25,0.0
Scenario_Corners_4x1_Aware-#0-gcs.csv,SpoofingAware,min_benign_spoofer_distance_running_min_m,56.5,0.0
Scenario_Corners_4x1_Aware-#0-gcs.csv,SpoofingAware,min_benign_spoofer_distance_running_min_m,56.75,0.0
Scenario_Corners_4x1_Aware-#0-gcs.csv,SpoofingAware,min_benign_spoofer_distance_running_min_m,57.0,0.0
Scenario_Corners_4x1_Aware-#0-gcs.csv,SpoofingAware,min_benign_spoofer_distance_running_min_m,57.25,0.0
Scenario_Corners_4x1_Aware-#0-gcs.csv,SpoofingAware,min_benign_spoofer_distance_running_min_m,57.5,0.0
Scenario_Corners_4x1_Aware-#0-gcs.csv,SpoofingAware,min_benign_spoofer_distance_running_min_m,57.75,0.0
Scenario_Corners_4x1_Aware-#0-gcs.csv,SpoofingAware,min_benign_spoofer_distance_running_min_m,58.0,0.0
Scenario_Corners_4x1_Aware-#0-gcs.csv,SpoofingAware,min_benign_spoofer_distance_running_min_m,58.25,0.0
Scenario_Corners_4x1_Aware-#0-gcs.csv,SpoofingAware,min_benign_spoofer_distance_running_min_m,58.5,0.0
Scenario_Corners_4x1_Aware-#0-gcs.csv,SpoofingAware,min_benign_spoofer_distance_running_min_m,58.75,0.0
Scenario_Corners_4x1_Aware-#0-gcs.csv,SpoofingAware,min_benign_spoofer_distance_running_min_m,59.0,0.0
Scenario_Corners_4x1_Aware-#0-gcs.csv,SpoofingAware,min_benign_spoofer_distance_running_min_m,59.25,0.0
Scenario_Corners_4x1_Aware-#0-gcs.csv,SpoofingAware,min_benign_spoofer_distance_running_min_m,59.5,0.0
Scenario_Corners_4x1_Aware-#0-gcs.csv,SpoofingAware,min_benign_spoofer_distance_running_min_m,59.75,0.0
Scenario_Corners_4x1_Aware-#0-gcs.csv,SpoofingAware,min_benign_spoofer_distance_running_min_m,60.0,0.0
Scenario_Corners_4x1_Aware-#0-gcs.csv,SpoofingAware,min_benign_spoofer_distance_running_min_m,60.25,0.0
Scenario_Corners_4x1_Aware-#0-gcs.csv,SpoofingAware,min_benign_spoofer_distance_running_min_m,60.5,0.0
Scenario_Corners_4x1_Aware-#0-gcs.csv,SpoofingAware,min_benign_spoofer_distance_running_min_m,60.75,0.0
Scenario_Corners_4x1_Aware-#0-gcs.csv,SpoofingAware,min_benign_spoofer_distance_running_min_m,61.0,0.0
Scenario_Corners_4x1_Aware-#0-gcs.csv,SpoofingAware,min_benign_spoofer_distance_running_min_m,61.25,0.0
Scenario_Corners_4x1_Aware-#0-gcs.csv,SpoofingAware,min_benign_spoofer_distance_running_min_m,61.5,0.0
Scenario_Corners_4x1_Aware-#0-gcs.csv,SpoofingAware,min_benign_spoofer_distance_running_min_m,61.75,0.0
Scenario_Corners_4x1_Aware-#0-gcs.csv,SpoofingAware,min_benign_spoofer_distance_running_min_m,62.0,0.0
Scenario_Corners_4x1_Aware-#0-gcs.csv,SpoofingAware,min_benign_spoofer_distance_running_min_m,62.25,0.0
Scenario_Corners_4x1_Aware-#0-gcs.csv,SpoofingAware,min_benign_spoofer_distance_running_min_m,62.5,0.0
Scenario_Corners_4x1_Aware-#0-gcs.csv,SpoofingAware,min_benign_spoofer_distance_running_min_m,62.75,0.0
Scenario_Corners_4x1_Aware-#0-gcs.csv,SpoofingAware,min_benign_spoofer_distance_running_min_m,63.0,0.0
Scenario_Corners_4x1_Aware-#0-gcs.csv,SpoofingAware,min_benign_spoofer_distance_running_min_m,63.25,0.0
Scenario_Corners_4x1_Aware-#0-gcs.csv,SpoofingAware,min_benign_spoofer_distance_running_min_m,63.5,0.0
Scenario_Corners_4x1_Aware-#0-gcs.csv,SpoofingAware,min_benign_spoofer_distance_running_min_m,63.75,0.0
Scenario_Corners_4x1_Aware-#0-gcs.csv,SpoofingAware,min_benign_spoofer_distance_running_min_m,64.0,0.0
Scenario_Corners_4x1_Aware-#0-gcs.csv,SpoofingAware,min_benign_spoofer_distance_running_min_m,64.25,0.0
Scenario_Corners_4x1_Aware-#0-gcs.csv,SpoofingAware,min_benign_spoofer_distance_running_min_m,64.5,0.0
Scenario_Corners_4x1_Aware-#0-gcs.csv,SpoofingAware,min_benign_spoofer_distance_running_min_m,64.75,0.0
Scenario_Corners_4x1_Aware-#0-gcs.csv,SpoofingAware,min_benign_spoofer_distance_running_min_m,65.0,0.0
Scenario_Corners_4x1_Aware-#0-gcs.csv,SpoofingAware,min_benign_spoofer_distance_running_min_m,65.25,0.0
Scenario_Corners_4x1_Aware-#0-gcs.csv,SpoofingAware,min_benign_spoofer_distance_running_min_m,65.5,0.0
Scenario_Corners_4x1_Aware-#0-gcs.csv,SpoofingAware,min_benign_spoofer_distance_running_min_m,65.75,0.0
Scenario_Corners_4x1_Aware-#0-gcs.csv,SpoofingAware,min_benign_spoofer_distance_running_min_m,66.0,0.0
Scenario_Corners_4x1_Aware-#0-gcs.csv,SpoofingAware,min_benign_spoofer_distance_running_min_m,66.25,0.0
Scenario_Corners_4x1_Aware-#0-gcs.csv,SpoofingAware,min_benign_spoofer_distance_running_min_m,66.5,0.0
Scenario_Corners_4x1_Aware-#0-gcs.csv,SpoofingAware,min_benign_spoofer_distance_running_min_m,66.75,0.0
Scenario_Corners_4x1_Aware-#0-gcs.csv,SpoofingAware,min_benign_spoofer_distance_running_min_m,67.0,0.0
Scenario_Corners_4x1_Aware-#0-gcs.csv,SpoofingAware,min_benign_spoofer_distance_running_min_m,67.25,0.0
Scenario_Corners_4x1_Aware-#0-gcs.csv,SpoofingAware,min_benign_spoofer_distance_running_min_m,67.5,0.0
Scenario_Corners_4x1_Aware-#0-gcs.csv,SpoofingAware,min_benign_spoofer_distance_running_min_m,67.75,0.0
Scenario_Corners_4x1_Aware-#0-gcs.csv,SpoofingAware,min_benign_spoofer_distance_running_min_m,68.0,0.0
Scenario_Corners_4x1_Aware-#0-gcs.csv,SpoofingAware,min_benign_spoofer_distance_running_min_m,68.25,0.0
Scenario_Corners_4x1_Aware-#0-gcs.csv,SpoofingAware,min_benign_spoofer_distance_running_min_m,68.5,0.0
Scenario_Corners_4x1_Aware-#0-gcs.csv,SpoofingAware,min_benign_spoofer_distance_running_min_m,68.75,0.0
Scenario_Corners_4x1_Aware-#0-gcs.csv,SpoofingAware,min_benign_spoofer_distance_running_min_m,69.0,0.0
Scenario_Corners_4x1_Aware-#0-gcs.csv,SpoofingAware,min_benign_spoofer_distance_running_min_m,69.25,0.0
Scenario_Corners_4x1_Aware-#0-gcs.csv,SpoofingAware,min_benign_spoofer_distance_running_min_m,69.5,0.0
Scenario_Corners_4x1_Aware-#0-gcs.csv,SpoofingAware,min_benign_spoofer_distance_running_min_m,69.75,0.0
Scenario_Corners_4x1_Aware-#0-gcs.csv,SpoofingAware,min_benign_spoofer_distance_running_min_m,70.0,0.0
Scenario_Corners_4x1_Aware-#0-gcs.csv,SpoofingAware,min_benign_spoofer_distance_running_min_m,70.25,0.0
Scenario_Corners_4x1_Aware-#0-gcs.csv,SpoofingAware,min_benign_spoofer_distance_running_min_m,70.5,0.0
Scenario_Corners_4x1_Aware-#0-gcs.csv,SpoofingAware,min_benign_spoofer_distance_running_min_m,70.75,0.0
Scenario_Corners_4x1_Aware-#0-gcs.csv,SpoofingAware,min_benign_spoofer_distance_running_min_m,71.0,0.0
Scenario_Corners_4x1_Aware-#0-gcs.csv,SpoofingAware,min_benign_spoofer_distance_running_min_m,71.25,0.0
Scenario_Corners_4x1_Aware-#0-gcs.csv,SpoofingAware,min_benign_spoofer_distance_running_min_m,71.5,0.0
Scenario_Corners_4x1_Aware-#0-gcs.csv,SpoofingAware,min_benign_spoofer_distance_running_min_m,71.75,0.0
Scenario_Corners_4x1_Aware-#0-gcs.csv,SpoofingAware,min_benign_spoofer_distance_running_min_m,72.0,0.0
Scenario_Corners_4x1_Aware-#0-gcs.csv,SpoofingAware,min_benign_spoofer_distance_running_min_m,72.25,0.0
Scenario_Corners_4x1_Aware-#0-gcs.csv,SpoofingAware,min_benign_spoofer_distance_running_min_m,72.5,0.0
Scenario_Corners_4x1_Aware-#0-gcs.csv,SpoofingAware,min_benign_spoofer_distance_running_min_m,72.75,0.0
Scenario_Corners_4x1_Aware-#0-gcs.csv,SpoofingAware,min_benign_spoofer_distance_running_min_m,73.0,0.0
Scenario_Corners_4x1_Aware-#0-gcs.csv,SpoofingAware,min_benign_spoofer_distance_running_min_m,73.25,0.0
Scenario_Corners_4x1_Aware-#0-gcs.csv,SpoofingAware,min_benign_spoofer_distance_running_min_m,73.5,0.0
Scenario_Corners_4x1_Aware-#0-gcs.csv,SpoofingAware,min_benign_spoofer_distance_running_min_m,73.75,0.0
Scenario_Corners_4x1_Aware-#0-gcs.csv,SpoofingAware,min_benign_spoofer_distance_running_min_m,74.0,0.0
Scenario_Corners_4x1_Aware-#0-gcs.csv,SpoofingAware,min_benign_spoofer_distance_running_min_m,74.25,0.0
Scenario_Corners_4x1_Aware-#0-gcs.csv,SpoofingAware,min_benign_spoofer_distance_running_min_m,74.5,0.0
Scenario_Corners_4x1_Aware-#0-gcs.csv,SpoofingAware,min_benign_spoofer_distance_running_min_m,74.75,0.0
Scenario_Corners_4x1_Aware-#0-gcs.csv,SpoofingAware,min_benign_spoofer_distance_running_min_m,75.0,0.0
Scenario_Corners_4x1_Aware-#0-gcs.csv,SpoofingAware,min_benign_spoofer_distance_running_min_m,75.25,0.0
Scenario_Corners_4x1_Aware-#0-gcs.csv,SpoofingAware,min_benign_spoofer_distance_running_min_m,75.5,0.0
Scenario_Corners_4x1_Aware-#0-gcs.csv,SpoofingAware,min_benign_spoofer_distance_running_min_m,75.75,0.0
Scenario_Corners_4x1_Aware-#0-gcs.csv,SpoofingAware,min_benign_spoofer_distance_running_min_m,76.0,0.0
Scenario_Corners_4x1_Aware-#0-gcs.csv,SpoofingAware,min_benign_spoofer_distance_running_min_m,76.25,0.0
Scenario_Corners_4x1_Aware-#0-gcs.csv,SpoofingAware,min_benign_spoofer_distance_running_min_m,76.5,0.0
Scenario_Corners_4x1_Aware-#0-gcs.csv,SpoofingAware,min_benign_spoofer_distance_running_min_m,76.75,0.0
Scenario_Corners_4x1_Aware-#0-gcs.csv,SpoofingAware,min_benign_spoofer_distance_running_min_m,77.0,0.0
Scenario_Corners_4x1_Aware-#0-gcs.csv,SpoofingAware,min_benign_spoofer_distance_running_min_m,77.25,0.0
Scenario_Corners_4x1_Aware-#0-gcs.csv,SpoofingAware,min_benign_spoofer_distance_running_min_m,77.5,0.0
Scenario_Corners_4x1_Aware-#0-gcs.csv,SpoofingAware,min_benign_spoofer_distance_running_min_m,77.75,0.0
Scenario_Corners_4x1_Aware-#0-gcs.csv,SpoofingAware,min_benign_spoofer_distance_running_min_m,78.0,0.0
Scenario_Corners_4x1_Aware-#0-gcs.csv,SpoofingAware,min_benign_spoofer_distance_running_min_m,78.25,0.0
Scenario_Corners_4x1_Aware-#0-gcs.csv,SpoofingAware,min_benign_spoofer_distance_running_min_m,78.5,0.0
Scenario_Corners_4x1_Aware-#0-gcs.csv,SpoofingAware,min_benign_spoofer_distance_running_min_m,78.75,0.0
Scenario_Corners_4x1_Aware-#0-gcs.csv,SpoofingAware,min_benign_spoofer_distance_running_min_m,79.0,0.0
Scenario_Corners_4x1_Aware-#0-gcs.csv,SpoofingAware,min_benign_spoofer_distance_running_min_m,79.25,0.0
Scenario_Corners_4x1_Aware-#0-gcs.csv,SpoofingAware,min_benign_spoofer_distance_running_min_m,79.5,0.0
Scenario_Corners_4x1_Aware-#0-gcs.csv,SpoofingAware,min_benign_spoofer_distance_running_min_m,79.75,0.0
Scenario_Corners_4x1_Aware-#0-gcs.csv,SpoofingAware,min_benign_spoofer_distance_running_min_m,80.0,0.0
Scenario_Corners_4x1_Aware-#0-gcs.csv,SpoofingAware,min_benign_spoofer_distance_running_min_m,80.25,0.0
Scenario_Corners_4x1_Aware-#0-gcs.csv,SpoofingAware,min_benign_spoofer_distance_running_min_m,80.5,0.0
Scenario_Corners_4x1_Aware-#0-gcs.csv,SpoofingAware,min_benign_spoofer_distance_running_min_m,80.75,0.0
Scenario_Corners_4x1_Aware-#0-gcs.csv,SpoofingAware,min_benign_spoofer_distance_running_min_m,81.0,0.0
Scenario_Corners_4x1_Aware-#0-gcs.csv,SpoofingAware,min_benign_spoofer_distance_running_min_m,81.25,0.0
Scenario_Corners_4x1_Aware-#0-gcs.csv,SpoofingAware,min_benign_spoofer_distance_running_min_m,81.5,0.0
Scenario_Corners_4x1_Aware-#0-gcs.csv,SpoofingAware,min_benign_spoofer_distance_running_min_m,81.75,0.0
Scenario_Corners_4x1_Aware-#0-gcs.csv,SpoofingAware,min_benign_spoofer_distance_running_min_m,82.0,0.0
Scenario_Corners_4x1_Aware-#0-gcs.csv,SpoofingAware,min_benign_spoofer_distance_running_min_m,82.25,0.0
Scenario_Corners_4x1_Aware-#0-gcs.csv,SpoofingAware,min_benign_spoofer_distance_running_min_m,82.5,0.0
Scenario_Corners_4x1_Aware-#0-gcs.csv,SpoofingAware,min_benign_spoofer_distance_running_min_m,82.75,0.0
Scenario_Corners_4x1_Aware-#0-gcs.csv,SpoofingAware,min_benign_spoofer_distance_running_min_m,83.0,0.0
Scenario_Corners_4x1_Aware-#0-gcs.csv,SpoofingAware,min_benign_spoofer_distance_running_min_m,83.25,0.0
Scenario_Corners_4x1_Aware-#0-gcs.csv,SpoofingAware,min_benign_spoofer_distance_running_min_m,83.5,0.0
Scenario_Corners_4x1_Aware-#0-gcs.csv,SpoofingAware,min_benign_spoofer_distance_running_min_m,83.75,0.0
Scenario_Corners_4x1_Aware-#0-gcs.csv,SpoofingAware,min_benign_spoofer_distance_running_min_m,84.0,0.0
Scenario_Corners_4x1_Aware-#0-gcs.csv,SpoofingAware,min_benign_spoofer_distance_running_min_m,84.25,0.0
Scenario_Corners_4x1_Aware-#0-gcs.csv,SpoofingAware,min_benign_spoofer_distance_running_min_m,84.5,0.0
Scenario_Corners_4x1_Aware-#0-gcs.csv,SpoofingAware,min_benign_spoofer_distance_running_min_m,84.75,0.0
Scenario_Corners_4x1_Aware-#0-gcs.csv,SpoofingAware,min_benign_spoofer_distance_running_min_m,85.0,0.0
Scenario_Corners_4x1_Aware-#0-gcs.csv,SpoofingAware,min_benign_spoofer_distance_running_min_m,85.25,0.0
Scenario_Corners_4x1_Aware-#0-gcs.csv,SpoofingAware,min_benign_spoofer_distance_running_min_m,85.5,0.0
Scenario_Corners_4x1_Aware-#0-gcs.csv,SpoofingAware,min_benign_spoofer_distance_running_min_m,85.75,0.0
Scenario_Corners_4x1_Aware-#0-gcs.csv,SpoofingAware,min_benign_spoofer_distance_running_min_m,86.0,0.0
Scenario_Corners_4x1_Aware-#0-gcs.csv,SpoofingAware,min_benign_spoofer_distance_running_min_m,86.25,0.0
Scenario_Corners_4x1_Aware-#0-gcs.csv,SpoofingAware,min_benign_spoofer_distance_running_min_m,86.5,0.0
Scenario_Corners_4x1_Aware-#0-gcs.csv,SpoofingAware,min_benign_spoofer_distance_running_min_m,86.75,0.0
Scenario_Corners_4x1_Aware-#0-gcs.csv,SpoofingAware,min_benign_spoofer_distance_running_min_m,87.0,0.0
Scenario_Corners_4x1_Aware-#0-gcs.csv,SpoofingAware,min_benign_spoofer_distance_running_min_m,87.25,0.0
Scenario_Corners_4x1_Aware-#0-gcs.csv,SpoofingAware,min_benign_spoofer_distance_running_min_m,87.5,0.0
Scenario_Corners_4x1_Aware-#0-gcs.csv,SpoofingAware,min_benign_spoofer_distance_running_min_m,87.75,0.0
Scenario_Corners_4x1_Aware-#0-gcs.csv,SpoofingAware,min_benign_spoofer_distance_running_min_m,88.0,0.0
Scenario_Corners_4x1_Aware-#0-gcs.csv,SpoofingAware,min_benign_spoofer_distance_running_min_m,88.25,0.0
Scenario_Corners_4x1_Aware-#0-gcs.csv,SpoofingAware,min_benign_spoofer_distance_running_min_m,88.5,0.0
Scenario_Corners_4x1_Aware-#0-gcs.csv,SpoofingAware,min_benign_spoofer_distance_running_min_m,88.75,0.0
Scenario_Corners_4x1_Aware-#0-gcs.csv,SpoofingAware,min_benign_spoofer_distance_running_min_m,89.0,0.0
Scenario_Corners_4x1_Aware-#0-gcs.csv,SpoofingAware,min_benign_spoofer_distance_running_min_m,89.25,0.0
Scenario_Corners_4x1_Aware-#0-gcs.csv,SpoofingAware,min_benign_spoofer_distance_running_min_m,89.5,0.0
Scenario_Corners_4x1_Aware-#0-gcs.csv,SpoofingAware,min_benign_spoofer_distance_running_min_m,89.75,0.0
Scenario_Corners_4x1_Aware-#0-gcs.csv,SpoofingAware,min_benign_spoofer_distance_running_min_m,90.0,0.0
Scenario_Corners_4x1_Aware-#0-gcs.csv,SpoofingAware,min_benign_spoofer_distance_running_min_m,90.25,0.0
Scenario_Corners_4x1_Aware-#0-gcs.csv,SpoofingAware,min_benign_spoofer_distance_running_min_m,90.5,0.0
Scenario_Corners_4x1_Aware-#0-gcs.csv,SpoofingAware,min_benign_spoofer_distance_running_min_m,90.75,0.0
Scenario_Corners_4x1_Aware-#0-gcs.csv,SpoofingAware,min_benign_spoofer_distance_running_min_m,91.0,0.0
Scenario_Corners_4x1_Aware-#0-gcs.csv,SpoofingAware,min_benign_spoofer_distance_running_min_m,91.25,0.0
Scenario_Corners_4x1_Aware-#0-gcs.csv,SpoofingAware,min_benign_spoofer_distance_running_min_m,91.5,0.0
Scenario_Corners_4x1_Aware-#0-gcs.csv,SpoofingAware,min_benign_spoofer_distance_running_min_m,91.75,0.0
Scenario_Corners_4x1_Aware-#0-gcs.csv,SpoofingAware,min_benign_spoofer_distance_running_min_m,92.0,0.0
Scenario_Corners_4x1_Aware-#0-gcs.csv,SpoofingAware,min_benign_spoofer_distance_running_min_m,92.25,0.0
Scenario_Corners_4x1_Aware-#0-gcs.csv,SpoofingAware,min_benign_spoofer_distance_running_min_m,92.5,0.0
Scenario_Corners_4x1_Aware-#0-gcs.csv,SpoofingAware,min_benign_spoofer_distance_running_min_m,92.75,0.0
Scenario_Corners_4x1_Aware-#0-gcs.csv,SpoofingAware,min_benign_spoofer_distance_running_min_m,93.0,0.0
Scenario_Corners_4x1_Aware-#0-gcs.csv,SpoofingAware,min_benign_spoofer_distance_running_min_m,93.25,0.0
Scenario_Corners_4x1_Aware-#0-gcs.csv,SpoofingAware,min_benign_spoofer_distance_running_min_m,93.5,0.0
Scenario_Corners_4x1_Aware-#0-gcs.csv,SpoofingAware,min_benign_spoofer_distance_running_min_m,93.75,0.0
Scenario_Corners_4x1_Aware-#0-gcs.csv,SpoofingAware,min_benign_spoofer_distance_running_min_m,94.0,0.0
Scenario_Corners_4x1_Aware-#0-gcs.csv,SpoofingAware,min_benign_spoofer_distance_running_min_m,94.25,0.0
Scenario_Corners_4x1_Aware-#0-gcs.csv,SpoofingAware,min_benign_spoofer_distance_running_min_m,94.5,0.0
Scenario_Corners_4x1_Aware-#0-gcs.csv,SpoofingAware,min_benign_spoofer_distance_running_min_m,94.75,0.0
Scenario_Corners_4x1_Aware-#0-gcs.csv,SpoofingAware,min_benign_spoofer_distance_running_min_m,95.0,0.0
Scenario_Corners_4x1_Aware-#0-gcs.csv,SpoofingAware,min_benign_spoofer_distance_running_min_m,95.25,0.0
Scenario_Corners_4x1_Aware-#0-gcs.csv,SpoofingAware,min_benign_spoofer_distance_running_min_m,95.5,0.0
Scenario_Corners_4x1_Aware-#0-gcs.csv,SpoofingAware,min_benign_spoofer_distance_running_min_m,95.75,0.0
Scenario_Corners_4x1_Aware-#0-gcs.csv,SpoofingAware,min_benign_spoofer_distance_running_min_m,96.0,0.0
Scenario_Corners_4x1_Aware-#0-gcs.csv,SpoofingAware,min_benign_spoofer_distance_running_min_m,96.25,0.0
Scenario_Corners_4x1_Aware-#0-gcs.csv,SpoofingAware,min_benign_spoofer_distance_running_min_m,96.5,0.0
Scenario_Corners_4x1_Aware-#0-gcs.csv,SpoofingAware,min_benign_spoofer_distance_running_min_m,96.75,0.0
Scenario_Corners_4x1_Aware-#0-gcs.csv,SpoofingAware,min_benign_spoofer_distance_running_min_m,97.0,0.0
Scenario_Corners_4x1_Aware-#0-gcs.csv,SpoofingAware,min_benign_spoofer_distance_running_min_m,97.25,0.0
Scenario_Corners_4x1_Aware-#0-gcs.csv,SpoofingAware,min_benign_spoofer_distance_running_min_m,97.5,0.0
Scenario_Corners_4x1_Aware-#0-gcs.csv,SpoofingAware,min_benign_spoofer_distance_running_min_m,97.75,0.0
Scenario_Corners_4x1_Aware-#0-gcs.csv,SpoofingAware,min_benign_spoofer_distance_running_min_m,98.0,0.0
Scenario_Corners_4x1_Aware-#0-gcs.csv,SpoofingAware,min_benign_spoofer_distance_running_min_m,98.25,0.0
Scenario_Corners_4x1_Aware-#0-gcs.csv,SpoofingAware,min_benign_spoofer_distance_running_min_m,98.5,0.0
Scenario_Corners_4x1_Aware-#0-gcs.csv,SpoofingAware,min_benign_spoofer_distance_running_min_m,98.75,0.0
Scenario_Corners_4x1_Aware-#0-gcs.csv,SpoofingAware,min_benign_spoofer_distance_running_min_m,99.0,0.0
Scenario_Corners_4x1_Aware-#0-gcs.csv,SpoofingAware,min_benign_spoofer_distance_running_min_m,99.25,0.0
Scenario_Corners_4x1_Aware-#0-gcs.csv,SpoofingAware,min_benign_spoofer_distance_running_min_m,99.5,0.0
Scenario_Corners_4x1_Aware-#0-gcs.csv,SpoofingAware,min_benign_spoofer_distance_running_min_m,99.75,0.0
Scenario_Corners_4x1_Aware-#0-gcs.csv,SpoofingAware,min_benign_spoofer_distance_running_min_m,100.0,0.0
Scenario_Corners_4x1_Aware-#0-gcs.csv,SpoofingAware,nmac_benign_spoofer_total,0.25,1.0
Scenario_Corners_4x1_Aware-#0-gcs.csv,SpoofingAware,nmac_benign_spoofer_total,0.5,1.0
Scenario_Corners_4x1_Aware-#0-gcs.csv,SpoofingAware,nmac_benign_spoofer_total,0.75,1.0
Scenario_Corners_4x1_Aware-#0-gcs.csv,SpoofingAware,nmac_benign_spoofer_total,1.0,1.0
Scenario_Corners_4x1_Aware-#0-gcs.csv,SpoofingAware,nmac_benign_spoofer_total,1.25,1.0
Scenario_Corners_4x1_Aware-#0-gcs.csv,SpoofingAware,nmac_benign_spoofer_total,1.5,1.0
Scenario_Corners_4x1_Aware-#0-gcs.csv,SpoofingAware,nmac_benign_spoofer_total,1.75,1.0
Scenario_Corners_4x1_Aware-#0-gcs.csv,SpoofingAware,nmac_benign_spoofer_total,2.0,1.0
Scenario_Corners_4x1_Aware-#0-gcs.csv,SpoofingAware,nmac_benign_spoofer_total,2.25,1.0
Scenario_Corners_4x1_Aware-#0-gcs.csv,SpoofingAware,nmac_benign_spoofer_total,2.5,1.0
Scenario_Corners_4x1_Aware-#0-gcs.csv,SpoofingAware,nmac_benign_spoofer_total,2.75,1.0
Scenario_Corners_4x1_Aware-#0-gcs.csv,SpoofingAware,nmac_benign_spoofer_total,3.0,1.0
Scenario_Corners_4x1_Aware-#0-gcs.csv,SpoofingAware,nmac_benign_spoofer_total,3.25,1.0
Scenario_Corners_4x1_Aware-#0-gcs.csv,SpoofingAware,nmac_benign_spoofer_total,3.5,1.0
Scenario_Corners_4x1_Aware-#0-gcs.csv,SpoofingAware,nmac_benign_spoofer_total,3.75,1.0
Scenario_Corners_4x1_Aware-#0-gcs.csv,SpoofingAware,nmac_benign_spoofer_total,4.0,1.0
Scenario_Corners_4x1_Aware-#0-gcs.csv,SpoofingAware,nmac_benign_spoofer_total,4.25,1.0
Scenario_Corners_4x1_Aware-#0-gcs.csv,SpoofingAware,nmac_benign_spoofer_total,4.5,1.0
Scenario_Corners_4x1_Aware-#0-gcs.csv,SpoofingAware,nmac_benign_spoofer_total,4.75,1.0
Scenario_Corners_4x1_Aware-#0-gcs.csv,SpoofingAware,nmac_benign_spoofer_total,5.0,1.0
Scenario_Corners_4x1_Aware-#0-gcs.csv,SpoofingAware,nmac_benign_spoofer_total,5.25,1.0
Scenario_Corners_4x1_Aware-#0-gcs.csv,SpoofingAware,nmac_benign_spoofer_total,5.5,1.0
Scenario_Corners_4x1_Aware-#0-gcs.csv,SpoofingAware,nmac_benign_spoofer_total,5.75,1.0
Scenario_Corners_4x1_Aware-#0-gcs.csv,SpoofingAware,nmac_benign_spoofer_total,6.0,1.0
Scenario_Corners_4x1_Aware-#0-gcs.csv,SpoofingAware,nmac_benign_spoofer_total,6.25,1.0
Scenario_Corners_4x1_Aware-#0-gcs.csv,SpoofingAware,nmac_benign_spoofer_total,6.5,1.0
Scenario_Corners_4x1_Aware-#0-gcs.csv,SpoofingAware,nmac_benign_spoofer_total,6.75,1.0
Scenario_Corners_4x1_Aware-#0-gcs.csv,SpoofingAware,nmac_benign_spoofer_total,7.0,1.0
Scenario_Corners_4x1_Aware-#0-gcs.csv,SpoofingAware,nmac_benign_spoofer_total,7.25,1.0
Scenario_Corners_4x1_Aware-#0-gcs.csv,SpoofingAware,nmac_benign_spoofer_total,7.5,1.0
Scenario_Corners_4x1_Aware-#0-gcs.csv,SpoofingAware,nmac_benign_spoofer_total,7.75,1.0
Scenario_Corners_4x1_Aware-#0-gcs.csv,SpoofingAware,nmac_benign_spoofer_total,8.0,1.0
Scenario_Corners_4x1_Aware-#0-gcs.csv,SpoofingAware,nmac_benign_spoofer_total,8.25,1.0
Scenario_Corners_4x1_Aware-#0-gcs.csv,SpoofingAware,nmac_benign_spoofer_total,8.5,1.0
Scenario_Corners_4x1_Aware-#0-gcs.csv,SpoofingAware,nmac_benign_spoofer_total,8.75,1.0
Scenario_Corners_4x1_Aware-#0-gcs.csv,SpoofingAware,nmac_benign_spoofer_total,9.0,1.0
Scenario_Corners_4x1_Aware-#0-gcs.csv,SpoofingAware,nmac_benign_spoofer_total,9.25,1.0
Scenario_Corners_4x1_Aware-#0-gcs.csv,SpoofingAware,nmac_benign_spoofer_total,9.5,1.0
Scenario_Corners_4x1_Aware-#0-gcs.csv,SpoofingAware,nmac_benign_spoofer_total,9.75,1.0
Scenario_Corners_4x1_Aware-#0-gcs.csv,SpoofingAware,nmac_benign_spoofer_total,10.0,1.0
Scenario_Corners_4x1_Aware-#0-gcs.csv,SpoofingAware,nmac_benign_spoofer_total,10.25,1.0
Scenario_Corners_4x1_Aware-#0-gcs.csv,SpoofingAware,nmac_benign_spoofer_total,10.5,1.0
Scenario_Corners_4x1_Aware-#0-gcs.csv,SpoofingAware,nmac_benign_spoofer_total,10.75,1.0
Scenario_Corners_4x1_Aware-#0-gcs.csv,SpoofingAware,nmac_benign_spoofer_total,11.0,1.0
Scenario_Corners_4x1_Aware-#0-gcs.csv,SpoofingAware,nmac_benign_spoofer_total,11.25,1.0
Scenario_Corners_4x1_Aware-#0-gcs.csv,SpoofingAware,nmac_benign_spoofer_total,11.5,1.0
Scenario_Corners_4x1_Aware-#0-gcs.csv,SpoofingAware,nmac_benign_spoofer_total,11.75,1.0
Scenario_Corners_4x1_Aware-#0-gcs.csv,SpoofingAware,nmac_benign_spoofer_total,12.0,1.0
Scenario_Corners_4x1_Aware-#0-gcs.csv,SpoofingAware,nmac_benign_spoofer_total,12.25,1.0
Scenario_Corners_4x1_Aware-#0-gcs.csv,SpoofingAware,nmac_benign_spoofer_total,12.5,1.0
Scenario_Corners_4x1_Aware-#0-gcs.csv,SpoofingAware,nmac_benign_spoofer_total,12.75,1.0
Scenario_Corners_4x1_Aware-#0-gcs.csv,SpoofingAware,nmac_benign_spoofer_total,13.0,1.0
Scenario_Corners_4x1_Aware-#0-gcs.csv,SpoofingAware,nmac_benign_spoofer_total,13.25,1.0
Scenario_Corners_4x1_Aware-#0-gcs.csv,SpoofingAware,nmac_benign_spoofer_total,13.5,1.0
Scenario_Corners_4x1_Aware-#0-gcs.csv,SpoofingAware,nmac_benign_spoofer_total,13.75,1.0
Scenario_Corners_4x1_Aware-#0-gcs.csv,SpoofingAware,nmac_benign_spoofer_total,14.0,1.0
Scenario_Corners_4x1_Aware-#0-gcs.csv,SpoofingAware,nmac_benign_spoofer_total,14.25,1.0
Scenario_Corners_4x1_Aware-#0-gcs.csv,SpoofingAware,nmac_benign_spoofer_total,14.5,1.0
Scenario_Corners_4x1_Aware-#0-gcs.csv,SpoofingAware,nmac_benign_spoofer_total,14.75,1.0
Scenario_Corners_4x1_Aware-#0-gcs.csv,SpoofingAware,nmac_benign_spoofer_total,15.0,1.0
Scenario_Corners_4x1_Aware-#0-gcs.csv,SpoofingAware,nmac_benign_spoofer_total,15.25,1.0
Scenario_Corners_4x1_Aware-#0-gcs.csv,SpoofingAware,nmac_benign_spoofer_total,15.5,1.0
Scenario_Corners_4x1_Aware-#0-gcs.csv,SpoofingAware,nmac_benign_spoofer_total,15.75,1.0
Scenario_Corners_4x1_Aware-#0-gcs.csv,SpoofingAware,nmac_benign_spoofer_total,16.0,1.0
Scenario_Corners_4x1_Aware-#0-gcs.csv,SpoofingAware,nmac_benign_spoofer_total,16.25,1.0
Scenario_Corners_4x1_Aware-#0-gcs.csv,SpoofingAware,nmac_benign_spoofer_total,16.5,1.0
Scenario_Corners_4x1_Aware-#0-gcs.csv,SpoofingAware,nmac_benign_spoofer_total,16.75,1.0
Scenario_Corners_4x1_Aware-#0-gcs.csv,SpoofingAware,nmac_benign_spoofer_total,17.0,1.0
Scenario_Corners_4x1_Aware-#0-gcs.csv,SpoofingAware,nmac_benign_spoofer_total,17.25,1.0
Scenario_Corners_4x1_Aware-#0-gcs.csv,SpoofingAware,nmac_benign_spoofer_total,17.5,1.0
Scenario_Corners_4x1_Aware-#0-gcs.csv,SpoofingAware,nmac_benign_spoofer_total,17.75,1.0
Scenario_Corners_4x1_Aware-#0-gcs.csv,SpoofingAware,nmac_benign_spoofer_total,18.0,1.0
Scenario_Corners_4x1_Aware-#0-gcs.csv,SpoofingAware,nmac_benign_spoofer_total,18.25,1.0
Scenario_Corners_4x1_Aware-#0-gcs.csv,SpoofingAware,nmac_benign_spoofer_total,18.5,1.0
Scenario_Corners_4x1_Aware-#0-gcs.csv,SpoofingAware,nmac_benign_spoofer_total,18.75,1.0
Scenario_Corners_4x1_Aware-#0-gcs.csv,SpoofingAware,nmac_benign_spoofer_total,19.0,1.0
Scenario_Corners_4x1_Aware-#0-gcs.csv,SpoofingAware,nmac_benign_spoofer_total,19.25,1.0
Scenario_Corners_4x1_Aware-#0-gcs.csv,SpoofingAware,nmac_benign_spoofer_total,19.5,1.0
Scenario_Corners_4x1_Aware-#0-gcs.csv,SpoofingAware,nmac_benign_spoofer_total,19.75,1.0
Scenario_Corners_4x1_Aware-#0-gcs.csv,SpoofingAware,nmac_benign_spoofer_total,20.0,1.0
Scenario_Corners_4x1_Aware-#0-gcs.csv,SpoofingAware,nmac_benign_spoofer_total,20.25,1.0
Scenario_Corners_4x1_Aware-#0-gcs.csv,SpoofingAware,nmac_benign_spoofer_total,20.5,1.0
Scenario_Corners_4x1_Aware-#0-gcs.csv,SpoofingAware,nmac_benign_spoofer_total,20.75,1.0
Scenario_Corners_4x1_Aware-#0-gcs.csv,SpoofingAware,nmac_benign_spoofer_total,21.0,1.0
Scenario_Corners_4x1_Aware-#0-gcs.csv,SpoofingAware,nmac_benign_spoofer_total,21.25,1.0
Scenario_Corners_4x1_Aware-#0-gcs.csv,SpoofingAware,nmac_benign_spoofer_total,21.5,1.0
Scenario_Corners_4x1_Aware-#0-gcs.csv,SpoofingAware,nmac_benign_spoofer_total,21.75,1.0
Scenario_Corners_4x1_Aware-#0-gcs.csv,SpoofingAware,nmac_benign_spoofer_total,22.0,1.0
Scenario_Corners_4x1_Aware-#0-gcs.csv,SpoofingAware,nmac_benign_spoofer_total,22.25,1.0
Scenario_Corners_4x1_Aware-#0-gcs.csv,SpoofingAware,nmac_benign_spoofer_total,22.5,1.0
Scenario_Corners_4x1_Aware-#0-gcs.csv,SpoofingAware,nmac_benign_spoofer_total,22.75,1.0
Scenario_Corners_4x1_Aware-#0-gcs.csv,SpoofingAware,nmac_benign_spoofer_total,23.0,1.0
Scenario_Corners_4x1_Aware-#0-gcs.csv,SpoofingAware,nmac_benign_spoofer_total,23.25,1.0
Scenario_Corners_4x1_Aware-#0-gcs.csv,SpoofingAware,nmac_benign_spoofer_total,23.5,1.0
Scenario_Corners_4x1_Aware-#0-gcs.csv,SpoofingAware,nmac_benign_spoofer_total,23.75,1.0
Scenario_Corners_4x1_Aware-#0-gcs.csv,SpoofingAware,nmac_benign_spoofer_total,24.0,1.0
Scenario_Corners_4x1_Aware-#0-gcs.csv,SpoofingAware,nmac_benign_spoofer_total,24.25,1.0
Scenario_Corners_4x1_Aware-#0-gcs.csv,SpoofingAware,nmac_benign_spoofer_total,24.5,1.0
Scenario_Corners_4x1_Aware-#0-gcs.csv,SpoofingAware,nmac_benign_spoofer_total,24.75,1.0
Scenario_Corners_4x1_Aware-#0-gcs.csv,SpoofingAware,nmac_benign_spoofer_total,25.0,1.0
Scenario_Corners_4x1_Aware-#0-gcs.csv,SpoofingAware,nmac_benign_spoofer_total,25.25,1.0
Scenario_Corners_4x1_Aware-#0-gcs.csv,SpoofingAware,nmac_benign_spoofer_total,25.5,1.0
Scenario_Corners_4x1_Aware-#0-gcs.csv,SpoofingAware,nmac_benign_spoofer_total,25.75,1.0
Scenario_Corners_4x1_Aware-#0-gcs.csv,SpoofingAware,nmac_benign_spoofer_total,26.0,1.0
Scenario_Corners_4x1_Aware-#0-gcs.csv,SpoofingAware,nmac_benign_spoofer_total,26.25,1.0
Scenario_Corners_4x1_Aware-#0-gcs.csv,SpoofingAware,nmac_benign_spoofer_total,26.5,1.0
Scenario_Corners_4x1_Aware-#0-gcs.csv,SpoofingAware,nmac_benign_spoofer_total,26.75,1.0
Scenario_Corners_4x1_Aware-#0-gcs.csv,SpoofingAware,nmac_benign_spoofer_total,27.0,1.0
Scenario_Corners_4x1_Aware-#0-gcs.csv,SpoofingAware,nmac_benign_spoofer_total,27.25,1.0
Scenario_Corners_4x1_Aware-#0-gcs.csv,SpoofingAware,nmac_benign_spoofer_total,27.5,1.0
Scenario_Corners_4x1_Aware-#0-gcs.csv,SpoofingAware,nmac_benign_spoofer_total,27.75,1.0
Scenario_Corners_4x1_Aware-#0-gcs.csv,SpoofingAware,nmac_benign_spoofer_total,28.0,1.0
Scenario_Corners_4x1_Aware-#0-gcs.csv,SpoofingAware,nmac_benign_spoofer_total,28.25,1.0
Scenario_Corners_4x1_Aware-#0-gcs.csv,SpoofingAware,nmac_benign_spoofer_total,28.5,1.0
Scenario_Corners_4x1_Aware-#0-gcs.csv,SpoofingAware,nmac_benign_spoofer_total,28.75,1.0
Scenario_Corners_4x1_Aware-#0-gcs.csv,SpoofingAware,nmac_benign_spoofer_total,29.0,1.0
Scenario_Corners_4x1_Aware-#0-gcs.csv,SpoofingAware,nmac_benign_spoofer_total,29.25,1.0
Scenario_Corners_4x1_Aware-#0-gcs.csv,SpoofingAware,nmac_benign_spoofer_total,29.5,1.0
Scenario_Corners_4x1_Aware-#0-gcs.csv,SpoofingAware,nmac_benign_spoofer_total,29.75,1.0
Scenario_Corners_4x1_Aware-#0-gcs.csv,SpoofingAware,nmac_benign_spoofer_total,30.0,1.0
Scenario_Corners_4x1_Aware-#0-gcs.csv,SpoofingAware,nmac_benign_spoofer_total,30.25,1.0
Scenario_Corners_4x1_Aware-#0-gcs.csv,SpoofingAware,nmac_benign_spoofer_total,30.5,1.0
Scenario_Corners_4x1_Aware-#0-gcs.csv,SpoofingAware,nmac_benign_spoofer_total,30.75,1.0
Scenario_Corners_4x1_Aware-#0-gcs.csv,SpoofingAware,nmac_benign_spoofer_total,31.0,1.0
Scenario_Corners_4x1_Aware-#0-gcs.csv,SpoofingAware,nmac_benign_spoofer_total,31.25,1.0
Scenario_Corners_4x1_Aware-#0-gcs.csv,SpoofingAware,nmac_benign_spoofer_total,31.5,1.0
Scenario_Corners_4x1_Aware-#0-gcs.csv,SpoofingAware,nmac_benign_spoofer_total,31.75,1.0
Scenario_Corners_4x1_Aware-#0-gcs.csv,SpoofingAware,nmac_benign_spoofer_total,32.0,1.0
Scenario_Corners_4x1_Aware-#0-gcs.csv,SpoofingAware,nmac_benign_spoofer_total,32.25,1.0
Scenario_Corners_4x1_Aware-#0-gcs.csv,SpoofingAware,nmac_benign_spoofer_total,32.5,1.0
Scenario_Corners_4x1_Aware-#0-gcs.csv,SpoofingAware,nmac_benign_spoofer_total,32.75,1.0
Scenario_Corners_4x1_Aware-#0-gcs.csv,SpoofingAware,nmac_benign_spoofer_total,33.0,1.0
Scenario_Corners_4x1_Aware-#0-gcs.csv,SpoofingAware,nmac_benign_spoofer_total,33.25,1.0
Scenario_Corners_4x1_Aware-#0-gcs.csv,SpoofingAware,nmac_benign_spoofer_total,33.5,1.0
Scenario_Corners_4x1_Aware-#0-gcs.csv,SpoofingAware,nmac_benign_spoofer_total,33.75,1.0
Scenario_Corners_4x1_Aware-#0-gcs.csv,SpoofingAware,nmac_benign_spoofer_total,34.0,1.0
Scenario_Corners_4x1_Aware-#0-gcs.csv,SpoofingAware,nmac_benign_spoofer_total,34.25,1.0
Scenario_Corners_4x1_Aware-#0-gcs.csv,SpoofingAware,nmac_benign_spoofer_total,34.5,1.0
Scenario_Corners_4x1_Aware-#0-gcs.csv,SpoofingAware,nmac_benign_spoofer_total,34.75,1.0
Scenario_Corners_4x1_Aware-#0-gcs.csv,SpoofingAware,nmac_benign_spoofer_total,35.0,1.0
Scenario_Corners_4x1_Aware-#0-gcs.csv,SpoofingAware,nmac_benign_spoofer_total,35.25,1.0
Scenario_Corners_4x1_Aware-#0-gcs.csv,SpoofingAware,nmac_benign_spoofer_total,35.5,1.0
Scenario_Corners_4x1_Aware-#0-gcs.csv,SpoofingAware,nmac_benign_spoofer_total,35.75,1.0
Scenario_Corners_4x1_Aware-#0-gcs.csv,SpoofingAware,nmac_benign_spoofer_total,36.0,1.0
Scenario_Corners_4x1_Aware-#0-gcs.csv,SpoofingAware,nmac_benign_spoofer_total,36.25,1.0
Scenario_Corners_4x1_Aware-#0-gcs.csv,SpoofingAware,nmac_benign_spoofer_total,36.5,1.0
Scenario_Corners_4x1_Aware-#0-gcs.csv,SpoofingAware,nmac_benign_spoofer_total,36.75,1.0
Scenario_Corners_4x1_Aware-#0-gcs.csv,SpoofingAware,nmac_benign_spoofer_total,37.0,1.0
Scenario_Corners_4x1_Aware-#0-gcs.csv,SpoofingAware,nmac_benign_spoofer_total,37.25,1.0
Scenario_Corners_4x1_Aware-#0-gcs.csv,SpoofingAware,nmac_benign_spoofer_total,37.5,1.0
Scenario_Corners_4x1_Aware-#0-gcs.csv,SpoofingAware,nmac_benign_spoofer_total,37.75,1.0
Scenario_Corners_4x1_Aware-#0-gcs.csv,SpoofingAware,nmac_benign_spoofer_total,38.0,1.0
Scenario_Corners_4x1_Aware-#0-gcs.csv,SpoofingAware,nmac_benign_spoofer_total,38.25,1.0
Scenario_Corners_4x1_Aware-#0-gcs.csv,SpoofingAware,nmac_benign_spoofer_total,38.5,1.0
Scenario_Corners_4x1_Aware-#0-gcs.csv,SpoofingAware,nmac_benign_spoofer_total,38.75,1.0
Scenario_Corners_4x1_Aware-#0-gcs.csv,SpoofingAware,nmac_benign_spoofer_total,39.0,1.0
Scenario_Corners_4x1_Aware-#0-gcs.csv,SpoofingAware,nmac_benign_spoofer_total,39.25,1.0
Scenario_Corners_4x1_Aware-#0-gcs.csv,SpoofingAware,nmac_benign_spoofer_total,39.5,1.0
Scenario_Corners_4x1_Aware-#0-gcs.csv,SpoofingAware,nmac_benign_spoofer_total,39.75,1.0
Scenario_Corners_4x1_Aware-#0-gcs.csv,SpoofingAware,nmac_benign_spoofer_total,40.0,1.0
Scenario_Corners_4x1_Aware-#0-gcs.csv,SpoofingAware,nmac_benign_spoofer_total,40.25,1.0
Scenario_Corners_4x1_Aware-#0-gcs.csv,SpoofingAware,nmac_benign_spoofer_total,40.5,1.0
Scenario_Corners_4x1_Aware-#0-gcs.csv,SpoofingAware,nmac_benign_spoofer_total,40.75,1.0
Scenario_Corners_4x1_Aware-#0-gcs.csv,SpoofingAware,nmac_benign_spoofer_total,41.0,1.0
Scenario_Corners_4x1_Aware-#0-gcs.csv,SpoofingAware,nmac_benign_spoofer_total,41.25,1.0
Scenario_Corners_4x1_Aware-#0-gcs.csv,SpoofingAware,nmac_benign_spoofer_total,41.5,1.0
Scenario_Corners_4x1_Aware-#0-gcs.csv,SpoofingAware,nmac_benign_spoofer_total,41.75,1.0
Scenario_Corners_4x1_Aware-#0-gcs.csv,SpoofingAware,nmac_benign_spoofer_total,42.0,1.0
Scenario_Corners_4x1_Aware-#0-gcs.csv,SpoofingAware,nmac_benign_spoofer_total,42.25,1.0
Scenario_Corners_4x1_Aware-#0-gcs.csv,SpoofingAware,nmac_benign_spoofer_total,42.5,1.0
Scenario_Corners_4x1_Aware-#0-gcs.csv,SpoofingAware,nmac_benign_spoofer_total,42.75,1.0
Scenario_Corners_4x1_Aware-#0-gcs.csv,SpoofingAware,nmac_benign_spoofer_total,43.0,1.0
Scenario_Corners_4x1_Aware-#0-gcs.csv,SpoofingAware,nmac_benign_spoofer_total,43.25,1.0
Scenario_Corners_4x1_Aware-#0-gcs.csv,SpoofingAware,nmac_benign_spoofer_total,43.5,1.0
Scenario_Corners_4x1_Aware-#0-gcs.csv,SpoofingAware,nmac_benign_spoofer_total,43.75,1.0
Scenario_Corners_4x1_Aware-#0-gcs.csv,SpoofingAware,nmac_benign_spoofer_total,44.0,1.0
Scenario_Corners_4x1_Aware-#0-gcs.csv,SpoofingAware,nmac_benign_spoofer_total,44.25,1.0
Scenario_Corners_4x1_Aware-#0-gcs.csv,SpoofingAware,nmac_benign_spoofer_total,44.5,1.0
Scenario_Corners_4x1_Aware-#0-gcs.csv,SpoofingAware,nmac_benign_spoofer_total,44.75,1.0
Scenario_Corners_4x1_Aware-#0-gcs.csv,SpoofingAware,nmac_benign_spoofer_total,45.0,1.0
Scenario_Corners_4x1_Aware-#0-gcs.csv,SpoofingAware,nmac_benign_spoofer_total,45.25,1.0
Scenario_Corners_4x1_Aware-#0-gcs.csv,SpoofingAware,nmac_benign_spoofer_total,45.5,1.0
Scenario_Corners_4x1_Aware-#0-gcs.csv,SpoofingAware,nmac_benign_spoofer_total,45.75,1.0
Scenario_Corners_4x1_Aware-#0-gcs.csv,SpoofingAware,nmac_benign_spoofer_total,46.0,1.0
Scenario_Corners_4x1_Aware-#0-gcs.csv,SpoofingAware,nmac_benign_spoofer_total,46.25,1.0
Scenario_Corners_4x1_Aware-#0-gcs.csv,SpoofingAware,nmac_benign_spoofer_total,46.5,1.0
Scenario_Corners_4x1_Aware-#0-gcs.csv,SpoofingAware,nmac_benign_spoofer_total,46.75,1.0
Scenario_Corners_4x1_Aware-#0-gcs.csv,SpoofingAware,nmac_benign_spoofer_total,47.0,1.0
Scenario_Corners_4x1_Aware-#0-gcs.csv,SpoofingAware,nmac_benign_spoofer_total,47.25,1.0
Scenario_Corners_4x1_Aware-#0-gcs.csv,SpoofingAware,nmac_benign_spoofer_total,47.5,1.0
Scenario_Corners_4x1_Aware-#0-gcs.csv,SpoofingAware,nmac_benign_spoofer_total,47.75,1.0
Scenario_Corners_4x1_Aware-#0-gcs.csv,SpoofingAware,nmac_benign_spoofer_total,48.0,1.0
Scenario_Corners_4x1_Aware-#0-gcs.csv,SpoofingAware,nmac_benign_spoofer_total,48.25,1.0
Scenario_Corners_4x1_Aware-#0-gcs.csv,SpoofingAware,nmac_benign_spoofer_total,48.5,1.0
Scenario_Corners_4x1_Aware-#0-gcs.csv,SpoofingAware,nmac_benign_spoofer_total,48.75,1.0
Scenario_Corners_4x1_Aware-#0-gcs.csv,SpoofingAware,nmac_benign_spoofer_total,49.0,1.0
Scenario_Corners_4x1_Aware-#0-gcs.csv,SpoofingAware,nmac_benign_spoofer_total,49.25,1.0
Scenario_Corners_4x1_Aware-#0-gcs.csv,SpoofingAware,nmac_benign_spoofer_total,49.5,1.0
Scenario_Corners_4x1_Aware-#0-gcs.csv,SpoofingAware,nmac_benign_spoofer_total,49.75,1.0
Scenario_Corners_4x1_Aware-#0-gcs.csv,SpoofingAware,nmac_benign_spoofer_total,50.0,1.0
Scenario_Corners_4x1_Aware-#0-gcs.csv,SpoofingAware,nmac_benign_spoofer_total,50.25,1.0
Scenario_Corners_4x1_Aware-#0-gcs.csv,SpoofingAware,nmac_benign_spoofer_total,50.5,1.0
Scenario_Corners_4x1_Aware-#0-gcs.csv,SpoofingAware,nmac_benign_spoofer_total,50.75,1.0
Scenario_Corners_4x1_Aware-#0-gcs.csv,SpoofingAware,nmac_benign_spoofer_total,51.0,1.0
Scenario_Corners_4x1_Aware-#0-gcs.csv,SpoofingAware,nmac_benign_spoofer_total,51.25,1.0
Scenario_Corners_4x1_Aware-#0-gcs.csv,SpoofingAware,nmac_benign_spoofer_total,51.5,1.0
Scenario_Corners_4x1_Aware-#0-gcs.csv,SpoofingAware,nmac_benign_spoofer_total,51.75,1.0
Scenario_Corners_4x1_Aware-#0-gcs.csv,SpoofingAware,nmac_benign_spoofer_total,52.0,1.0
Scenario_Corners_4x1_Aware-#0-gcs.csv,SpoofingAware,nmac_benign_spoofer_total,52.25,1.0
Scenario_Corners_4x1_Aware-#0-gcs.csv,SpoofingAware,nmac_benign_spoofer_total,52.5,1.0
Scenario_Corners_4x1_Aware-#0-gcs.csv,SpoofingAware,nmac_benign_spoofer_total,52.75,1.0
Scenario_Corners_4x1_Aware-#0-gcs.csv,SpoofingAware,nmac_benign_spoofer_total,53.0,1.0
Scenario_Corners_4x1_Aware-#0-gcs.csv,SpoofingAware,nmac_benign_spoofer_total,53.25,1.0
Scenario_Corners_4x1_Aware-#0-gcs.csv,SpoofingAware,nmac_benign_spoofer_total,53.5,1.0
Scenario_Corners_4x1_Aware-#0-gcs.csv,SpoofingAware,nmac_benign_spoofer_total,53.75,1.0
Scenario_Corners_4x1_Aware-#0-gcs.csv,SpoofingAware,nmac_benign_spoofer_total,54.0,1.0
Scenario_Corners_4x1_Aware-#0-gcs.csv,SpoofingAware,nmac_benign_spoofer_total,54.25,1.0
Scenario_Corners_4x1_Aware-#0-gcs.csv,SpoofingAware,nmac_benign_spoofer_total,54.5,1.0
Scenario_Corners_4x1_Aware-#0-gcs.csv,SpoofingAware,nmac_benign_spoofer_total,54.75,1.0
Scenario_Corners_4x1_Aware-#0-gcs.csv,SpoofingAware,nmac_benign_spoofer_total,55.0,1.0
Scenario_Corners_4x1_Aware-#0-gcs.csv,SpoofingAware,nmac_benign_spoofer_total,55.25,1.0
Scenario_Corners_4x1_Aware-#0-gcs.csv,SpoofingAware,nmac_benign_spoofer_total,55.5,1.0
Scenario_Corners_4x1_Aware-#0-gcs.csv,SpoofingAware,nmac_benign_spoofer_total,55.75,1.0
Scenario_Corners_4x1_Aware-#0-gcs.csv,SpoofingAware,nmac_benign_spoofer_total,56.0,1.0
Scenario_Corners_4x1_Aware-#0-gcs.csv,SpoofingAware,nmac_benign_spoofer_total,56.25,1.0
Scenario_Corners_4x1_Aware-#0-gcs.csv,SpoofingAware,nmac_benign_spoofer_total,56.5,1.0
Scenario_Corners_4x1_Aware-#0-gcs.csv,SpoofingAware,nmac_benign_spoofer_total,56.75,1.0
Scenario_Corners_4x1_Aware-#0-gcs.csv,SpoofingAware,nmac_benign_spoofer_total,57.0,1.0
Scenario_Corners_4x1_Aware-#0-gcs.csv,SpoofingAware,nmac_benign_spoofer_total,57.25,1.0
Scenario_Corners_4x1_Aware-#0-gcs.csv,SpoofingAware,nmac_benign_spoofer_total,57.5,1.0
Scenario_Corners_4x1_Aware-#0-gcs.csv,SpoofingAware,nmac_benign_spoofer_total,57.75,1.0
Scenario_Corners_4x1_Aware-#0-gcs.csv,SpoofingAware,nmac_benign_spoofer_total,58.0,1.0
Scenario_Corners_4x1_Aware-#0-gcs.csv,SpoofingAware,nmac_benign_spoofer_total,58.25,1.0
Scenario_Corners_4x1_Aware-#0-gcs.csv,SpoofingAware,nmac_benign_spoofer_total,58.5,1.0
Scenario_Corners_4x1_Aware-#0-gcs.csv,SpoofingAware,nmac_benign_spoofer_total,58.75,1.0
Scenario_Corners_4x1_Aware-#0-gcs.csv,SpoofingAware,nmac_benign_spoofer_total,59.0,1.0
Scenario_Corners_4x1_Aware-#0-gcs.csv,SpoofingAware,nmac_benign_spoofer_total,59.25,1.0
Scenario_Corners_4x1_Aware-#0-gcs.csv,SpoofingAware,nmac_benign_spoofer_total,59.5,1.0
Scenario_Corners_4x1_Aware-#0-gcs.csv,SpoofingAware,nmac_benign_spoofer_total,59.75,1.0
Scenario_Corners_4x1_Aware-#0-gcs.csv,SpoofingAware,nmac_benign_spoofer_total,60.0,1.0
Scenario_Corners_4x1_Aware-#0-gcs.csv,SpoofingAware,nmac_benign_spoofer_total,60.25,1.0
Scenario_Corners_4x1_Aware-#0-gcs.csv,SpoofingAware,nmac_benign_spoofer_total,60.5,1.0
Scenario_Corners_4x1_Aware-#0-gcs.csv,SpoofingAware,nmac_benign_spoofer_total,60.75,1.0
Scenario_Corners_4x1_Aware-#0-gcs.csv,SpoofingAware,nmac_benign_spoofer_total,61.0,1.0
Scenario_Corners_4x1_Aware-#0-gcs.csv,SpoofingAware,nmac_benign_spoofer_total,61.25,1.0
Scenario_Corners_4x1_Aware-#0-gcs.csv,SpoofingAware,nmac_benign_spoofer_total,61.5,1.0
Scenario_Corners_4x1_Aware-#0-gcs.csv,SpoofingAware,nmac_benign_spoofer_total,61.75,1.0
Scenario_Corners_4x1_Aware-#0-gcs.csv,SpoofingAware,nmac_benign_spoofer_total,62.0,1.0
Scenario_Corners_4x1_Aware-#0-gcs.csv,SpoofingAware,nmac_benign_spoofer_total,62.25,1.0
Scenario_Corners_4x1_Aware-#0-gcs.csv,SpoofingAware,nmac_benign_spoofer_total,62.5,1.0
Scenario_Corners_4x1_Aware-#0-gcs.csv,SpoofingAware,nmac_benign_spoofer_total,62.75,1.0
Scenario_Corners_4x1_Aware-#0-gcs.csv,SpoofingAware,nmac_benign_spoofer_total,63.0,1.0
Scenario_Corners_4x1_Aware-#0-gcs.csv,SpoofingAware,nmac_benign_spoofer_total,63.25,1.0
Scenario_Corners_4x1_Aware-#0-gcs.csv,SpoofingAware,nmac_benign_spoofer_total,63.5,1.0
Scenario_Corners_4x1_Aware-#0-gcs.csv,SpoofingAware,nmac_benign_spoofer_total,63.75,1.0
Scenario_Corners_4x1_Aware-#0-gcs.csv,SpoofingAware,nmac_benign_spoofer_total,64.0,1.0
Scenario_Corners_4x1_Aware-#0-gcs.csv,SpoofingAware,nmac_benign_spoofer_total,64.25,1.0
Scenario_Corners_4x1_Aware-#0-gcs.csv,SpoofingAware,nmac_benign_spoofer_total,64.5,1.0
Scenario_Corners_4x1_Aware-#0-gcs.csv,SpoofingAware,nmac_benign_spoofer_total,64.75,1.0
Scenario_Corners_4x1_Aware-#0-gcs.csv,SpoofingAware,nmac_benign_spoofer_total,65.0,1.0
Scenario_Corners_4x1_Aware-#0-gcs.csv,SpoofingAware,nmac_benign_spoofer_total,65.25,1.0
Scenario_Corners_4x1_Aware-#0-gcs.csv,SpoofingAware,nmac_benign_spoofer_total,65.5,1.0
Scenario_Corners_4x1_Aware-#0-gcs.csv,SpoofingAware,nmac_benign_spoofer_total,65.75,1.0
Scenario_Corners_4x1_Aware-#0-gcs.csv,SpoofingAware,nmac_benign_spoofer_total,66.0,1.0
Scenario_Corners_4x1_Aware-#0-gcs.csv,SpoofingAware,nmac_benign_spoofer_total,66.25,1.0
Scenario_Corners_4x1_Aware-#0-gcs.csv,SpoofingAware,nmac_benign_spoofer_total,66.5,1.0
Scenario_Corners_4x1_Aware-#0-gcs.csv,SpoofingAware,nmac_benign_spoofer_total,66.75,1.0
Scenario_Corners_4x1_Aware-#0-gcs.csv,SpoofingAware,nmac_benign_spoofer_total,67.0,1.0
Scenario_Corners_4x1_Aware-#0-gcs.csv,SpoofingAware,nmac_benign_spoofer_total,67.25,1.0
Scenario_Corners_4x1_Aware-#0-gcs.csv,SpoofingAware,nmac_benign_spoofer_total,67.5,1.0
Scenario_Corners_4x1_Aware-#0-gcs.csv,SpoofingAware,nmac_benign_spoofer_total,67.75,1.0
Scenario_Corners_4x1_Aware-#0-gcs.csv,SpoofingAware,nmac_benign_spoofer_total,68.0,1.0
Scenario_Corners_4x1_Aware-#0-gcs.csv,SpoofingAware,nmac_benign_spoofer_total,68.25,1.0
Scenario_Corners_4x1_Aware-#0-gcs.csv,SpoofingAware,nmac_benign_spoofer_total,68.5,1.0
Scenario_Corners_4x1_Aware-#0-gcs.csv,SpoofingAware,nmac_benign_spoofer_total,68.75,1.0
Scenario_Corners_4x1_Aware-#0-gcs.csv,SpoofingAware,nmac_benign_spoofer_total,69.0,1.0
Scenario_Corners_4x1_Aware-#0-gcs.csv,SpoofingAware,nmac_benign_spoofer_total,69.25,1.0
Scenario_Corners_4x1_Aware-#0-gcs.csv,SpoofingAware,nmac_benign_spoofer_total,69.5,1.0
Scenario_Corners_4x1_Aware-#0-gcs.csv,SpoofingAware,nmac_benign_spoofer_total,69.75,1.0
Scenario_Corners_4x1_Aware-#0-gcs.csv,SpoofingAware,nmac_benign_spoofer_total,70.0,1.0
Scenario_Corners_4x1_Aware-#0-gcs.csv,SpoofingAware,nmac_benign_spoofer_total,70.25,1.0
Scenario_Corners_4x1_Aware-#0-gcs.csv,SpoofingAware,nmac_benign_spoofer_total,70.5,1.0
Scenario_Corners_4x1_Aware-#0-gcs.csv,SpoofingAware,nmac_benign_spoofer_total,70.75,1.0
Scenario_Corners_4x1_Aware-#0-gcs.csv,SpoofingAware,nmac_benign_spoofer_total,71.0,1.0
Scenario_Corners_4x1_Aware-#0-gcs.csv,SpoofingAware,nmac_benign_spoofer_total,71.25,1.0
Scenario_Corners_4x1_Aware-#0-gcs.csv,SpoofingAware,nmac_benign_spoofer_total,71.5,1.0
Scenario_Corners_4x1_Aware-#0-gcs.csv,SpoofingAware,nmac_benign_spoofer_total,71.75,1.0
Scenario_Corners_4x1_Aware-#0-gcs.csv,SpoofingAware,nmac_benign_spoofer_total,72.0,1.0
Scenario_Corners_4x1_Aware-#0-gcs.csv,SpoofingAware,nmac_benign_spoofer_total,72.25,1.0
Scenario_Corners_4x1_Aware-#0-gcs.csv,SpoofingAware,nmac_benign_spoofer_total,72.5,1.0
Scenario_Corners_4x1_Aware-#0-gcs.csv,SpoofingAware,nmac_benign_spoofer_total,72.75,1.0
Scenario_Corners_4x1_Aware-#0-gcs.csv,SpoofingAware,nmac_benign_spoofer_total,73.0,1.0
Scenario_Corners_4x1_Aware-#0-gcs.csv,SpoofingAware,nmac_benign_spoofer_total,73.25,1.0
Scenario_Corners_4x1_Aware-#0-gcs.csv,SpoofingAware,nmac_benign_spoofer_total,73.5,1.0
Scenario_Corners_4x1_Aware-#0-gcs.csv,SpoofingAware,nmac_benign_spoofer_total,73.75,1.0
Scenario_Corners_4x1_Aware-#0-gcs.csv,SpoofingAware,nmac_benign_spoofer_total,74.0,1.0
Scenario_Corners_4x1_Aware-#0-gcs.csv,SpoofingAware,nmac_benign_spoofer_total,74.25,1.0
Scenario_Corners_4x1_Aware-#0-gcs.csv,SpoofingAware,nmac_benign_spoofer_total,74.5,1.0
Scenario_Corners_4x1_Aware-#0-gcs.csv,SpoofingAware,nmac_benign_spoofer_total,74.75,1.0
Scenario_Corners_4x1_Aware-#0-gcs.csv,SpoofingAware,nmac_benign_spoofer_total,75.0,1.0
Scenario_Corners_4x1_Aware-#0-gcs.csv,SpoofingAware,nmac_benign_spoofer_total,75.25,1.0
Scenario_Corners_4x1_Aware-#0-gcs.csv,SpoofingAware,nmac_benign_spoofer_total,75.5,1.0
Scenario_Corners_4x1_Aware-#0-gcs.csv,SpoofingAware,nmac_benign_spoofer_total,75.75,1.0
Scenario_Corners_4x1_Aware-#0-gcs.csv,SpoofingAware,nmac_benign_spoofer_total,76.0,1.0
Scenario_Corners_4x1_Aware-#0-gcs.csv,SpoofingAware,nmac_benign_spoofer_total,76.25,1.0
Scenario_Corners_4x1_Aware-#0-gcs.csv,SpoofingAware,nmac_benign_spoofer_total,76.5,1.0
Scenario_Corners_4x1_Aware-#0-gcs.csv,SpoofingAware,nmac_benign_spoofer_total,76.75,1.0
Scenario_Corners_4x1_Aware-#0-gcs.csv,SpoofingAware,nmac_benign_spoofer_total,77.0,1.0
Scenario_Corners_4x1_Aware-#0-gcs.csv,SpoofingAware,nmac_benign_spoofer_total,77.25,1.0
Scenario_Corners_4x1_Aware-#0-gcs.csv,SpoofingAware,nmac_benign_spoofer_total,77.5,1.0
Scenario_Corners_4x1_Aware-#0-gcs.csv,SpoofingAware,nmac_benign_spoofer_total,77.75,1.0
Scenario_Corners_4x1_Aware-#0-gcs.csv,SpoofingAware,nmac_benign_spoofer_total,78.0,1.0
Scenario_Corners_4x1_Aware-#0-gcs.csv,SpoofingAware,nmac_benign_spoofer_total,78.25,1.0
Scenario_Corners_4x1_Aware-#0-gcs.csv,SpoofingAware,nmac_benign_spoofer_total,78.5,1.0
Scenario_Corners_4x1_Aware-#0-gcs.csv,SpoofingAware,nmac_benign_spoofer_total,78.75,1.0
Scenario_Corners_4x1_Aware-#0-gcs.csv,SpoofingAware,nmac_benign_spoofer_total,79.0,1.0
Scenario_Corners_4x1_Aware-#0-gcs.csv,SpoofingAware,nmac_benign_spoofer_total,79.25,1.0
Scenario_Corners_4x1_Aware-#0-gcs.csv,SpoofingAware,nmac_benign_spoofer_total,79.5,1.0
Scenario_Corners_4x1_Aware-#0-gcs.csv,SpoofingAware,nmac_benign_spoofer_total,79.75,1.0
Scenario_Corners_4x1_Aware-#0-gcs.csv,SpoofingAware,nmac_benign_spoofer_total,80.0,1.0
Scenario_Corners_4x1_Aware-#0-gcs.csv,SpoofingAware,nmac_benign_spoofer_total,80.25,1.0
Scenario_Corners_4x1_Aware-#0-gcs.csv,SpoofingAware,nmac_benign_spoofer_total,80.5,1.0
Scenario_Corners_4x1_Aware-#0-gcs.csv,SpoofingAware,nmac_benign_spoofer_total,80.75,1.0
Scenario_Corners_4x1_Aware-#0-gcs.csv,SpoofingAware,nmac_benign_spoofer_total,81.0,1.0
Scenario_Corners_4x1_Aware-#0-gcs.csv,SpoofingAware,nmac_benign_spoofer_total,81.25,1.0
Scenario_Corners_4x1_Aware-#0-gcs.csv,SpoofingAware,nmac_benign_spoofer_total,81.5,1.0
Scenario_Corners_4x1_Aware-#0-gcs.csv,SpoofingAware,nmac_benign_spoofer_total,81.75,1.0
Scenario_Corners_4x1_Aware-#0-gcs.csv,SpoofingAware,nmac_benign_spoofer_total,82.0,1.0
Scenario_Corners_4x1_Aware-#0-gcs.csv,SpoofingAware,nmac_benign_spoofer_total,82.25,1.0
Scenario_Corners_4x1_Aware-#0-gcs.csv,SpoofingAware,nmac_benign_spoofer_total,82.5,1.0
Scenario_Corners_4x1_Aware-#0-gcs.csv,SpoofingAware,nmac_benign_spoofer_total,82.75,1.0
Scenario_Corners_4x1_Aware-#0-gcs.csv,SpoofingAware,nmac_benign_spoofer_total,83.0,1.0
Scenario_Corners_4x1_Aware-#0-gcs.csv,SpoofingAware,nmac_benign_spoofer_total,83.25,1.0
Scenario_Corners_4x1_Aware-#0-gcs.csv,SpoofingAware,nmac_benign_spoofer_total,83.5,1.0
Scenario_Corners_4x1_Aware-#0-gcs.csv,SpoofingAware,nmac_benign_spoofer_total,83.75,1.0
Scenario_Corners_4x1_Aware-#0-gcs.csv,SpoofingAware,nmac_benign_spoofer_total,84.0,1.0
Scenario_Corners_4x1_Aware-#0-gcs.csv,SpoofingAware,nmac_benign_spoofer_total,84.25,1.0
Scenario_Corners_4x1_Aware-#0-gcs.csv,SpoofingAware,nmac_benign_spoofer_total,84.5,1.0
Scenario_Corners_4x1_Aware-#0-gcs.csv,SpoofingAware,nmac_benign_spoofer_total,84.75,1.0
Scenario_Corners_4x1_Aware-#0-gcs.csv,SpoofingAware,nmac_benign_spoofer_total,85.0,1.0
Scenario_Corners_4x1_Aware-#0-gcs.csv,SpoofingAware,nmac_benign_spoofer_total,85.25,1.0
Scenario_Corners_4x1_Aware-#0-gcs.csv,SpoofingAware,nmac_benign_spoofer_total,85.5,1.0
Scenario_Corners_4x1_Aware-#0-gcs.csv,SpoofingAware,nmac_benign_spoofer_total,85.75,1.0
Scenario_Corners_4x1_Aware-#0-gcs.csv,SpoofingAware,nmac_benign_spoofer_total,86.0,1.0
Scenario_Corners_4x1_Aware-#0-gcs.csv,SpoofingAware,nmac_benign_spoofer_total,86.25,1.0
Scenario_Corners_4x1_Aware-#0-gcs.csv,SpoofingAware,nmac_benign_spoofer_total,86.5,1.0
Scenario_Corners_4x1_Aware-#0-gcs.csv,SpoofingAware,nmac_benign_spoofer_total,86.75,1.0
Scenario_Corners_4x1_Aware-#0-gcs.csv,SpoofingAware,nmac_benign_spoofer_total,87.0,1.0
Scenario_Corners_4x1_Aware-#0-gcs.csv,SpoofingAware,nmac_benign_spoofer_total,87.25,1.0
Scenario_Corners_4x1_Aware-#0-gcs.csv,SpoofingAware,nmac_benign_spoofer_total,87.5,1.0
Scenario_Corners_4x1_Aware-#0-gcs.csv,SpoofingAware,nmac_benign_spoofer_total,87.75,1.0
Scenario_Corners_4x1_Aware-#0-gcs.csv,SpoofingAware,nmac_benign_spoofer_total,88.0,1.0
Scenario_Corners_4x1_Aware-#0-gcs.csv,SpoofingAware,nmac_benign_spoofer_total,88.25,1.0
Scenario_Corners_4x1_Aware-#0-gcs.csv,SpoofingAware,nmac_benign_spoofer_total,88.5,1.0
Scenario_Corners_4x1_Aware-#0-gcs.csv,SpoofingAware,nmac_benign_spoofer_total,88.75,1.0
Scenario_Corners_4x1_Aware-#0-gcs.csv,SpoofingAware,nmac_benign_spoofer_total,89.0,1.0
Scenario_Corners_4x1_Aware-#0-gcs.csv,SpoofingAware,nmac_benign_spoofer_total,89.25,1.0
Scenario_Corners_4x1_Aware-#0-gcs.csv,SpoofingAware,nmac_benign_spoofer_total,89.5,1.0
Scenario_Corners_4x1_Aware-#0-gcs.csv,SpoofingAware,nmac_benign_spoofer_total,89.75,1.0
Scenario_Corners_4x1_Aware-#0-gcs.csv,SpoofingAware,nmac_benign_spoofer_total,90.0,1.0
Scenario_Corners_4x1_Aware-#0-gcs.csv,SpoofingAware,nmac_benign_spoofer_total,90.25,1.0
Scenario_Corners_4x1_Aware-#0-gcs.csv,SpoofingAware,nmac_benign_spoofer_total,90.5,1.0
Scenario_Corners_4x1_Aware-#0-gcs.csv,SpoofingAware,nmac_benign_spoofer_total,90.75,1.0
Scenario_Corners_4x1_Aware-#0-gcs.csv,SpoofingAware,nmac_benign_spoofer_total,91.0,1.0
Scenario_Corners_4x1_Aware-#0-gcs.csv,SpoofingAware,nmac_benign_spoofer_total,91.25,1.0
Scenario_Corners_4x1_Aware-#0-gcs.csv,SpoofingAware,nmac_benign_spoofer_total,91.5,1.0
Scenario_Corners_4x1_Aware-#0-gcs.csv,SpoofingAware,nmac_benign_spoofer_total,91.75,1.0
Scenario_Corners_4x1_Aware-#0-gcs.csv,SpoofingAware,nmac_benign_spoofer_total,92.0,1.0
Scenario_Corners_4x1_Aware-#0-gcs.csv,SpoofingAware,nmac_benign_spoofer_total,92.25,1.0
Scenario_Corners_4x1_Aware-#0-gcs.csv,SpoofingAware,nmac_benign_spoofer_total,92.5,1.0
Scenario_Corners_4x1_Aware-#0-gcs.csv,SpoofingAware,nmac_benign_spoofer_total,92.75,1.0
Scenario_Corners_4x1_Aware-#0-gcs.csv,SpoofingAware,nmac_benign_spoofer_total,93.0,1.0
Scenario_Corners_4x1_Aware-#0-gcs.csv,SpoofingAware,nmac_benign_spoofer_total,93.25,1.0
Scenario_Corners_4x1_Aware-#0-gcs.csv,SpoofingAware,nmac_benign_spoofer_total,93.5,1.0
Scenario_Corners_4x1_Aware-#0-gcs.csv,SpoofingAware,nmac_benign_spoofer_total,93.75,1.0
Scenario_Corners_4x1_Aware-#0-gcs.csv,SpoofingAware,nmac_benign_spoofer_total,94.0,1.0
Scenario_Corners_4x1_Aware-#0-gcs.csv,SpoofingAware,nmac_benign_spoofer_total,94.25,1.0
Scenario_Corners_4x1_Aware-#0-gcs.csv,SpoofingAware,nmac_benign_spoofer_total,94.5,1.0
Scenario_Corners_4x1_Aware-#0-gcs.csv,SpoofingAware,nmac_benign_spoofer_total,94.75,1.0
Scenario_Corners_4x1_Aware-#0-gcs.csv,SpoofingAware,nmac_benign_spoofer_total,95.0,1.0
Scenario_Corners_4x1_Aware-#0-gcs.csv,SpoofingAware,nmac_benign_spoofer_total,95.25,1.0
Scenario_Corners_4x1_Aware-#0-gcs.csv,SpoofingAware,nmac_benign_spoofer_total,95.5,1.0
Scenario_Corners_4x1_Aware-#0-gcs.csv,SpoofingAware,nmac_benign_spoofer_total,95.75,1.0
Scenario_Corners_4x1_Aware-#0-gcs.csv,SpoofingAware,nmac_benign_spoofer_total,96.0,1.0
Scenario_Corners_4x1_Aware-#0-gcs.csv,SpoofingAware,nmac_benign_spoofer_total,96.25,1.0
Scenario_Corners_4x1_Aware-#0-gcs.csv,SpoofingAware,nmac_benign_spoofer_total,96.5,1.0
Scenario_Corners_4x1_Aware-#0-gcs.csv,SpoofingAware,nmac_benign_spoofer_total,96.75,1.0
Scenario_Corners_4x1_Aware-#0-gcs.csv,SpoofingAware,nmac_benign_spoofer_total,97.0,1.0
Scenario_Corners_4x1_Aware-#0-gcs.csv,SpoofingAware,nmac_benign_spoofer_total,97.25,1.0
Scenario_Corners_4x1_Aware-#0-gcs.csv,SpoofingAware,nmac_benign_spoofer_total,97.5,1.0
Scenario_Corners_4x1_Aware-#0-gcs.csv,SpoofingAware,nmac_benign_spoofer_total,97.75,1.0
Scenario_Corners_4x1_Aware-#0-gcs.csv,SpoofingAware,nmac_benign_spoofer_total,98.0,1.0
Scenario_Corners_4x1_Aware-#0-gcs.csv,SpoofingAware,nmac_benign_spoofer_total,98.25,1.0
Scenario_Corners_4x1_Aware-#0-gcs.csv,SpoofingAware,nmac_benign_spoofer_total,98.5,1.0
Scenario_Corners_4x1_Aware-#0-gcs.csv,SpoofingAware,nmac_benign_spoofer_total,98.75,1.0
Scenario_Corners_4x1_Aware-#0-gcs.csv,SpoofingAware,nmac_benign_spoofer_total,99.0,1.0
Scenario_Corners_4x1_Aware-#0-gcs.csv,SpoofingAware,nmac_benign_spoofer_total,99.25,1.0
Scenario_Corners_4x1_Aware-#0-gcs.csv,SpoofingAware,nmac_benign_spoofer_total,99.5,1.0
Scenario_Corners_4x1_Aware-#0-gcs.csv,SpoofingAware,nmac_benign_spoofer_total,99.75,1.0
Scenario_Corners_4x1_Aware-#0-gcs.csv,SpoofingAware,nmac_benign_spoofer_total,100.0,1.0
Scenario_Corners_4x1_Aware-#0-gcs.csv,SpoofingAware,nmac_proximity_total,0.25,0.0
Scenario_Corners_4x1_Aware-#0-gcs.csv,SpoofingAware,nmac_proximity_total,0.5,0.0
Scenario_Corners_4x1_Aware-#0-gcs.csv,SpoofingAware,nmac_proximity_total,0.75,0.0
Scenario_Corners_4x1_Aware-#0-gcs.csv,SpoofingAware,nmac_proximity_total,1.0,0.0
Scenario_Corners_4x1_Aware-#0-gcs.csv,SpoofingAware,nmac_proximity_total,1.25,0.0
Scenario_Corners_4x1_Aware-#0-gcs.csv,SpoofingAware,nmac_proximity_total,1.5,0.0
Scenario_Corners_4x1_Aware-#0-gcs.csv,SpoofingAware,nmac_proximity_total,1.75,0.0
Scenario_Corners_4x1_Aware-#0-gcs.csv,SpoofingAware,nmac_proximity_total,2.0,0.0
Scenario_Corners_4x1_Aware-#0-gcs.csv,SpoofingAware,nmac_proximity_total,2.25,0.0
Scenario_Corners_4x1_Aware-#0-gcs.csv,SpoofingAware,nmac_proximity_total,2.5,0.0
Scenario_Corners_4x1_Aware-#0-gcs.csv,SpoofingAware,nmac_proximity_total,2.75,0.0
Scenario_Corners_4x1_Aware-#0-gcs.csv,SpoofingAware,nmac_proximity_total,3.0,0.0
Scenario_Corners_4x1_Aware-#0-gcs.csv,SpoofingAware,nmac_proximity_total,3.25,0.0
Scenario_Corners_4x1_Aware-#0-gcs.csv,SpoofingAware,nmac_proximity_total,3.5,0.0
Scenario_Corners_4x1_Aware-#0-gcs.csv,SpoofingAware,nmac_proximity_total,3.75,0.0
Scenario_Corners_4x1_Aware-#0-gcs.csv,SpoofingAware,nmac_proximity_total,4.0,0.0
Scenario_Corners_4x1_Aware-#0-gcs.csv,SpoofingAware,nmac_proximity_total,4.25,0.0
Scenario_Corners_4x1_Aware-#0-gcs.csv,SpoofingAware,nmac_proximity_total,4.5,0.0
Scenario_Corners_4x1_Aware-#0-gcs.csv,SpoofingAware,nmac_proximity_total,4.75,0.0
Scenario_Corners_4x1_Aware-#0-gcs.csv,SpoofingAware,nmac_proximity_total,5.0,0.0
Scenario_Corners_4x1_Aware-#0-gcs.csv,SpoofingAware,nmac_proximity_total,5.25,0.0
Scenario_Corners_4x1_Aware-#0-gcs.csv,SpoofingAware,nmac_proximity_total,5.5,0.0
Scenario_Corners_4x1_Aware-#0-gcs.csv,SpoofingAware,nmac_proximity_total,5.75,0.0
Scenario_Corners_4x1_Aware-#0-gcs.csv,SpoofingAware,nmac_proximity_total,6.0,0.0
Scenario_Corners_4x1_Aware-#0-gcs.csv,SpoofingAware,nmac_proximity_total,6.25,0.0
Scenario_Corners_4x1_Aware-#0-gcs.csv,SpoofingAware,nmac_proximity_total,6.5,0.0
Scenario_Corners_4x1_Aware-#0-gcs.csv,SpoofingAware,nmac_proximity_total,6.75,0.0
Scenario_Corners_4x1_Aware-#0-gcs.csv,SpoofingAware,nmac_proximity_total,7.0,0.0
Scenario_Corners_4x1_Aware-#0-gcs.csv,SpoofingAware,nmac_proximity_total,7.25,0.0
Scenario_Corners_4x1_Aware-#0-gcs.csv,SpoofingAware,nmac_proximity_total,7.5,0.0
Scenario_Corners_4x1_Aware-#0-gcs.csv,SpoofingAware,nmac_proximity_total,7.75,0.0
Scenario_Corners_4x1_Aware-#0-gcs.csv,SpoofingAware,nmac_proximity_total,8.0,0.0
Scenario_Corners_4x1_Aware-#0-gcs.csv,SpoofingAware,nmac_proximity_total,8.25,0.0
Scenario_Corners_4x1_Aware-#0-gcs.csv,SpoofingAware,nmac_proximity_total,8.5,0.0
Scenario_Corners_4x1_Aware-#0-gcs.csv,SpoofingAware,nmac_proximity_total,8.75,0.0
Scenario_Corners_4x1_Aware-#0-gcs.csv,SpoofingAware,nmac_proximity_total,9.0,0.0
Scenario_Corners_4x1_Aware-#0-gcs.csv,SpoofingAware,nmac_proximity_total,9.25,0.0
Scenario_Corners_4x1_Aware-#0-gcs.csv,SpoofingAware,nmac_proximity_total,9.5,0.0
Scenario_Corners_4x1_Aware-#0-gcs.csv,SpoofingAware,nmac_proximity_total,9.75,0.0
Scenario_Corners_4x1_Aware-#0-gcs.csv,SpoofingAware,nmac_proximity_total,10.0,0.0
Scenario_Corners_4x1_Aware-#0-gcs.csv,SpoofingAware,nmac_proximity_total,10.25,0.0
Scenario_Corners_4x1_Aware-#0-gcs.csv,SpoofingAware,nmac_proximity_total,10.5,0.0
Scenario_Corners_4x1_Aware-#0-gcs.csv,SpoofingAware,nmac_proximity_total,10.75,0.0
Scenario_Corners_4x1_Aware-#0-gcs.csv,SpoofingAware,nmac_proximity_total,11.0,0.0
Scenario_Corners_4x1_Aware-#0-gcs.csv,SpoofingAware,nmac_proximity_total,11.25,0.0
Scenario_Corners_4x1_Aware-#0-gcs.csv,SpoofingAware,nmac_proximity_total,11.5,0.0
Scenario_Corners_4x1_Aware-#0-gcs.csv,SpoofingAware,nmac_proximity_total,11.75,0.0
Scenario_Corners_4x1_Aware-#0-gcs.csv,SpoofingAware,nmac_proximity_total,12.0,0.0
Scenario_Corners_4x1_Aware-#0-gcs.csv,SpoofingAware,nmac_proximity_total,12.25,0.0
Scenario_Corners_4x1_Aware-#0-gcs.csv,SpoofingAware,nmac_proximity_total,12.5,0.0
Scenario_Corners_4x1_Aware-#0-gcs.csv,SpoofingAware,nmac_proximity_total,12.75,0.0
Scenario_Corners_4x1_Aware-#0-gcs.csv,SpoofingAware,nmac_proximity_total,13.0,0.0
Scenario_Corners_4x1_Aware-#0-gcs.csv,SpoofingAware,nmac_proximity_total,13.25,0.0
Scenario_Corners_4x1_Aware-#0-gcs.csv,SpoofingAware,nmac_proximity_total,13.5,0.0
Scenario_Corners_4x1_Aware-#0-gcs.csv,SpoofingAware,nmac_proximity_total,13.75,0.0
Scenario_Corners_4x1_Aware-#0-gcs.csv,SpoofingAware,nmac_proximity_total,14.0,0.0
Scenario_Corners_4x1_Aware-#0-gcs.csv,SpoofingAware,nmac_proximity_total,14.25,0.0
Scenario_Corners_4x1_Aware-#0-gcs.csv,SpoofingAware,nmac_proximity_total,14.5,0.0
Scenario_Corners_4x1_Aware-#0-gcs.csv,SpoofingAware,nmac_proximity_total,14.75,0.0
Scenario_Corners_4x1_Aware-#0-gcs.csv,SpoofingAware,nmac_proximity_total,15.0,0.0
Scenario_Corners_4x1_Aware-#0-gcs.csv,SpoofingAware,nmac_proximity_total,15.25,0.0
Scenario_Corners_4x1_Aware-#0-gcs.csv,SpoofingAware,nmac_proximity_total,15.5,0.0
Scenario_Corners_4x1_Aware-#0-gcs.csv,SpoofingAware,nmac_proximity_total,15.75,0.0
Scenario_Corners_4x1_Aware-#0-gcs.csv,SpoofingAware,nmac_proximity_total,16.0,0.0
Scenario_Corners_4x1_Aware-#0-gcs.csv,SpoofingAware,nmac_proximity_total,16.25,0.0
Scenario_Corners_4x1_Aware-#0-gcs.csv,SpoofingAware,nmac_proximity_total,16.5,0.0
Scenario_Corners_4x1_Aware-#0-gcs.csv,SpoofingAware,nmac_proximity_total,16.75,0.0
Scenario_Corners_4x1_Aware-#0-gcs.csv,SpoofingAware,nmac_proximity_total,17.0,0.0
Scenario_Corners_4x1_Aware-#0-gcs.csv,SpoofingAware,nmac_proximity_total,17.25,0.0
Scenario_Corners_4x1_Aware-#0-gcs.csv,SpoofingAware,nmac_proximity_total,17.5,0.0
Scenario_Corners_4x1_Aware-#0-gcs.csv,SpoofingAware,nmac_proximity_total,17.75,0.0
Scenario_Corners_4x1_Aware-#0-gcs.csv,SpoofingAware,nmac_proximity_total,18.0,0.0
Scenario_Corners_4x1_Aware-#0-gcs.csv,SpoofingAware,nmac_proximity_total,18.25,0.0
Scenario_Corners_4x1_Aware-#0-gcs.csv,SpoofingAware,nmac_proximity_total,18.5,0.0
Scenario_Corners_4x1_Aware-#0-gcs.csv,SpoofingAware,nmac_proximity_total,18.75,0.0
Scenario_Corners_4x1_Aware-#0-gcs.csv,SpoofingAware,nmac_proximity_total,19.0,0.0
Scenario_Corners_4x1_Aware-#0-gcs.csv,SpoofingAware,nmac_proximity_total,19.25,0.0
Scenario_Corners_4x1_Aware-#0-gcs.csv,SpoofingAware,nmac_proximity_total,19.5,0.0
Scenario_Corners_4x1_Aware-#0-gcs.csv,SpoofingAware,nmac_proximity_total,19.75,0.0
Scenario_Corners_4x1_Aware-#0-gcs.csv,SpoofingAware,nmac_proximity_total,20.0,0.0
Scenario_Corners_4x1_Aware-#0-gcs.csv,SpoofingAware,nmac_proximity_total,20.25,0.0
Scenario_Corners_4x1_Aware-#0-gcs.csv,SpoofingAware,nmac_proximity_total,20.5,0.0
Scenario_Corners_4x1_Aware-#0-gcs.csv,SpoofingAware,nmac_proximity_total,20.75,0.0
Scenario_Corners_4x1_Aware-#0-gcs.csv,SpoofingAware,nmac_proximity_total,21.0,0.0
Scenario_Corners_4x1_Aware-#0-gcs.csv,SpoofingAware,nmac_proximity_total,21.25,0.0
Scenario_Corners_4x1_Aware-#0-gcs.csv,SpoofingAware,nmac_proximity_total,21.5,0.0
Scenario_Corners_4x1_Aware-#0-gcs.csv,SpoofingAware,nmac_proximity_total,21.75,0.0
Scenario_Corners_4x1_Aware-#0-gcs.csv,SpoofingAware,nmac_proximity_total,22.0,0.0
Scenario_Corners_4x1_Aware-#0-gcs.csv,SpoofingAware,nmac_proximity_total,22.25,0.0
Scenario_Corners_4x1_Aware-#0-gcs.csv,SpoofingAware,nmac_proximity_total,22.5,0.0
Scenario_Corners_4x1_Aware-#0-gcs.csv,SpoofingAware,nmac_proximity_total,22.75,0.0
Scenario_Corners_4x1_Aware-#0-gcs.csv,SpoofingAware,nmac_proximity_total,23.0,0.0
Scenario_Corners_4x1_Aware-#0-gcs.csv,SpoofingAware,nmac_proximity_total,23.25,0.0
Scenario_Corners_4x1_Aware-#0-gcs.csv,SpoofingAware,nmac_proximity_total,23.5,0.0
Scenario_Corners_4x1_Aware-#0-gcs.csv,SpoofingAware,nmac_proximity_total,23.75,0.0
Scenario_Corners_4x1_Aware-#0-gcs.csv,SpoofingAware,nmac_proximity_total,24.0,0.0
Scenario_Corners_4x1_Aware-#0-gcs.csv,SpoofingAware,nmac_proximity_total,24.25,0.0
Scenario_Corners_4x1_Aware-#0-gcs.csv,SpoofingAware,nmac_proximity_total,24.5,0.0
Scenario_Corners_4x1_Aware-#0-gcs.csv,SpoofingAware,nmac_proximity_total,24.75,0.0
Scenario_Corners_4x1_Aware-#0-gcs.csv,SpoofingAware,nmac_proximity_total,25.0,0.0
Scenario_Corners_4x1_Aware-#0-gcs.csv,SpoofingAware,nmac_proximity_total,25.25,0.0
Scenario_Corners_4x1_Aware-#0-gcs.csv,SpoofingAware,nmac_proximity_total,25.5,0.0
Scenario_Corners_4x1_Aware-#0-gcs.csv,SpoofingAware,nmac_proximity_total,25.75,0.0
Scenario_Corners_4x1_Aware-#0-gcs.csv,SpoofingAware,nmac_proximity_total,26.0,0.0
Scenario_Corners_4x1_Aware-#0-gcs.csv,SpoofingAware,nmac_proximity_total,26.25,0.0
Scenario_Corners_4x1_Aware-#0-gcs.csv,SpoofingAware,nmac_proximity_total,26.5,0.0
Scenario_Corners_4x1_Aware-#0-gcs.csv,SpoofingAware,nmac_proximity_total,26.75,0.0
Scenario_Corners_4x1_Aware-#0-gcs.csv,SpoofingAware,nmac_proximity_total,27.0,0.0
Scenario_Corners_4x1_Aware-#0-gcs.csv,SpoofingAware,nmac_proximity_total,27.25,0.0
Scenario_Corners_4x1_Aware-#0-gcs.csv,SpoofingAware,nmac_proximity_total,27.5,0.0
Scenario_Corners_4x1_Aware-#0-gcs.csv,SpoofingAware,nmac_proximity_total,27.75,0.0
Scenario_Corners_4x1_Aware-#0-gcs.csv,SpoofingAware,nmac_proximity_total,28.0,0.0
Scenario_Corners_4x1_Aware-#0-gcs.csv,SpoofingAware,nmac_proximity_total,28.25,0.0
Scenario_Corners_4x1_Aware-#0-gcs.csv,SpoofingAware,nmac_proximity_total,28.5,0.0
Scenario_Corners_4x1_Aware-#0-gcs.csv,SpoofingAware,nmac_proximity_total,28.75,0.0
Scenario_Corners_4x1_Aware-#0-gcs.csv,SpoofingAware,nmac_proximity_total,29.0,0.0
Scenario_Corners_4x1_Aware-#0-gcs.csv,SpoofingAware,nmac_proximity_total,29.25,0.0
Scenario_Corners_4x1_Aware-#0-gcs.csv,SpoofingAware,nmac_proximity_total,29.5,0.0
Scenario_Corners_4x1_Aware-#0-gcs.csv,SpoofingAware,nmac_proximity_total,29.75,0.0
Scenario_Corners_4x1_Aware-#0-gcs.csv,SpoofingAware,nmac_proximity_total,30.0,0.0
Scenario_Corners_4x1_Aware-#0-gcs.csv,SpoofingAware,nmac_proximity_total,30.25,0.0
Scenario_Corners_4x1_Aware-#0-gcs.csv,SpoofingAware,nmac_proximity_total,30.5,0.0
Scenario_Corners_4x1_Aware-#0-gcs.csv,SpoofingAware,nmac_proximity_total,30.75,0.0
Scenario_Corners_4x1_Aware-#0-gcs.csv,SpoofingAware,nmac_proximity_total,31.0,0.0
Scenario_Corners_4x1_Aware-#0-gcs.csv,SpoofingAware,nmac_proximity_total,31.25,0.0
Scenario_Corners_4x1_Aware-#0-gcs.csv,SpoofingAware,nmac_proximity_total,31.5,0.0
Scenario_Corners_4x1_Aware-#0-gcs.csv,SpoofingAware,nmac_proximity_total,31.75,0.0
Scenario_Corners_4x1_Aware-#0-gcs.csv,SpoofingAware,nmac_proximity_total,32.0,0.0
Scenario_Corners_4x1_Aware-#0-gcs.csv,SpoofingAware,nmac_proximity_total,32.25,0.0
Scenario_Corners_4x1_Aware-#0-gcs.csv,SpoofingAware,nmac_proximity_total,32.5,0.0
Scenario_Corners_4x1_Aware-#0-gcs.csv,SpoofingAware,nmac_proximity_total,32.75,0.0
Scenario_Corners_4x1_Aware-#0-gcs.csv,SpoofingAware,nmac_proximity_total,33.0,0.0
Scenario_Corners_4x1_Aware-#0-gcs.csv,SpoofingAware,nmac_proximity_total,33.25,0.0
Scenario_Corners_4x1_Aware-#0-gcs.csv,SpoofingAware,nmac_proximity_total,33.5,0.0
Scenario_Corners_4x1_Aware-#0-gcs.csv,SpoofingAware,nmac_proximity_total,33.75,0.0
Scenario_Corners_4x1_Aware-#0-gcs.csv,SpoofingAware,nmac_proximity_total,34.0,0.0
Scenario_Corners_4x1_Aware-#0-gcs.csv,SpoofingAware,nmac_proximity_total,34.25,0.0
Scenario_Corners_4x1_Aware-#0-gcs.csv,SpoofingAware,nmac_proximity_total,34.5,0.0
Scenario_Corners_4x1_Aware-#0-gcs.csv,SpoofingAware,nmac_proximity_total,34.75,0.0
Scenario_Corners_4x1_Aware-#0-gcs.csv,SpoofingAware,nmac_proximity_total,35.0,0.0
Scenario_Corners_4x1_Aware-#0-gcs.csv,SpoofingAware,nmac_proximity_total,35.25,0.0
Scenario_Corners_4x1_Aware-#0-gcs.csv,SpoofingAware,nmac_proximity_total,35.5,0.0
Scenario_Corners_4x1_Aware-#0-gcs.csv,SpoofingAware,nmac_proximity_total,35.75,0.0
Scenario_Corners_4x1_Aware-#0-gcs.csv,SpoofingAware,nmac_proximity_total,36.0,0.0
Scenario_Corners_4x1_Aware-#0-gcs.csv,SpoofingAware,nmac_proximity_total,36.25,0.0
Scenario_Corners_4x1_Aware-#0-gcs.csv,SpoofingAware,nmac_proximity_total,36.5,0.0
Scenario_Corners_4x1_Aware-#0-gcs.csv,SpoofingAware,nmac_proximity_total,36.75,0.0
Scenario_Corners_4x1_Aware-#0-gcs.csv,SpoofingAware,nmac_proximity_total,37.0,0.0
Scenario_Corners_4x1_Aware-#0-gcs.csv,SpoofingAware,nmac_proximity_total,37.25,0.0
Scenario_Corners_4x1_Aware-#0-gcs.csv,SpoofingAware,nmac_proximity_total,37.5,0.0
Scenario_Corners_4x1_Aware-#0-gcs.csv,SpoofingAware,nmac_proximity_total,37.75,0.0
Scenario_Corners_4x1_Aware-#0-gcs.csv,SpoofingAware,nmac_proximity_total,38.0,0.0
Scenario_Corners_4x1_Aware-#0-gcs.csv,SpoofingAware,nmac_proximity_total,38.25,0.0
Scenario_Corners_4x1_Aware-#0-gcs.csv,SpoofingAware,nmac_proximity_total,38.5,0.0
Scenario_Corners_4x1_Aware-#0-gcs.csv,SpoofingAware,nmac_proximity_total,38.75,0.0
Scenario_Corners_4x1_Aware-#0-gcs.csv,SpoofingAware,nmac_proximity_total,39.0,0.0
Scenario_Corners_4x1_Aware-#0-gcs.csv,SpoofingAware,nmac_proximity_total,39.25,0.0
Scenario_Corners_4x1_Aware-#0-gcs.csv,SpoofingAware,nmac_proximity_total,39.5,0.0
Scenario_Corners_4x1_Aware-#0-gcs.csv,SpoofingAware,nmac_proximity_total,39.75,0.0
Scenario_Corners_4x1_Aware-#0-gcs.csv,SpoofingAware,nmac_proximity_total,40.0,0.0
Scenario_Corners_4x1_Aware-#0-gcs.csv,SpoofingAware,nmac_proximity_total,40.25,0.0
Scenario_Corners_4x1_Aware-#0-gcs.csv,SpoofingAware,nmac_proximity_total,40.5,0.0
Scenario_Corners_4x1_Aware-#0-gcs.csv,SpoofingAware,nmac_proximity_total,40.75,0.0
Scenario_Corners_4x1_Aware-#0-gcs.csv,SpoofingAware,nmac_proximity_total,41.0,0.0
Scenario_Corners_4x1_Aware-#0-gcs.csv,SpoofingAware,nmac_proximity_total,41.25,0.0
Scenario_Corners_4x1_Aware-#0-gcs.csv,SpoofingAware,nmac_proximity_total,41.5,0.0
Scenario_Corners_4x1_Aware-#0-gcs.csv,SpoofingAware,nmac_proximity_total,41.75,0.0
Scenario_Corners_4x1_Aware-#0-gcs.csv,SpoofingAware,nmac_proximity_total,42.0,0.0
Scenario_Corners_4x1_Aware-#0-gcs.csv,SpoofingAware,nmac_proximity_total,42.25,0.0
Scenario_Corners_4x1_Aware-#0-gcs.csv,SpoofingAware,nmac_proximity_total,42.5,0.0
Scenario_Corners_4x1_Aware-#0-gcs.csv,SpoofingAware,nmac_proximity_total,42.75,0.0
Scenario_Corners_4x1_Aware-#0-gcs.csv,SpoofingAware,nmac_proximity_total,43.0,0.0
Scenario_Corners_4x1_Aware-#0-gcs.csv,SpoofingAware,nmac_proximity_total,43.25,0.0
Scenario_Corners_4x1_Aware-#0-gcs.csv,SpoofingAware,nmac_proximity_total,43.5,0.0
Scenario_Corners_4x1_Aware-#0-gcs.csv,SpoofingAware,nmac_proximity_total,43.75,0.0
Scenario_Corners_4x1_Aware-#0-gcs.csv,SpoofingAware,nmac_proximity_total,44.0,0.0
Scenario_Corners_4x1_Aware-#0-gcs.csv,SpoofingAware,nmac_proximity_total,44.25,0.0
Scenario_Corners_4x1_Aware-#0-gcs.csv,SpoofingAware,nmac_proximity_total,44.5,0.0
Scenario_Corners_4x1_Aware-#0-gcs.csv,SpoofingAware,nmac_proximity_total,44.75,0.0
Scenario_Corners_4x1_Aware-#0-gcs.csv,SpoofingAware,nmac_proximity_total,45.0,0.0
Scenario_Corners_4x1_Aware-#0-gcs.csv,SpoofingAware,nmac_proximity_total,45.25,0.0
Scenario_Corners_4x1_Aware-#0-gcs.csv,SpoofingAware,nmac_proximity_total,45.5,0.0
Scenario_Corners_4x1_Aware-#0-gcs.csv,SpoofingAware,nmac_proximity_total,45.75,0.0
Scenario_Corners_4x1_Aware-#0-gcs.csv,SpoofingAware,nmac_proximity_total,46.0,0.0
Scenario_Corners_4x1_Aware-#0-gcs.csv,SpoofingAware,nmac_proximity_total,46.25,0.0
Scenario_Corners_4x1_Aware-#0-gcs.csv,SpoofingAware,nmac_proximity_total,46.5,0.0
Scenario_Corners_4x1_Aware-#0-gcs.csv,SpoofingAware,nmac_proximity_total,46.75,0.0
Scenario_Corners_4x1_Aware-#0-gcs.csv,SpoofingAware,nmac_proximity_total,47.0,0.0
Scenario_Corners_4x1_Aware-#0-gcs.csv,SpoofingAware,nmac_proximity_total,47.25,0.0
Scenario_Corners_4x1_Aware-#0-gcs.csv,SpoofingAware,nmac_proximity_total,47.5,0.0
Scenario_Corners_4x1_Aware-#0-gcs.csv,SpoofingAware,nmac_proximity_total,47.75,0.0
Scenario_Corners_4x1_Aware-#0-gcs.csv,SpoofingAware,nmac_proximity_total,48.0,0.0
Scenario_Corners_4x1_Aware-#0-gcs.csv,SpoofingAware,nmac_proximity_total,48.25,0.0
Scenario_Corners_4x1_Aware-#0-gcs.csv,SpoofingAware,nmac_proximity_total,48.5,0.0
Scenario_Corners_4x1_Aware-#0-gcs.csv,SpoofingAware,nmac_proximity_total,48.75,0.0
Scenario_Corners_4x1_Aware-#0-gcs.csv,SpoofingAware,nmac_proximity_total,49.0,0.0
Scenario_Corners_4x1_Aware-#0-gcs.csv,SpoofingAware,nmac_proximity_total,49.25,0.0
Scenario_Corners_4x1_Aware-#0-gcs.csv,SpoofingAware,nmac_proximity_total,49.5,0.0
Scenario_Corners_4x1_Aware-#0-gcs.csv,SpoofingAware,nmac_proximity_total,49.75,0.0
Scenario_Corners_4x1_Aware-#0-gcs.csv,SpoofingAware,nmac_proximity_total,50.0,0.0
Scenario_Corners_4x1_Aware-#0-gcs.csv,SpoofingAware,nmac_proximity_total,50.25,0.0
Scenario_Corners_4x1_Aware-#0-gcs.csv,SpoofingAware,nmac_proximity_total,50.5,0.0
Scenario_Corners_4x1_Aware-#0-gcs.csv,SpoofingAware,nmac_proximity_total,50.75,0.0
Scenario_Corners_4x1_Aware-#0-gcs.csv,SpoofingAware,nmac_proximity_total,51.0,0.0
Scenario_Corners_4x1_Aware-#0-gcs.csv,SpoofingAware,nmac_proximity_total,51.25,0.0
Scenario_Corners_4x1_Aware-#0-gcs.csv,SpoofingAware,nmac_proximity_total,51.5,0.0
Scenario_Corners_4x1_Aware-#0-gcs.csv,SpoofingAware,nmac_proximity_total,51.75,0.0
Scenario_Corners_4x1_Aware-#0-gcs.csv,SpoofingAware,nmac_proximity_total,52.0,0.0
Scenario_Corners_4x1_Aware-#0-gcs.csv,SpoofingAware,nmac_proximity_total,52.25,0.0
Scenario_Corners_4x1_Aware-#0-gcs.csv,SpoofingAware,nmac_proximity_total,52.5,0.0
Scenario_Corners_4x1_Aware-#0-gcs.csv,SpoofingAware,nmac_proximity_total,52.75,0.0
Scenario_Corners_4x1_Aware-#0-gcs.csv,SpoofingAware,nmac_proximity_total,53.0,0.0
Scenario_Corners_4x1_Aware-#0-gcs.csv,SpoofingAware,nmac_proximity_total,53.25,0.0
Scenario_Corners_4x1_Aware-#0-gcs.csv,SpoofingAware,nmac_proximity_total,53.5,0.0
Scenario_Corners_4x1_Aware-#0-gcs.csv,SpoofingAware,nmac_proximity_total,53.75,0.0
Scenario_Corners_4x1_Aware-#0-gcs.csv,SpoofingAware,nmac_proximity_total,54.0,0.0
Scenario_Corners_4x1_Aware-#0-gcs.csv,SpoofingAware,nmac_proximity_total,54.25,0.0
Scenario_Corners_4x1_Aware-#0-gcs.csv,SpoofingAware,nmac_proximity_total,54.5,0.0
Scenario_Corners_4x1_Aware-#0-gcs.csv,SpoofingAware,nmac_proximity_total,54.75,0.0
Scenario_Corners_4x1_Aware-#0-gcs.csv,SpoofingAware,nmac_proximity_total,55.0,0.0
Scenario_Corners_4x1_Aware-#0-gcs.csv,SpoofingAware,nmac_proximity_total,55.25,0.0
Scenario_Corners_4x1_Aware-#0-gcs.csv,SpoofingAware,nmac_proximity_total,55.5,0.0
Scenario_Corners_4x1_Aware-#0-gcs.csv,SpoofingAware,nmac_proximity_total,55.75,0.0
Scenario_Corners_4x1_Aware-#0-gcs.csv,SpoofingAware,nmac_proximity_total,56.0,0.0
Scenario_Corners_4x1_Aware-#0-gcs.csv,SpoofingAware,nmac_proximity_total,56.25,0.0
Scenario_Corners_4x1_Aware-#0-gcs.csv,SpoofingAware,nmac_proximity_total,56.5,0.0
Scenario_Corners_4x1_Aware-#0-gcs.csv,SpoofingAware,nmac_proximity_total,56.75,0.0
Scenario_Corners_4x1_Aware-#0-gcs.csv,SpoofingAware,nmac_proximity_total,57.0,0.0
Scenario_Corners_4x1_Aware-#0-gcs.csv,SpoofingAware,nmac_proximity_total,57.25,0.0
Scenario_Corners_4x1_Aware-#0-gcs.csv,SpoofingAware,nmac_proximity_total,57.5,0.0
Scenario_Corners_4x1_Aware-#0-gcs.csv,SpoofingAware,nmac_proximity_total,57.75,0.0
Scenario_Corners_4x1_Aware-#0-gcs.csv,SpoofingAware,nmac_proximity_total,58.0,0.0
Scenario_Corners_4x1_Aware-#0-gcs.csv,SpoofingAware,nmac_proximity_total,58.25,0.0
Scenario_Corners_4x1_Aware-#0-gcs.csv,SpoofingAware,nmac_proximity_total,58.5,0.0
Scenario_Corners_4x1_Aware-#0-gcs.csv,SpoofingAware,nmac_proximity_total,58.75,0.0
Scenario_Corners_4x1_Aware-#0-gcs.csv,SpoofingAware,nmac_proximity_total,59.0,0.0
Scenario_Corners_4x1_Aware-#0-gcs.csv,SpoofingAware,nmac_proximity_total,59.25,0.0
Scenario_Corners_4x1_Aware-#0-gcs.csv,SpoofingAware,nmac_proximity_total,59.5,0.0
Scenario_Corners_4x1_Aware-#0-gcs.csv,SpoofingAware,nmac_proximity_total,59.75,0.0
Scenario_Corners_4x1_Aware-#0-gcs.csv,SpoofingAware,nmac_proximity_total,60.0,0.0
Scenario_Corners_4x1_Aware-#0-gcs.csv,SpoofingAware,nmac_proximity_total,60.25,0.0
Scenario_Corners_4x1_Aware-#0-gcs.csv,SpoofingAware,nmac_proximity_total,60.5,0.0
Scenario_Corners_4x1_Aware-#0-gcs.csv,SpoofingAware,nmac_proximity_total,60.75,0.0
Scenario_Corners_4x1_Aware-#0-gcs.csv,SpoofingAware,nmac_proximity_total,61.0,0.0
Scenario_Corners_4x1_Aware-#0-gcs.csv,SpoofingAware,nmac_proximity_total,61.25,0.0
Scenario_Corners_4x1_Aware-#0-gcs.csv,SpoofingAware,nmac_proximity_total,61.5,0.0
Scenario_Corners_4x1_Aware-#0-gcs.csv,SpoofingAware,nmac_proximity_total,61.75,0.0
Scenario_Corners_4x1_Aware-#0-gcs.csv,SpoofingAware,nmac_proximity_total,62.0,0.0
Scenario_Corners_4x1_Aware-#0-gcs.csv,SpoofingAware,nmac_proximity_total,62.25,0.0
Scenario_Corners_4x1_Aware-#0-gcs.csv,SpoofingAware,nmac_proximity_total,62.5,0.0
Scenario_Corners_4x1_Aware-#0-gcs.csv,SpoofingAware,nmac_proximity_total,62.75,0.0
Scenario_Corners_4x1_Aware-#0-gcs.csv,SpoofingAware,nmac_proximity_total,63.0,0.0
Scenario_Corners_4x1_Aware-#0-gcs.csv,SpoofingAware,nmac_proximity_total,63.25,0.0
Scenario_Corners_4x1_Aware-#0-gcs.csv,SpoofingAware,nmac_proximity_total,63.5,0.0
Scenario_Corners_4x1_Aware-#0-gcs.csv,SpoofingAware,nmac_proximity_total,63.75,0.0
Scenario_Corners_4x1_Aware-#0-gcs.csv,SpoofingAware,nmac_proximity_total,64.0,0.0
Scenario_Corners_4x1_Aware-#0-gcs.csv,SpoofingAware,nmac_proximity_total,64.25,0.0
Scenario_Corners_4x1_Aware-#0-gcs.csv,SpoofingAware,nmac_proximity_total,64.5,0.0
Scenario_Corners_4x1_Aware-#0-gcs.csv,SpoofingAware,nmac_proximity_total,64.75,0.0
Scenario_Corners_4x1_Aware-#0-gcs.csv,SpoofingAware,nmac_proximity_total,65.0,0.0
Scenario_Corners_4x1_Aware-#0-gcs.csv,SpoofingAware,nmac_proximity_total,65.25,0.0
Scenario_Corners_4x1_Aware-#0-gcs.csv,SpoofingAware,nmac_proximity_total,65.5,0.0
Scenario_Corners_4x1_Aware-#0-gcs.csv,SpoofingAware,nmac_proximity_total,65.75,0.0
Scenario_Corners_4x1_Aware-#0-gcs.csv,SpoofingAware,nmac_proximity_total,66.0,0.0
Scenario_Corners_4x1_Aware-#0-gcs.csv,SpoofingAware,nmac_proximity_total,66.25,0.0
Scenario_Corners_4x1_Aware-#0-gcs.csv,SpoofingAware,nmac_proximity_total,66.5,0.0
Scenario_Corners_4x1_Aware-#0-gcs.csv,SpoofingAware,nmac_proximity_total,66.75,0.0
Scenario_Corners_4x1_Aware-#0-gcs.csv,SpoofingAware,nmac_proximity_total,67.0,0.0
Scenario_Corners_4x1_Aware-#0-gcs.csv,SpoofingAware,nmac_proximity_total,67.25,0.0
Scenario_Corners_4x1_Aware-#0-gcs.csv,SpoofingAware,nmac_proximity_total,67.5,0.0
Scenario_Corners_4x1_Aware-#0-gcs.csv,SpoofingAware,nmac_proximity_total,67.75,0.0
Scenario_Corners_4x1_Aware-#0-gcs.csv,SpoofingAware,nmac_proximity_total,68.0,0.0
Scenario_Corners_4x1_Aware-#0-gcs.csv,SpoofingAware,nmac_proximity_total,68.25,0.0
Scenario_Corners_4x1_Aware-#0-gcs.csv,SpoofingAware,nmac_proximity_total,68.5,0.0
Scenario_Corners_4x1_Aware-#0-gcs.csv,SpoofingAware,nmac_proximity_total,68.75,0.0
Scenario_Corners_4x1_Aware-#0-gcs.csv,SpoofingAware,nmac_proximity_total,69.0,0.0
Scenario_Corners_4x1_Aware-#0-gcs.csv,SpoofingAware,nmac_proximity_total,69.25,0.0
Scenario_Corners_4x1_Aware-#0-gcs.csv,SpoofingAware,nmac_proximity_total,69.5,0.0
Scenario_Corners_4x1_Aware-#0-gcs.csv,SpoofingAware,nmac_proximity_total,69.75,0.0
Scenario_Corners_4x1_Aware-#0-gcs.csv,SpoofingAware,nmac_proximity_total,70.0,0.0
Scenario_Corners_4x1_Aware-#0-gcs.csv,SpoofingAware,nmac_proximity_total,70.25,0.0
Scenario_Corners_4x1_Aware-#0-gcs.csv,SpoofingAware,nmac_proximity_total,70.5,0.0
Scenario_Corners_4x1_Aware-#0-gcs.csv,SpoofingAware,nmac_proximity_total,70.75,0.0
Scenario_Corners_4x1_Aware-#0-gcs.csv,SpoofingAware,nmac_proximity_total,71.0,0.0
Scenario_Corners_4x1_Aware-#0-gcs.csv,SpoofingAware,nmac_proximity_total,71.25,0.0
Scenario_Corners_4x1_Aware-#0-gcs.csv,SpoofingAware,nmac_proximity_total,71.5,0.0
Scenario_Corners_4x1_Aware-#0-gcs.csv,SpoofingAware,nmac_proximity_total,71.75,0.0
Scenario_Corners_4x1_Aware-#0-gcs.csv,SpoofingAware,nmac_proximity_total,72.0,0.0
Scenario_Corners_4x1_Aware-#0-gcs.csv,SpoofingAware,nmac_proximity_total,72.25,0.0
Scenario_Corners_4x1_Aware-#0-gcs.csv,SpoofingAware,nmac_proximity_total,72.5,0.0
Scenario_Corners_4x1_Aware-#0-gcs.csv,SpoofingAware,nmac_proximity_total,72.75,0.0
Scenario_Corners_4x1_Aware-#0-gcs.csv,SpoofingAware,nmac_proximity_total,73.0,0.0
Scenario_Corners_4x1_Aware-#0-gcs.csv,SpoofingAware,nmac_proximity_total,73.25,0.0
Scenario_Corners_4x1_Aware-#0-gcs.csv,SpoofingAware,nmac_proximity_total,73.5,0.0
Scenario_Corners_4x1_Aware-#0-gcs.csv,SpoofingAware,nmac_proximity_total,73.75,0.0
Scenario_Corners_4x1_Aware-#0-gcs.csv,SpoofingAware,nmac_proximity_total,74.0,0.0
Scenario_Corners_4x1_Aware-#0-gcs.csv,SpoofingAware,nmac_proximity_total,74.25,0.0
Scenario_Corners_4x1_Aware-#0-gcs.csv,SpoofingAware,nmac_proximity_total,74.5,0.0
Scenario_Corners_4x1_Aware-#0-gcs.csv,SpoofingAware,nmac_proximity_total,74.75,0.0
Scenario_Corners_4x1_Aware-#0-gcs.csv,SpoofingAware,nmac_proximity_total,75.0,0.0
Scenario_Corners_4x1_Aware-#0-gcs.csv,SpoofingAware,nmac_proximity_total,75.25,0.0
Scenario_Corners_4x1_Aware-#0-gcs.csv,SpoofingAware,nmac_proximity_total,75.5,0.0
Scenario_Corners_4x1_Aware-#0-gcs.csv,SpoofingAware,nmac_proximity_total,75.75,0.0
Scenario_Corners_4x1_Aware-#0-gcs.csv,SpoofingAware,nmac_proximity_total,76.0,0.0
Scenario_Corners_4x1_Aware-#0-gcs.csv,SpoofingAware,nmac_proximity_total,76.25,0.0
Scenario_Corners_4x1_Aware-#0-gcs.csv,SpoofingAware,nmac_proximity_total,76.5,0.0
Scenario_Corners_4x1_Aware-#0-gcs.csv,SpoofingAware,nmac_proximity_total,76.75,0.0
Scenario_Corners_4x1_Aware-#0-gcs.csv,SpoofingAware,nmac_proximity_total,77.0,0.0
Scenario_Corners_4x1_Aware-#0-gcs.csv,SpoofingAware,nmac_proximity_total,77.25,0.0
Scenario_Corners_4x1_Aware-#0-gcs.csv,SpoofingAware,nmac_proximity_total,77.5,0.0
Scenario_Corners_4x1_Aware-#0-gcs.csv,SpoofingAware,nmac_proximity_total,77.75,0.0
Scenario_Corners_4x1_Aware-#0-gcs.csv,SpoofingAware,nmac_proximity_total,78.0,0.0
Scenario_Corners_4x1_Aware-#0-gcs.csv,SpoofingAware,nmac_proximity_total,78.25,0.0
Scenario_Corners_4x1_Aware-#0-gcs.csv,SpoofingAware,nmac_proximity_total,78.5,0.0
Scenario_Corners_4x1_Aware-#0-gcs.csv,SpoofingAware,nmac_proximity_total,78.75,0.0
Scenario_Corners_4x1_Aware-#0-gcs.csv,SpoofingAware,nmac_proximity_total,79.0,0.0
Scenario_Corners_4x1_Aware-#0-gcs.csv,SpoofingAware,nmac_proximity_total,79.25,0.0
Scenario_Corners_4x1_Aware-#0-gcs.csv,SpoofingAware,nmac_proximity_total,79.5,0.0
Scenario_Corners_4x1_Aware-#0-gcs.csv,SpoofingAware,nmac_proximity_total,79.75,0.0
Scenario_Corners_4x1_Aware-#0-gcs.csv,SpoofingAware,nmac_proximity_total,80.0,0.0
Scenario_Corners_4x1_Aware-#0-gcs.csv,SpoofingAware,nmac_proximity_total,80.25,0.0
Scenario_Corners_4x1_Aware-#0-gcs.csv,SpoofingAware,nmac_proximity_total,80.5,0.0
Scenario_Corners_4x1_Aware-#0-gcs.csv,SpoofingAware,nmac_proximity_total,80.75,0.0
Scenario_Corners_4x1_Aware-#0-gcs.csv,SpoofingAware,nmac_proximity_total,81.0,0.0
Scenario_Corners_4x1_Aware-#0-gcs.csv,SpoofingAware,nmac_proximity_total,81.25,0.0
Scenario_Corners_4x1_Aware-#0-gcs.csv,SpoofingAware,nmac_proximity_total,81.5,0.0
Scenario_Corners_4x1_Aware-#0-gcs.csv,SpoofingAware,nmac_proximity_total,81.75,0.0
Scenario_Corners_4x1_Aware-#0-gcs.csv,SpoofingAware,nmac_proximity_total,82.0,0.0
Scenario_Corners_4x1_Aware-#0-gcs.csv,SpoofingAware,nmac_proximity_total,82.25,0.0
Scenario_Corners_4x1_Aware-#0-gcs.csv,SpoofingAware,nmac_proximity_total,82.5,0.0
Scenario_Corners_4x1_Aware-#0-gcs.csv,SpoofingAware,nmac_proximity_total,82.75,0.0
Scenario_Corners_4x1_Aware-#0-gcs.csv,SpoofingAware,nmac_proximity_total,83.0,0.0
Scenario_Corners_4x1_Aware-#0-gcs.csv,SpoofingAware,nmac_proximity_total,83.25,0.0
Scenario_Corners_4x1_Aware-#0-gcs.csv,SpoofingAware,nmac_proximity_total,83.5,0.0
Scenario_Corners_4x1_Aware-#0-gcs.csv,SpoofingAware,nmac_proximity_total,83.75,0.0
Scenario_Corners_4x1_Aware-#0-gcs.csv,SpoofingAware,nmac_proximity_total,84.0,0.0
Scenario_Corners_4x1_Aware-#0-gcs.csv,SpoofingAware,nmac_proximity_total,84.25,0.0
Scenario_Corners_4x1_Aware-#0-gcs.csv,SpoofingAware,nmac_proximity_total,84.5,0.0
Scenario_Corners_4x1_Aware-#0-gcs.csv,SpoofingAware,nmac_proximity_total,84.75,0.0
Scenario_Corners_4x1_Aware-#0-gcs.csv,SpoofingAware,nmac_proximity_total,85.0,0.0
Scenario_Corners_4x1_Aware-#0-gcs.csv,SpoofingAware,nmac_proximity_total,85.25,0.0
Scenario_Corners_4x1_Aware-#0-gcs.csv,SpoofingAware,nmac_proximity_total,85.5,0.0
Scenario_Corners_4x1_Aware-#0-gcs.csv,SpoofingAware,nmac_proximity_total,85.75,0.0
Scenario_Corners_4x1_Aware-#0-gcs.csv,SpoofingAware,nmac_proximity_total,86.0,0.0
Scenario_Corners_4x1_Aware-#0-gcs.csv,SpoofingAware,nmac_proximity_total,86.25,0.0
Scenario_Corners_4x1_Aware-#0-gcs.csv,SpoofingAware,nmac_proximity_total,86.5,0.0
Scenario_Corners_4x1_Aware-#0-gcs.csv,SpoofingAware,nmac_proximity_total,86.75,0.0
Scenario_Corners_4x1_Aware-#0-gcs.csv,SpoofingAware,nmac_proximity_total,87.0,0.0
Scenario_Corners_4x1_Aware-#0-gcs.csv,SpoofingAware,nmac_proximity_total,87.25,0.0
Scenario_Corners_4x1_Aware-#0-gcs.csv,SpoofingAware,nmac_proximity_total,87.5,0.0
Scenario_Corners_4x1_Aware-#0-gcs.csv,SpoofingAware,nmac_proximity_total,87.75,0.0
Scenario_Corners_4x1_Aware-#0-gcs.csv,SpoofingAware,nmac_proximity_total,88.0,0.0
Scenario_Corners_4x1_Aware-#0-gcs.csv,SpoofingAware,nmac_proximity_total,88.25,0.0
Scenario_Corners_4x1_Aware-#0-gcs.csv,SpoofingAware,nmac_proximity_total,88.5,0.0
Scenario_Corners_4x1_Aware-#0-gcs.csv,SpoofingAware,nmac_proximity_total,88.75,0.0
Scenario_Corners_4x1_Aware-#0-gcs.csv,SpoofingAware,nmac_proximity_total,89.0,0.0
Scenario_Corners_4x1_Aware-#0-gcs.csv,SpoofingAware,nmac_proximity_total,89.25,0.0
Scenario_Corners_4x1_Aware-#0-gcs.csv,SpoofingAware,nmac_proximity_total,89.5,0.0
Scenario_Corners_4x1_Aware-#0-gcs.csv,SpoofingAware,nmac_proximity_total,89.75,0.0
Scenario_Corners_4x1_Aware-#0-gcs.csv,SpoofingAware,nmac_proximity_total,90.0,0.0
Scenario_Corners_4x1_Aware-#0-gcs.csv,SpoofingAware,nmac_proximity_total,90.25,0.0
Scenario_Corners_4x1_Aware-#0-gcs.csv,SpoofingAware,nmac_proximity_total,90.5,0.0
Scenario_Corners_4x1_Aware-#0-gcs.csv,SpoofingAware,nmac_proximity_total,90.75,0.0
Scenario_Corners_4x1_Aware-#0-gcs.csv,SpoofingAware,nmac_proximity_total,91.0,0.0
Scenario_Corners_4x1_Aware-#0-gcs.csv,SpoofingAware,nmac_proximity_total,91.25,0.0
Scenario_Corners_4x1_Aware-#0-gcs.csv,SpoofingAware,nmac_proximity_total,91.5,0.0
Scenario_Corners_4x1_Aware-#0-gcs.csv,SpoofingAware,nmac_proximity_total,91.75,0.0
Scenario_Corners_4x1_Aware-#0-gcs.csv,SpoofingAware,nmac_proximity_total,92.0,0.0
Scenario_Corners_4x1_Aware-#0-gcs.csv,SpoofingAware,nmac_proximity_total,92.25,0.0
Scenario_Corners_4x1_Aware-#0-gcs.csv,SpoofingAware,nmac_proximity_total,92.5,0.0
Scenario_Corners_4x1_Aware-#0-gcs.csv,SpoofingAware,nmac_proximity_total,92.75,0.0
Scenario_Corners_4x1_Aware-#0-gcs.csv,SpoofingAware,nmac_proximity_total,93.0,0.0
Scenario_Corners_4x1_Aware-#0-gcs.csv,SpoofingAware,nmac_proximity_total,93.25,0.0
Scenario_Corners_4x1_Aware-#0-gcs.csv,SpoofingAware,nmac_proximity_total,93.5,0.0
Scenario_Corners_4x1_Aware-#0-gcs.csv,SpoofingAware,nmac_proximity_total,93.75,0.0
Scenario_Corners_4x1_Aware-#0-gcs.csv,SpoofingAware,nmac_proximity_total,94.0,0.0
Scenario_Corners_4x1_Aware-#0-gcs.csv,SpoofingAware,nmac_proximity_total,94.25,0.0
Scenario_Corners_4x1_Aware-#0-gcs.csv,SpoofingAware,nmac_proximity_total,94.5,0.0
Scenario_Corners_4x1_Aware-#0-gcs.csv,SpoofingAware,nmac_proximity_total,94.75,0.0
Scenario_Corners_4x1_Aware-#0-gcs.csv,SpoofingAware,nmac_proximity_total,95.0,0.0
Scenario_Corners_4x1_Aware-#0-gcs.csv,SpoofingAware,nmac_proximity_total,95.25,0.0
Scenario_Corners_4x1_Aware-#0-gcs.csv,SpoofingAware,nmac_proximity_total,95.5,0.0
Scenario_Corners_4x1_Aware-#0-gcs.csv,SpoofingAware,nmac_proximity_total,95.75,0.0
Scenario_Corners_4x1_Aware-#0-gcs.csv,SpoofingAware,nmac_proximity_total,96.0,0.0
Scenario_Corners_4x1_Aware-#0-gcs.csv,SpoofingAware,nmac_proximity_total,96.25,0.0
Scenario_Corners_4x1_Aware-#0-gcs.csv,SpoofingAware,nmac_proximity_total,96.5,0.0
Scenario_Corners_4x1_Aware-#0-gcs.csv,SpoofingAware,nmac_proximity_total,96.75,0.0
Scenario_Corners_4x1_Aware-#0-gcs.csv,SpoofingAware,nmac_proximity_total,97.0,0.0
Scenario_Corners_4x1_Aware-#0-gcs.csv,SpoofingAware,nmac_proximity_total,97.25,0.0
Scenario_Corners_4x1_Aware-#0-gcs.csv,SpoofingAware,nmac_proximity_total,97.5,0.0
Scenario_Corners_4x1_Aware-#0-gcs.csv,SpoofingAware,nmac_proximity_total,97.75,0.0
Scenario_Corners_4x1_Aware-#0-gcs.csv,SpoofingAware,nmac_proximity_total,98.0,0.0
Scenario_Corners_4x1_Aware-#0-gcs.csv,SpoofingAware,nmac_proximity_total,98.25,0.0
Scenario_Corners_4x1_Aware-#0-gcs.csv,SpoofingAware,nmac_proximity_total,98.5,0.0
Scenario_Corners_4x1_Aware-#0-gcs.csv,SpoofingAware,nmac_proximity_total,98.75,0.0
Scenario_Corners_4x1_Aware-#0-gcs.csv,SpoofingAware,nmac_proximity_total,99.0,0.0
Scenario_Corners_4x1_Aware-#0-gcs.csv,SpoofingAware,nmac_proximity_total,99.25,0.0
Scenario_Corners_4x1_Aware-#0-gcs.csv,SpoofingAware,nmac_proximity_total,99.5,0.0
Scenario_Corners_4x1_Aware-#0-gcs.csv,SpoofingAware,nmac_proximity_total,99.75,0.0
Scenario_Corners_4x1_Aware-#0-gcs.csv,SpoofingAware,nmac_proximity_total,100.0,0.0
Scenario_Corners_4x1_Aware-#0-gcs.csv,SpoofingAware,nmac_spoofer_unsafe_total,0.25,0.0
Scenario_Corners_4x1_Aware-#0-gcs.csv,SpoofingAware,nmac_spoofer_unsafe_total,0.5,0.0
Scenario_Corners_4x1_Aware-#0-gcs.csv,SpoofingAware,nmac_spoofer_unsafe_total,0.75,0.0
Scenario_Corners_4x1_Aware-#0-gcs.csv,SpoofingAware,nmac_spoofer_unsafe_total,1.0,0.0
Scenario_Corners_4x1_Aware-#0-gcs.csv,SpoofingAware,nmac_spoofer_unsafe_total,1.25,0.0
Scenario_Corners_4x1_Aware-#0-gcs.csv,SpoofingAware,nmac_spoofer_unsafe_total,1.5,0.0
Scenario_Corners_4x1_Aware-#0-gcs.csv,SpoofingAware,nmac_spoofer_unsafe_total,1.75,0.0
Scenario_Corners_4x1_Aware-#0-gcs.csv,SpoofingAware,nmac_spoofer_unsafe_total,2.0,0.0
Scenario_Corners_4x1_Aware-#0-gcs.csv,SpoofingAware,nmac_spoofer_unsafe_total,2.25,0.0
Scenario_Corners_4x1_Aware-#0-gcs.csv,SpoofingAware,nmac_spoofer_unsafe_total,2.5,0.0
Scenario_Corners_4x1_Aware-#0-gcs.csv,SpoofingAware,nmac_spoofer_unsafe_total,2.75,0.0
Scenario_Corners_4x1_Aware-#0-gcs.csv,SpoofingAware,nmac_spoofer_unsafe_total,3.0,0.0
Scenario_Corners_4x1_Aware-#0-gcs.csv,SpoofingAware,nmac_spoofer_unsafe_total,3.25,0.0
Scenario_Corners_4x1_Aware-#0-gcs.csv,SpoofingAware,nmac_spoofer_unsafe_total,3.5,0.0
Scenario_Corners_4x1_Aware-#0-gcs.csv,SpoofingAware,nmac_spoofer_unsafe_total,3.75,0.0
Scenario_Corners_4x1_Aware-#0-gcs.csv,SpoofingAware,nmac_spoofer_unsafe_total,4.0,0.0
Scenario_Corners_4x1_Aware-#0-gcs.csv,SpoofingAware,nmac_spoofer_unsafe_total,4.25,0.0
Scenario_Corners_4x1_Aware-#0-gcs.csv,SpoofingAware,nmac_spoofer_unsafe_total,4.5,0.0
Scenario_Corners_4x1_Aware-#0-gcs.csv,SpoofingAware,nmac_spoofer_unsafe_total,4.75,0.0
Scenario_Corners_4x1_Aware-#0-gcs.csv,SpoofingAware,nmac_spoofer_unsafe_total,5.0,0.0
Scenario_Corners_4x1_Aware-#0-gcs.csv,SpoofingAware,nmac_spoofer_unsafe_total,5.25,0.0
Scenario_Corners_4x1_Aware-#0-gcs.csv,SpoofingAware,nmac_spoofer_unsafe_total,5.5,0.0
Scenario_Corners_4x1_Aware-#0-gcs.csv,SpoofingAware,nmac_spoofer_unsafe_total,5.75,0.0
Scenario_Corners_4x1_Aware-#0-gcs.csv,SpoofingAware,nmac_spoofer_unsafe_total,6.0,0.0
Scenario_Corners_4x1_Aware-#0-gcs.csv,SpoofingAware,nmac_spoofer_unsafe_total,6.25,0.0
Scenario_Corners_4x1_Aware-#0-gcs.csv,SpoofingAware,nmac_spoofer_unsafe_total,6.5,0.0
Scenario_Corners_4x1_Aware-#0-gcs.csv,SpoofingAware,nmac_spoofer_unsafe_total,6.75,0.0
Scenario_Corners_4x1_Aware-#0-gcs.csv,SpoofingAware,nmac_spoofer_unsafe_total,7.0,0.0
Scenario_Corners_4x1_Aware-#0-gcs.csv,SpoofingAware,nmac_spoofer_unsafe_total,7.25,0.0
Scenario_Corners_4x1_Aware-#0-gcs.csv,SpoofingAware,nmac_spoofer_unsafe_total,7.5,0.0
Scenario_Corners_4x1_Aware-#0-gcs.csv,SpoofingAware,nmac_spoofer_unsafe_total,7.75,0.0
Scenario_Corners_4x1_Aware-#0-gcs.csv,SpoofingAware,nmac_spoofer_unsafe_total,8.0,0.0
Scenario_Corners_4x1_Aware-#0-gcs.csv,SpoofingAware,nmac_spoofer_unsafe_total,8.25,0.0
Scenario_Corners_4x1_Aware-#0-gcs.csv,SpoofingAware,nmac_spoofer_unsafe_total,8.5,0.0
Scenario_Corners_4x1_Aware-#0-gcs.csv,SpoofingAware,nmac_spoofer_unsafe_total,8.75,0.0
Scenario_Corners_4x1_Aware-#0-gcs.csv,SpoofingAware,nmac_spoofer_unsafe_total,9.0,0.0
Scenario_Corners_4x1_Aware-#0-gcs.csv,SpoofingAware,nmac_spoofer_unsafe_total,9.25,0.0
Scenario_Corners_4x1_Aware-#0-gcs.csv,SpoofingAware,nmac_spoofer_unsafe_total,9.5,0.0
Scenario_Corners_4x1_Aware-#0-gcs.csv,SpoofingAware,nmac_spoofer_unsafe_total,9.75,0.0
Scenario_Corners_4x1_Aware-#0-gcs.csv,SpoofingAware,nmac_spoofer_unsafe_total,10.0,0.0
Scenario_Corners_4x1_Aware-#0-gcs.csv,SpoofingAware,nmac_spoofer_unsafe_total,10.25,0.0
Scenario_Corners_4x1_Aware-#0-gcs.csv,SpoofingAware,nmac_spoofer_unsafe_total,10.5,0.0
Scenario_Corners_4x1_Aware-#0-gcs.csv,SpoofingAware,nmac_spoofer_unsafe_total,10.75,0.0
Scenario_Corners_4x1_Aware-#0-gcs.csv,SpoofingAware,nmac_spoofer_unsafe_total,11.0,0.0
Scenario_Corners_4x1_Aware-#0-gcs.csv,SpoofingAware,nmac_spoofer_unsafe_total,11.25,0.0
Scenario_Corners_4x1_Aware-#0-gcs.csv,SpoofingAware,nmac_spoofer_unsafe_total,11.5,0.0
Scenario_Corners_4x1_Aware-#0-gcs.csv,SpoofingAware,nmac_spoofer_unsafe_total,11.75,0.0
Scenario_Corners_4x1_Aware-#0-gcs.csv,SpoofingAware,nmac_spoofer_unsafe_total,12.0,0.0
Scenario_Corners_4x1_Aware-#0-gcs.csv,SpoofingAware,nmac_spoofer_unsafe_total,12.25,0.0
Scenario_Corners_4x1_Aware-#0-gcs.csv,SpoofingAware,nmac_spoofer_unsafe_total,12.5,0.0
Scenario_Corners_4x1_Aware-#0-gcs.csv,SpoofingAware,nmac_spoofer_unsafe_total,12.75,0.0
Scenario_Corners_4x1_Aware-#0-gcs.csv,SpoofingAware,nmac_spoofer_unsafe_total,13.0,0.0
Scenario_Corners_4x1_Aware-#0-gcs.csv,SpoofingAware,nmac_spoofer_unsafe_total,13.25,0.0
Scenario_Corners_4x1_Aware-#0-gcs.csv,SpoofingAware,nmac_spoofer_unsafe_total,13.5,0.0
Scenario_Corners_4x1_Aware-#0-gcs.csv,SpoofingAware,nmac_spoofer_unsafe_total,13.75,0.0
Scenario_Corners_4x1_Aware-#0-gcs.csv,SpoofingAware,nmac_spoofer_unsafe_total,14.0,0.0
Scenario_Corners_4x1_Aware-#0-gcs.csv,SpoofingAware,nmac_spoofer_unsafe_total,14.25,0.0
Scenario_Corners_4x1_Aware-#0-gcs.csv,SpoofingAware,nmac_spoofer_unsafe_total,14.5,0.0
Scenario_Corners_4x1_Aware-#0-gcs.csv,SpoofingAware,nmac_spoofer_unsafe_total,14.75,0.0
Scenario_Corners_4x1_Aware-#0-gcs.csv,SpoofingAware,nmac_spoofer_unsafe_total,15.0,0.0
Scenario_Corners_4x1_Aware-#0-gcs.csv,SpoofingAware,nmac_spoofer_unsafe_total,15.25,0.0
Scenario_Corners_4x1_Aware-#0-gcs.csv,SpoofingAware,nmac_spoofer_unsafe_total,15.5,0.0
Scenario_Corners_4x1_Aware-#0-gcs.csv,SpoofingAware,nmac_spoofer_unsafe_total,15.75,0.0
Scenario_Corners_4x1_Aware-#0-gcs.csv,SpoofingAware,nmac_spoofer_unsafe_total,16.0,0.0
Scenario_Corners_4x1_Aware-#0-gcs.csv,SpoofingAware,nmac_spoofer_unsafe_total,16.25,0.0
Scenario_Corners_4x1_Aware-#0-gcs.csv,SpoofingAware,nmac_spoofer_unsafe_total,16.5,0.0
Scenario_Corners_4x1_Aware-#0-gcs.csv,SpoofingAware,nmac_spoofer_unsafe_total,16.75,0.0
Scenario_Corners_4x1_Aware-#0-gcs.csv,SpoofingAware,nmac_spoofer_unsafe_total,17.0,0.0
Scenario_Corners_4x1_Aware-#0-gcs.csv,SpoofingAware,nmac_spoofer_unsafe_total,17.25,0.0
Scenario_Corners_4x1_Aware-#0-gcs.csv,SpoofingAware,nmac_spoofer_unsafe_total,17.5,0.0
Scenario_Corners_4x1_Aware-#0-gcs.csv,SpoofingAware,nmac_spoofer_unsafe_total,17.75,0.0
Scenario_Corners_4x1_Aware-#0-gcs.csv,SpoofingAware,nmac_spoofer_unsafe_total,18.0,0.0
Scenario_Corners_4x1_Aware-#0-gcs.csv,SpoofingAware,nmac_spoofer_unsafe_total,18.25,0.0
Scenario_Corners_4x1_Aware-#0-gcs.csv,SpoofingAware,nmac_spoofer_unsafe_total,18.5,0.0
Scenario_Corners_4x1_Aware-#0-gcs.csv,SpoofingAware,nmac_spoofer_unsafe_total,18.75,0.0
Scenario_Corners_4x1_Aware-#0-gcs.csv,SpoofingAware,nmac_spoofer_unsafe_total,19.0,0.0
Scenario_Corners_4x1_Aware-#0-gcs.csv,SpoofingAware,nmac_spoofer_unsafe_total,19.25,0.0
Scenario_Corners_4x1_Aware-#0-gcs.csv,SpoofingAware,nmac_spoofer_unsafe_total,19.5,0.0
Scenario_Corners_4x1_Aware-#0-gcs.csv,SpoofingAware,nmac_spoofer_unsafe_total,19.75,0.0
Scenario_Corners_4x1_Aware-#0-gcs.csv,SpoofingAware,nmac_spoofer_unsafe_total,20.0,0.0
Scenario_Corners_4x1_Aware-#0-gcs.csv,SpoofingAware,nmac_spoofer_unsafe_total,20.25,0.0
Scenario_Corners_4x1_Aware-#0-gcs.csv,SpoofingAware,nmac_spoofer_unsafe_total,20.5,0.0
Scenario_Corners_4x1_Aware-#0-gcs.csv,SpoofingAware,nmac_spoofer_unsafe_total,20.75,0.0
Scenario_Corners_4x1_Aware-#0-gcs.csv,SpoofingAware,nmac_spoofer_unsafe_total,21.0,0.0
Scenario_Corners_4x1_Aware-#0-gcs.csv,SpoofingAware,nmac_spoofer_unsafe_total,21.25,0.0
Scenario_Corners_4x1_Aware-#0-gcs.csv,SpoofingAware,nmac_spoofer_unsafe_total,21.5,0.0
Scenario_Corners_4x1_Aware-#0-gcs.csv,SpoofingAware,nmac_spoofer_unsafe_total,21.75,0.0
Scenario_Corners_4x1_Aware-#0-gcs.csv,SpoofingAware,nmac_spoofer_unsafe_total,22.0,0.0
Scenario_Corners_4x1_Aware-#0-gcs.csv,SpoofingAware,nmac_spoofer_unsafe_total,22.25,0.0
Scenario_Corners_4x1_Aware-#0-gcs.csv,SpoofingAware,nmac_spoofer_unsafe_total,22.5,0.0
Scenario_Corners_4x1_Aware-#0-gcs.csv,SpoofingAware,nmac_spoofer_unsafe_total,22.75,0.0
Scenario_Corners_4x1_Aware-#0-gcs.csv,SpoofingAware,nmac_spoofer_unsafe_total,23.0,0.0
Scenario_Corners_4x1_Aware-#0-gcs.csv,SpoofingAware,nmac_spoofer_unsafe_total,23.25,0.0
Scenario_Corners_4x1_Aware-#0-gcs.csv,SpoofingAware,nmac_spoofer_unsafe_total,23.5,0.0
Scenario_Corners_4x1_Aware-#0-gcs.csv,SpoofingAware,nmac_spoofer_unsafe_total,23.75,0.0
Scenario_Corners_4x1_Aware-#0-gcs.csv,SpoofingAware,nmac_spoofer_unsafe_total,24.0,0.0
Scenario_Corners_4x1_Aware-#0-gcs.csv,SpoofingAware,nmac_spoofer_unsafe_total,24.25,0.0
Scenario_Corners_4x1_Aware-#0-gcs.csv,SpoofingAware,nmac_spoofer_unsafe_total,24.5,0.0
Scenario_Corners_4x1_Aware-#0-gcs.csv,SpoofingAware,nmac_spoofer_unsafe_total,24.75,0.0
Scenario_Corners_4x1_Aware-#0-gcs.csv,SpoofingAware,nmac_spoofer_unsafe_total,25.0,0.0
Scenario_Corners_4x1_Aware-#0-gcs.csv,SpoofingAware,nmac_spoofer_unsafe_total,25.25,0.0
Scenario_Corners_4x1_Aware-#0-gcs.csv,SpoofingAware,nmac_spoofer_unsafe_total,25.5,0.0
Scenario_Corners_4x1_Aware-#0-gcs.csv,SpoofingAware,nmac_spoofer_unsafe_total,25.75,0.0
Scenario_Corners_4x1_Aware-#0-gcs.csv,SpoofingAware,nmac_spoofer_unsafe_total,26.0,0.0
Scenario_Corners_4x1_Aware-#0-gcs.csv,SpoofingAware,nmac_spoofer_unsafe_total,26.25,0.0
Scenario_Corners_4x1_Aware-#0-gcs.csv,SpoofingAware,nmac_spoofer_unsafe_total,26.5,0.0
Scenario_Corners_4x1_Aware-#0-gcs.csv,SpoofingAware,nmac_spoofer_unsafe_total,26.75,0.0
Scenario_Corners_4x1_Aware-#0-gcs.csv,SpoofingAware,nmac_spoofer_unsafe_total,27.0,0.0
Scenario_Corners_4x1_Aware-#0-gcs.csv,SpoofingAware,nmac_spoofer_unsafe_total,27.25,0.0
Scenario_Corners_4x1_Aware-#0-gcs.csv,SpoofingAware,nmac_spoofer_unsafe_total,27.5,0.0
Scenario_Corners_4x1_Aware-#0-gcs.csv,SpoofingAware,nmac_spoofer_unsafe_total,27.75,0.0
Scenario_Corners_4x1_Aware-#0-gcs.csv,SpoofingAware,nmac_spoofer_unsafe_total,28.0,0.0
Scenario_Corners_4x1_Aware-#0-gcs.csv,SpoofingAware,nmac_spoofer_unsafe_total,28.25,0.0
Scenario_Corners_4x1_Aware-#0-gcs.csv,SpoofingAware,nmac_spoofer_unsafe_total,28.5,0.0
Scenario_Corners_4x1_Aware-#0-gcs.csv,SpoofingAware,nmac_spoofer_unsafe_total,28.75,0.0
Scenario_Corners_4x1_Aware-#0-gcs.csv,SpoofingAware,nmac_spoofer_unsafe_total,29.0,0.0
Scenario_Corners_4x1_Aware-#0-gcs.csv,SpoofingAware,nmac_spoofer_unsafe_total,29.25,0.0
Scenario_Corners_4x1_Aware-#0-gcs.csv,SpoofingAware,nmac_spoofer_unsafe_total,29.5,0.0
Scenario_Corners_4x1_Aware-#0-gcs.csv,SpoofingAware,nmac_spoofer_unsafe_total,29.75,0.0
Scenario_Corners_4x1_Aware-#0-gcs.csv,SpoofingAware,nmac_spoofer_unsafe_total,30.0,0.0
Scenario_Corners_4x1_Aware-#0-gcs.csv,SpoofingAware,nmac_spoofer_unsafe_total,30.25,0.0
Scenario_Corners_4x1_Aware-#0-gcs.csv,SpoofingAware,nmac_spoofer_unsafe_total,30.5,0.0
Scenario_Corners_4x1_Aware-#0-gcs.csv,SpoofingAware,nmac_spoofer_unsafe_total,30.75,0.0
Scenario_Corners_4x1_Aware-#0-gcs.csv,SpoofingAware,nmac_spoofer_unsafe_total,31.0,0.0
Scenario_Corners_4x1_Aware-#0-gcs.csv,SpoofingAware,nmac_spoofer_unsafe_total,31.25,0.0
Scenario_Corners_4x1_Aware-#0-gcs.csv,SpoofingAware,nmac_spoofer_unsafe_total,31.5,0.0
Scenario_Corners_4x1_Aware-#0-gcs.csv,SpoofingAware,nmac_spoofer_unsafe_total,31.75,0.0
Scenario_Corners_4x1_Aware-#0-gcs.csv,SpoofingAware,nmac_spoofer_unsafe_total,32.0,0.0
Scenario_Corners_4x1_Aware-#0-gcs.csv,SpoofingAware,nmac_spoofer_unsafe_total,32.25,0.0
Scenario_Corners_4x1_Aware-#0-gcs.csv,SpoofingAware,nmac_spoofer_unsafe_total,32.5,0.0
Scenario_Corners_4x1_Aware-#0-gcs.csv,SpoofingAware,nmac_spoofer_unsafe_total,32.75,0.0
Scenario_Corners_4x1_Aware-#0-gcs.csv,SpoofingAware,nmac_spoofer_unsafe_total,33.0,0.0
Scenario_Corners_4x1_Aware-#0-gcs.csv,SpoofingAware,nmac_spoofer_unsafe_total,33.25,0.0
Scenario_Corners_4x1_Aware-#0-gcs.csv,SpoofingAware,nmac_spoofer_unsafe_total,33.5,0.0
Scenario_Corners_4x1_Aware-#0-gcs.csv,SpoofingAware,nmac_spoofer_unsafe_total,33.75,0.0
Scenario_Corners_4x1_Aware-#0-gcs.csv,SpoofingAware,nmac_spoofer_unsafe_total,34.0,0.0
Scenario_Corners_4x1_Aware-#0-gcs.csv,SpoofingAware,nmac_spoofer_unsafe_total,34.25,0.0
Scenario_Corners_4x1_Aware-#0-gcs.csv,SpoofingAware,nmac_spoofer_unsafe_total,34.5,0.0
Scenario_Corners_4x1_Aware-#0-gcs.csv,SpoofingAware,nmac_spoofer_unsafe_total,34.75,0.0
Scenario_Corners_4x1_Aware-#0-gcs.csv,SpoofingAware,nmac_spoofer_unsafe_total,35.0,0.0
Scenario_Corners_4x1_Aware-#0-gcs.csv,SpoofingAware,nmac_spoofer_unsafe_total,35.25,0.0
Scenario_Corners_4x1_Aware-#0-gcs.csv,SpoofingAware,nmac_spoofer_unsafe_total,35.5,0.0
Scenario_Corners_4x1_Aware-#0-gcs.csv,SpoofingAware,nmac_spoofer_unsafe_total,35.75,0.0
Scenario_Corners_4x1_Aware-#0-gcs.csv,SpoofingAware,nmac_spoofer_unsafe_total,36.0,0.0
Scenario_Corners_4x1_Aware-#0-gcs.csv,SpoofingAware,nmac_spoofer_unsafe_total,36.25,0.0
Scenario_Corners_4x1_Aware-#0-gcs.csv,SpoofingAware,nmac_spoofer_unsafe_total,36.5,0.0
Scenario_Corners_4x1_Aware-#0-gcs.csv,SpoofingAware,nmac_spoofer_unsafe_total,36.75,0.0
Scenario_Corners_4x1_Aware-#0-gcs.csv,SpoofingAware,nmac_spoofer_unsafe_total,37.0,0.0
Scenario_Corners_4x1_Aware-#0-gcs.csv,SpoofingAware,nmac_spoofer_unsafe_total,37.25,0.0
Scenario_Corners_4x1_Aware-#0-gcs.csv,SpoofingAware,nmac_spoofer_unsafe_total,37.5,0.0
Scenario_Corners_4x1_Aware-#0-gcs.csv,SpoofingAware,nmac_spoofer_unsafe_total,37.75,0.0
Scenario_Corners_4x1_Aware-#0-gcs.csv,SpoofingAware,nmac_spoofer_unsafe_total,38.0,0.0
Scenario_Corners_4x1_Aware-#0-gcs.csv,SpoofingAware,nmac_spoofer_unsafe_total,38.25,0.0
Scenario_Corners_4x1_Aware-#0-gcs.csv,SpoofingAware,nmac_spoofer_unsafe_total,38.5,0.0
Scenario_Corners_4x1_Aware-#0-gcs.csv,SpoofingAware,nmac_spoofer_unsafe_total,38.75,0.0
Scenario_Corners_4x1_Aware-#0-gcs.csv,SpoofingAware,nmac_spoofer_unsafe_total,39.0,0.0
Scenario_Corners_4x1_Aware-#0-gcs.csv,SpoofingAware,nmac_spoofer_unsafe_total,39.25,0.0
Scenario_Corners_4x1_Aware-#0-gcs.csv,SpoofingAware,nmac_spoofer_unsafe_total,39.5,0.0
Scenario_Corners_4x1_Aware-#0-gcs.csv,SpoofingAware,nmac_spoofer_unsafe_total,39.75,0.0
Scenario_Corners_4x1_Aware-#0-gcs.csv,SpoofingAware,nmac_spoofer_unsafe_total,40.0,0.0
Scenario_Corners_4x1_Aware-#0-gcs.csv,SpoofingAware,nmac_spoofer_unsafe_total,40.25,0.0
Scenario_Corners_4x1_Aware-#0-gcs.csv,SpoofingAware,nmac_spoofer_unsafe_total,40.5,1.0
Scenario_Corners_4x1_Aware-#0-gcs.csv,SpoofingAware,nmac_spoofer_unsafe_total,40.75,1.0
Scenario_Corners_4x1_Aware-#0-gcs.csv,SpoofingAware,nmac_spoofer_unsafe_total,41.0,1.0
Scenario_Corners_4x1_Aware-#0-gcs.csv,SpoofingAware,nmac_spoofer_unsafe_total,41.25,2.0
Scenario_Corners_4x1_Aware-#0-gcs.csv,SpoofingAware,nmac_spoofer_unsafe_total,41.5,2.0
Scenario_Corners_4x1_Aware-#0-gcs.csv,SpoofingAware,nmac_spoofer_unsafe_total,41.75,2.0
Scenario_Corners_4x1_Aware-#0-gcs.csv,SpoofingAware,nmac_spoofer_unsafe_total,42.0,2.0
Scenario_Corners_4x1_Aware-#0-gcs.csv,SpoofingAware,nmac_spoofer_unsafe_total,42.25,2.0
Scenario_Corners_4x1_Aware-#0-gcs.csv,SpoofingAware,nmac_spoofer_unsafe_total,42.5,2.0
Scenario_Corners_4x1_Aware-#0-gcs.csv,SpoofingAware,nmac_spoofer_unsafe_total,42.75,2.0
Scenario_Corners_4x1_Aware-#0-gcs.csv,SpoofingAware,nmac_spoofer_unsafe_total,43.0,2.0
Scenario_Corners_4x1_Aware-#0-gcs.csv,SpoofingAware,nmac_spoofer_unsafe_total,43.25,2.0
Scenario_Corners_4x1_Aware-#0-gcs.csv,SpoofingAware,nmac_spoofer_unsafe_total,43.5,2.0
Scenario_Corners_4x1_Aware-#0-gcs.csv,SpoofingAware,nmac_spoofer_unsafe_total,43.75,2.0
Scenario_Corners_4x1_Aware-#0-gcs.csv,SpoofingAware,nmac_spoofer_unsafe_total,44.0,2.0
Scenario_Corners_4x1_Aware-#0-gcs.csv,SpoofingAware,nmac_spoofer_unsafe_total,44.25,2.0
Scenario_Corners_4x1_Aware-#0-gcs.csv,SpoofingAware,nmac_spoofer_unsafe_total,44.5,2.0
Scenario_Corners_4x1_Aware-#0-gcs.csv,SpoofingAware,nmac_spoofer_unsafe_total,44.75,2.0
Scenario_Corners_4x1_Aware-#0-gcs.csv,SpoofingAware,nmac_spoofer_unsafe_total,45.0,2.0
Scenario_Corners_4x1_Aware-#0-gcs.csv,SpoofingAware,nmac_spoofer_unsafe_total,45.25,2.0
Scenario_Corners_4x1_Aware-#0-gcs.csv,SpoofingAware,nmac_spoofer_unsafe_total,45.5,2.0
Scenario_Corners_4x1_Aware-#0-gcs.csv,SpoofingAware,nmac_spoofer_unsafe_total,45.75,2.0
Scenario_Corners_4x1_Aware-#0-gcs.csv,SpoofingAware,nmac_spoofer_unsafe_total,46.0,2.0
Scenario_Corners_4x1_Aware-#0-gcs.csv,SpoofingAware,nmac_spoofer_unsafe_total,46.25,2.0
Scenario_Corners_4x1_Aware-#0-gcs.csv,SpoofingAware,nmac_spoofer_unsafe_total,46.5,2.0
Scenario_Corners_4x1_Aware-#0-gcs.csv,SpoofingAware,nmac_spoofer_unsafe_total,46.75,2.0
Scenario_Corners_4x1_Aware-#0-gcs.csv,SpoofingAware,nmac_spoofer_unsafe_total,47.0,2.0
Scenario_Corners_4x1_Aware-#0-gcs.csv,SpoofingAware,nmac_spoofer_unsafe_total,47.25,2.0
Scenario_Corners_4x1_Aware-#0-gcs.csv,SpoofingAware,nmac_spoofer_unsafe_total,47.5,2.0
Scenario_Corners_4x1_Aware-#0-gcs.csv,SpoofingAware,nmac_spoofer_unsafe_total,47.75,2.0
Scenario_Corners_4x1_Aware-#0-gcs.csv,SpoofingAware,nmac_spoofer_unsafe_total,48.0,2.0
Scenario_Corners_4x1_Aware-#0-gcs.csv,SpoofingAware,nmac_spoofer_unsafe_total,48.25,2.0
Scenario_Corners_4x1_Aware-#0-gcs.csv,SpoofingAware,nmac_spoofer_unsafe_total,48.5,2.0
Scenario_Corners_4x1_Aware-#0-gcs.csv,SpoofingAware,nmac_spoofer_unsafe_total,48.75,2.0
Scenario_Corners_4x1_Aware-#0-gcs.csv,SpoofingAware,nmac_spoofer_unsafe_total,49.0,2.0
Scenario_Corners_4x1_Aware-#0-gcs.csv,SpoofingAware,nmac_spoofer_unsafe_total,49.25,2.0
Scenario_Corners_4x1_Aware-#0-gcs.csv,SpoofingAware,nmac_spoofer_unsafe_total,49.5,2.0
Scenario_Corners_4x1_Aware-#0-gcs.csv,SpoofingAware,nmac_spoofer_unsafe_total,49.75,2.0
Scenario_Corners_4x1_Aware-#0-gcs.csv,SpoofingAware,nmac_spoofer_unsafe_total,50.0,2.0
Scenario_Corners_4x1_Aware-#0-gcs.csv,SpoofingAware,nmac_spoofer_unsafe_total,50.25,2.0
Scenario_Corners_4x1_Aware-#0-gcs.csv,SpoofingAware,nmac_spoofer_unsafe_total,50.5,2.0
Scenario_Corners_4x1_Aware-#0-gcs.csv,SpoofingAware,nmac_spoofer_unsafe_total,50.75,2.0
Scenario_Corners_4x1_Aware-#0-gcs.csv,SpoofingAware,nmac_spoofer_unsafe_total,51.0,2.0
Scenario_Corners_4x1_Aware-#0-gcs.csv,SpoofingAware,nmac_spoofer_unsafe_total,51.25,2.0
Scenario_Corners_4x1_Aware-#0-gcs.csv,SpoofingAware,nmac_spoofer_unsafe_total,51.5,2.0
Scenario_Corners_4x1_Aware-#0-gcs.csv,SpoofingAware,nmac_spoofer_unsafe_total,51.75,2.0
Scenario_Corners_4x1_Aware-#0-gcs.csv,SpoofingAware,nmac_spoofer_unsafe_total,52.0,2.0
Scenario_Corners_4x1_Aware-#0-gcs.csv,SpoofingAware,nmac_spoofer_unsafe_total,52.25,2.0
Scenario_Corners_4x1_Aware-#0-gcs.csv,SpoofingAware,nmac_spoofer_unsafe_total,52.5,2.0
Scenario_Corners_4x1_Aware-#0-gcs.csv,SpoofingAware,nmac_spoofer_unsafe_total,52.75,2.0
Scenario_Corners_4x1_Aware-#0-gcs.csv,SpoofingAware,nmac_spoofer_unsafe_total,53.0,2.0
Scenario_Corners_4x1_Aware-#0-gcs.csv,SpoofingAware,nmac_spoofer_unsafe_total,53.25,2.0
Scenario_Corners_4x1_Aware-#0-gcs.csv,SpoofingAware,nmac_spoofer_unsafe_total,53.5,3.0
Scenario_Corners_4x1_Aware-#0-gcs.csv,SpoofingAware,nmac_spoofer_unsafe_total,53.75,3.0
Scenario_Corners_4x1_Aware-#0-gcs.csv,SpoofingAware,nmac_spoofer_unsafe_total,54.0,3.0
Scenario_Corners_4x1_Aware-#0-gcs.csv,SpoofingAware,nmac_spoofer_unsafe_total,54.25,3.0
Scenario_Corners_4x1_Aware-#0-gcs.csv,SpoofingAware,nmac_spoofer_unsafe_total,54.5,3.0
Scenario_Corners_4x1_Aware-#0-gcs.csv,SpoofingAware,nmac_spoofer_unsafe_total,54.75,3.0
Scenario_Corners_4x1_Aware-#0-gcs.csv,SpoofingAware,nmac_spoofer_unsafe_total,55.0,3.0
Scenario_Corners_4x1_Aware-#0-gcs.csv,SpoofingAware,nmac_spoofer_unsafe_total,55.25,3.0
Scenario_Corners_4x1_Aware-#0-gcs.csv,SpoofingAware,nmac_spoofer_unsafe_total,55.5,3.0
Scenario_Corners_4x1_Aware-#0-gcs.csv,SpoofingAware,nmac_spoofer_unsafe_total,55.75,3.0
Scenario_Corners_4x1_Aware-#0-gcs.csv,SpoofingAware,nmac_spoofer_unsafe_total,56.0,3.0
Scenario_Corners_4x1_Aware-#0-gcs.csv,SpoofingAware,nmac_spoofer_unsafe_total,56.25,3.0
Scenario_Corners_4x1_Aware-#0-gcs.csv,SpoofingAware,nmac_spoofer_unsafe_total,56.5,3.0
Scenario_Corners_4x1_Aware-#0-gcs.csv,SpoofingAware,nmac_spoofer_unsafe_total,56.75,3.0
Scenario_Corners_4x1_Aware-#0-gcs.csv,SpoofingAware,nmac_spoofer_unsafe_total,57.0,3.0
Scenario_Corners_4x1_Aware-#0-gcs.csv,SpoofingAware,nmac_spoofer_unsafe_total,57.25,3.0
Scenario_Corners_4x1_Aware-#0-gcs.csv,SpoofingAware,nmac_spoofer_unsafe_total,57.5,3.0
Scenario_Corners_4x1_Aware-#0-gcs.csv,SpoofingAware,nmac_spoofer_unsafe_total,57.75,3.0
Scenario_Corners_4x1_Aware-#0-gcs.csv,SpoofingAware,nmac_spoofer_unsafe_total,58.0,3.0
Scenario_Corners_4x1_Aware-#0-gcs.csv,SpoofingAware,nmac_spoofer_unsafe_total,58.25,3.0
Scenario_Corners_4x1_Aware-#0-gcs.csv,SpoofingAware,nmac_spoofer_unsafe_total,58.5,3.0
Scenario_Corners_4x1_Aware-#0-gcs.csv,SpoofingAware,nmac_spoofer_unsafe_total,58.75,3.0
Scenario_Corners_4x1_Aware-#0-gcs.csv,SpoofingAware,nmac_spoofer_unsafe_total,59.0,3.0
Scenario_Corners_4x1_Aware-#0-gcs.csv,SpoofingAware,nmac_spoofer_unsafe_total,59.25,3.0
Scenario_Corners_4x1_Aware-#0-gcs.csv,SpoofingAware,nmac_spoofer_unsafe_total,59.5,3.0
Scenario_Corners_4x1_Aware-#0-gcs.csv,SpoofingAware,nmac_spoofer_unsafe_total,59.75,3.0
Scenario_Corners_4x1_Aware-#0-gcs.csv,SpoofingAware,nmac_spoofer_unsafe_total,60.0,3.0
Scenario_Corners_4x1_Aware-#0-gcs.csv,SpoofingAware,nmac_spoofer_unsafe_total,60.25,3.0
Scenario_Corners_4x1_Aware-#0-gcs.csv,SpoofingAware,nmac_spoofer_unsafe_total,60.5,3.0
Scenario_Corners_4x1_Aware-#0-gcs.csv,SpoofingAware,nmac_spoofer_unsafe_total,60.75,3.0
Scenario_Corners_4x1_Aware-#0-gcs.csv,SpoofingAware,nmac_spoofer_unsafe_total,61.0,3.0
Scenario_Corners_4x1_Aware-#0-gcs.csv,SpoofingAware,nmac_spoofer_unsafe_total,61.25,3.0
Scenario_Corners_4x1_Aware-#0-gcs.csv,SpoofingAware,nmac_spoofer_unsafe_total,61.5,3.0
Scenario_Corners_4x1_Aware-#0-gcs.csv,SpoofingAware,nmac_spoofer_unsafe_total,61.75,3.0
Scenario_Corners_4x1_Aware-#0-gcs.csv,SpoofingAware,nmac_spoofer_unsafe_total,62.0,3.0
Scenario_Corners_4x1_Aware-#0-gcs.csv,SpoofingAware,nmac_spoofer_unsafe_total,62.25,3.0
Scenario_Corners_4x1_Aware-#0-gcs.csv,SpoofingAware,nmac_spoofer_unsafe_total,62.5,3.0
Scenario_Corners_4x1_Aware-#0-gcs.csv,SpoofingAware,nmac_spoofer_unsafe_total,62.75,3.0
Scenario_Corners_4x1_Aware-#0-gcs.csv,SpoofingAware,nmac_spoofer_unsafe_total,63.0,3.0
Scenario_Corners_4x1_Aware-#0-gcs.csv,SpoofingAware,nmac_spoofer_unsafe_total,63.25,3.0
Scenario_Corners_4x1_Aware-#0-gcs.csv,SpoofingAware,nmac_spoofer_unsafe_total,63.5,3.0
Scenario_Corners_4x1_Aware-#0-gcs.csv,SpoofingAware,nmac_spoofer_unsafe_total,63.75,3.0
Scenario_Corners_4x1_Aware-#0-gcs.csv,SpoofingAware,nmac_spoofer_unsafe_total,64.0,3.0
Scenario_Corners_4x1_Aware-#0-gcs.csv,SpoofingAware,nmac_spoofer_unsafe_total,64.25,3.0
Scenario_Corners_4x1_Aware-#0-gcs.csv,SpoofingAware,nmac_spoofer_unsafe_total,64.5,3.0
Scenario_Corners_4x1_Aware-#0-gcs.csv,SpoofingAware,nmac_spoofer_unsafe_total,64.75,3.0
Scenario_Corners_4x1_Aware-#0-gcs.csv,SpoofingAware,nmac_spoofer_unsafe_total,65.0,3.0
Scenario_Corners_4x1_Aware-#0-gcs.csv,SpoofingAware,nmac_spoofer_unsafe_total,65.25,3.0
Scenario_Corners_4x1_Aware-#0-gcs.csv,SpoofingAware,nmac_spoofer_unsafe_total,65.5,3.0
Scenario_Corners_4x1_Aware-#0-gcs.csv,SpoofingAware,nmac_spoofer_unsafe_total,65.75,3.0
Scenario_Corners_4x1_Aware-#0-gcs.csv,SpoofingAware,nmac_spoofer_unsafe_total,66.0,3.0
Scenario_Corners_4x1_Aware-#0-gcs.csv,SpoofingAware,nmac_spoofer_unsafe_total,66.25,3.0
Scenario_Corners_4x1_Aware-#0-gcs.csv,SpoofingAware,nmac_spoofer_unsafe_total,66.5,3.0
Scenario_Corners_4x1_Aware-#0-gcs.csv,SpoofingAware,nmac_spoofer_unsafe_total,66.75,3.0
Scenario_Corners_4x1_Aware-#0-gcs.csv,SpoofingAware,nmac_spoofer_unsafe_total,67.0,3.0
Scenario_Corners_4x1_Aware-#0-gcs.csv,SpoofingAware,nmac_spoofer_unsafe_total,67.25,3.0
Scenario_Corners_4x1_Aware-#0-gcs.csv,SpoofingAware,nmac_spoofer_unsafe_total,67.5,3.0
Scenario_Corners_4x1_Aware-#0-gcs.csv,SpoofingAware,nmac_spoofer_unsafe_total,67.75,3.0
Scenario_Corners_4x1_Aware-#0-gcs.csv,SpoofingAware,nmac_spoofer_unsafe_total,68.0,3.0
Scenario_Corners_4x1_Aware-#0-gcs.csv,SpoofingAware,nmac_spoofer_unsafe_total,68.25,3.0
Scenario_Corners_4x1_Aware-#0-gcs.csv,SpoofingAware,nmac_spoofer_unsafe_total,68.5,3.0
Scenario_Corners_4x1_Aware-#0-gcs.csv,SpoofingAware,nmac_spoofer_unsafe_total,68.75,3.0
Scenario_Corners_4x1_Aware-#0-gcs.csv,SpoofingAware,nmac_spoofer_unsafe_total,69.0,3.0
Scenario_Corners_4x1_Aware-#0-gcs.csv,SpoofingAware,nmac_spoofer_unsafe_total,69.25,3.0
Scenario_Corners_4x1_Aware-#0-gcs.csv,SpoofingAware,nmac_spoofer_unsafe_total,69.5,3.0
Scenario_Corners_4x1_Aware-#0-gcs.csv,SpoofingAware,nmac_spoofer_unsafe_total,69.75,3.0
Scenario_Corners_4x1_Aware-#0-gcs.csv,SpoofingAware,nmac_spoofer_unsafe_total,70.0,3.0
Scenario_Corners_4x1_Aware-#0-gcs.csv,SpoofingAware,nmac_spoofer_unsafe_total,70.25,3.0
Scenario_Corners_4x1_Aware-#0-gcs.csv,SpoofingAware,nmac_spoofer_unsafe_total,70.5,3.0
Scenario_Corners_4x1_Aware-#0-gcs.csv,SpoofingAware,nmac_spoofer_unsafe_total,70.75,3.0
Scenario_Corners_4x1_Aware-#0-gcs.csv,SpoofingAware,nmac_spoofer_unsafe_total,71.0,3.0
Scenario_Corners_4x1_Aware-#0-gcs.csv,SpoofingAware,nmac_spoofer_unsafe_total,71.25,3.0
Scenario_Corners_4x1_Aware-#0-gcs.csv,SpoofingAware,nmac_spoofer_unsafe_total,71.5,3.0
Scenario_Corners_4x1_Aware-#0-gcs.csv,SpoofingAware,nmac_spoofer_unsafe_total,71.75,3.0
Scenario_Corners_4x1_Aware-#0-gcs.csv,SpoofingAware,nmac_spoofer_unsafe_total,72.0,3.0
Scenario_Corners_4x1_Aware-#0-gcs.csv,SpoofingAware,nmac_spoofer_unsafe_total,72.25,3.0
Scenario_Corners_4x1_Aware-#0-gcs.csv,SpoofingAware,nmac_spoofer_unsafe_total,72.5,3.0
Scenario_Corners_4x1_Aware-#0-gcs.csv,SpoofingAware,nmac_spoofer_unsafe_total,72.75,3.0
Scenario_Corners_4x1_Aware-#0-gcs.csv,SpoofingAware,nmac_spoofer_unsafe_total,73.0,3.0
Scenario_Corners_4x1_Aware-#0-gcs.csv,SpoofingAware,nmac_spoofer_unsafe_total,73.25,3.0
Scenario_Corners_4x1_Aware-#0-gcs.csv,SpoofingAware,nmac_spoofer_unsafe_total,73.5,3.0
Scenario_Corners_4x1_Aware-#0-gcs.csv,SpoofingAware,nmac_spoofer_unsafe_total,73.75,3.0
Scenario_Corners_4x1_Aware-#0-gcs.csv,SpoofingAware,nmac_spoofer_unsafe_total,74.0,3.0
Scenario_Corners_4x1_Aware-#0-gcs.csv,SpoofingAware,nmac_spoofer_unsafe_total,74.25,3.0
Scenario_Corners_4x1_Aware-#0-gcs.csv,SpoofingAware,nmac_spoofer_unsafe_total,74.5,3.0
Scenario_Corners_4x1_Aware-#0-gcs.csv,SpoofingAware,nmac_spoofer_unsafe_total,74.75,3.0
Scenario_Corners_4x1_Aware-#0-gcs.csv,SpoofingAware,nmac_spoofer_unsafe_total,75.0,3.0
Scenario_Corners_4x1_Aware-#0-gcs.csv,SpoofingAware,nmac_spoofer_unsafe_total,75.25,3.0
Scenario_Corners_4x1_Aware-#0-gcs.csv,SpoofingAware,nmac_spoofer_unsafe_total,75.5,3.0
Scenario_Corners_4x1_Aware-#0-gcs.csv,SpoofingAware,nmac_spoofer_unsafe_total,75.75,3.0
Scenario_Corners_4x1_Aware-#0-gcs.csv,SpoofingAware,nmac_spoofer_unsafe_total,76.0,3.0
Scenario_Corners_4x1_Aware-#0-gcs.csv,SpoofingAware,nmac_spoofer_unsafe_total,76.25,3.0
Scenario_Corners_4x1_Aware-#0-gcs.csv,SpoofingAware,nmac_spoofer_unsafe_total,76.5,3.0
Scenario_Corners_4x1_Aware-#0-gcs.csv,SpoofingAware,nmac_spoofer_unsafe_total,76.75,3.0
Scenario_Corners_4x1_Aware-#0-gcs.csv,SpoofingAware,nmac_spoofer_unsafe_total,77.0,3.0
Scenario_Corners_4x1_Aware-#0-gcs.csv,SpoofingAware,nmac_spoofer_unsafe_total,77.25,3.0
Scenario_Corners_4x1_Aware-#0-gcs.csv,SpoofingAware,nmac_spoofer_unsafe_total,77.5,3.0
Scenario_Corners_4x1_Aware-#0-gcs.csv,SpoofingAware,nmac_spoofer_unsafe_total,77.75,3.0
Scenario_Corners_4x1_Aware-#0-gcs.csv,SpoofingAware,nmac_spoofer_unsafe_total,78.0,3.0
Scenario_Corners_4x1_Aware-#0-gcs.csv,SpoofingAware,nmac_spoofer_unsafe_total,78.25,3.0
Scenario_Corners_4x1_Aware-#0-gcs.csv,SpoofingAware,nmac_spoofer_unsafe_total,78.5,3.0
Scenario_Corners_4x1_Aware-#0-gcs.csv,SpoofingAware,nmac_spoofer_unsafe_total,78.75,3.0
Scenario_Corners_4x1_Aware-#0-gcs.csv,SpoofingAware,nmac_spoofer_unsafe_total,79.0,3.0
Scenario_Corners_4x1_Aware-#0-gcs.csv,SpoofingAware,nmac_spoofer_unsafe_total,79.25,3.0
Scenario_Corners_4x1_Aware-#0-gcs.csv,SpoofingAware,nmac_spoofer_unsafe_total,79.5,3.0
Scenario_Corners_4x1_Aware-#0-gcs.csv,SpoofingAware,nmac_spoofer_unsafe_total,79.75,3.0
Scenario_Corners_4x1_Aware-#0-gcs.csv,SpoofingAware,nmac_spoofer_unsafe_total,80.0,3.0
Scenario_Corners_4x1_Aware-#0-gcs.csv,SpoofingAware,nmac_spoofer_unsafe_total,80.25,3.0
Scenario_Corners_4x1_Aware-#0-gcs.csv,SpoofingAware,nmac_spoofer_unsafe_total,80.5,3.0
Scenario_Corners_4x1_Aware-#0-gcs.csv,SpoofingAware,nmac_spoofer_unsafe_total,80.75,3.0
Scenario_Corners_4x1_Aware-#0-gcs.csv,SpoofingAware,nmac_spoofer_unsafe_total,81.0,3.0
Scenario_Corners_4x1_Aware-#0-gcs.csv,SpoofingAware,nmac_spoofer_unsafe_total,81.25,3.0
Scenario_Corners_4x1_Aware-#0-gcs.csv,SpoofingAware,nmac_spoofer_unsafe_total,81.5,3.0
Scenario_Corners_4x1_Aware-#0-gcs.csv,SpoofingAware,nmac_spoofer_unsafe_total,81.75,3.0
Scenario_Corners_4x1_Aware-#0-gcs.csv,SpoofingAware,nmac_spoofer_unsafe_total,82.0,3.0
Scenario_Corners_4x1_Aware-#0-gcs.csv,SpoofingAware,nmac_spoofer_unsafe_total,82.25,3.0
Scenario_Corners_4x1_Aware-#0-gcs.csv,SpoofingAware,nmac_spoofer_unsafe_total,82.5,3.0
Scenario_Corners_4x1_Aware-#0-gcs.csv,SpoofingAware,nmac_spoofer_unsafe_total,82.75,3.0
Scenario_Corners_4x1_Aware-#0-gcs.csv,SpoofingAware,nmac_spoofer_unsafe_total,83.0,3.0
Scenario_Corners_4x1_Aware-#0-gcs.csv,SpoofingAware,nmac_spoofer_unsafe_total,83.25,3.0
Scenario_Corners_4x1_Aware-#0-gcs.csv,SpoofingAware,nmac_spoofer_unsafe_total,83.5,3.0
Scenario_Corners_4x1_Aware-#0-gcs.csv,SpoofingAware,nmac_spoofer_unsafe_total,83.75,3.0
Scenario_Corners_4x1_Aware-#0-gcs.csv,SpoofingAware,nmac_spoofer_unsafe_total,84.0,3.0
Scenario_Corners_4x1_Aware-#0-gcs.csv,SpoofingAware,nmac_spoofer_unsafe_total,84.25,3.0
Scenario_Corners_4x1_Aware-#0-gcs.csv,SpoofingAware,nmac_spoofer_unsafe_total,84.5,3.0
Scenario_Corners_4x1_Aware-#0-gcs.csv,SpoofingAware,nmac_spoofer_unsafe_total,84.75,3.0
Scenario_Corners_4x1_Aware-#0-gcs.csv,SpoofingAware,nmac_spoofer_unsafe_total,85.0,3.0
Scenario_Corners_4x1_Aware-#0-gcs.csv,SpoofingAware,nmac_spoofer_unsafe_total,85.25,3.0
Scenario_Corners_4x1_Aware-#0-gcs.csv,SpoofingAware,nmac_spoofer_unsafe_total,85.5,3.0
Scenario_Corners_4x1_Aware-#0-gcs.csv,SpoofingAware,nmac_spoofer_unsafe_total,85.75,3.0
Scenario_Corners_4x1_Aware-#0-gcs.csv,SpoofingAware,nmac_spoofer_unsafe_total,86.0,3.0
Scenario_Corners_4x1_Aware-#0-gcs.csv,SpoofingAware,nmac_spoofer_unsafe_total,86.25,3.0
Scenario_Corners_4x1_Aware-#0-gcs.csv,SpoofingAware,nmac_spoofer_unsafe_total,86.5,3.0
Scenario_Corners_4x1_Aware-#0-gcs.csv,SpoofingAware,nmac_spoofer_unsafe_total,86.75,3.0
Scenario_Corners_4x1_Aware-#0-gcs.csv,SpoofingAware,nmac_spoofer_unsafe_total,87.0,3.0
Scenario_Corners_4x1_Aware-#0-gcs.csv,SpoofingAware,nmac_spoofer_unsafe_total,87.25,3.0
Scenario_Corners_4x1_Aware-#0-gcs.csv,SpoofingAware,nmac_spoofer_unsafe_total,87.5,3.0
Scenario_Corners_4x1_Aware-#0-gcs.csv,SpoofingAware,nmac_spoofer_unsafe_total,87.75,3.0
Scenario_Corners_4x1_Aware-#0-gcs.csv,SpoofingAware,nmac_spoofer_unsafe_total,88.0,3.0
Scenario_Corners_4x1_Aware-#0-gcs.csv,SpoofingAware,nmac_spoofer_unsafe_total,88.25,3.0
Scenario_Corners_4x1_Aware-#0-gcs.csv,SpoofingAware,nmac_spoofer_unsafe_total,88.5,3.0
Scenario_Corners_4x1_Aware-#0-gcs.csv,SpoofingAware,nmac_spoofer_unsafe_total,88.75,3.0
Scenario_Corners_4x1_Aware-#0-gcs.csv,SpoofingAware,nmac_spoofer_unsafe_total,89.0,3.0
Scenario_Corners_4x1_Aware-#0-gcs.csv,SpoofingAware,nmac_spoofer_unsafe_total,89.25,3.0
Scenario_Corners_4x1_Aware-#0-gcs.csv,SpoofingAware,nmac_spoofer_unsafe_total,89.5,3.0
Scenario_Corners_4x1_Aware-#0-gcs.csv,SpoofingAware,nmac_spoofer_unsafe_total,89.75,3.0
Scenario_Corners_4x1_Aware-#0-gcs.csv,SpoofingAware,nmac_spoofer_unsafe_total,90.0,3.0
Scenario_Corners_4x1_Aware-#0-gcs.csv,SpoofingAware,nmac_spoofer_unsafe_total,90.25,3.0
Scenario_Corners_4x1_Aware-#0-gcs.csv,SpoofingAware,nmac_spoofer_unsafe_total,90.5,3.0
Scenario_Corners_4x1_Aware-#0-gcs.csv,SpoofingAware,nmac_spoofer_unsafe_total,90.75,3.0
Scenario_Corners_4x1_Aware-#0-gcs.csv,SpoofingAware,nmac_spoofer_unsafe_total,91.0,3.0
Scenario_Corners_4x1_Aware-#0-gcs.csv,SpoofingAware,nmac_spoofer_unsafe_total,91.25,3.0
Scenario_Corners_4x1_Aware-#0-gcs.csv,SpoofingAware,nmac_spoofer_unsafe_total,91.5,3.0
Scenario_Corners_4x1_Aware-#0-gcs.csv,SpoofingAware,nmac_spoofer_unsafe_total,91.75,3.0
Scenario_Corners_4x1_Aware-#0-gcs.csv,SpoofingAware,nmac_spoofer_unsafe_total,92.0,3.0
Scenario_Corners_4x1_Aware-#0-gcs.csv,SpoofingAware,nmac_spoofer_unsafe_total,92.25,3.0
Scenario_Corners_4x1_Aware-#0-gcs.csv,SpoofingAware,nmac_spoofer_unsafe_total,92.5,3.0
Scenario_Corners_4x1_Aware-#0-gcs.csv,SpoofingAware,nmac_spoofer_unsafe_total,92.75,3.0
Scenario_Corners_4x1_Aware-#0-gcs.csv,SpoofingAware,nmac_spoofer_unsafe_total,93.0,3.0
Scenario_Corners_4x1_Aware-#0-gcs.csv,SpoofingAware,nmac_spoofer_unsafe_total,93.25,3.0
Scenario_Corners_4x1_Aware-#0-gcs.csv,SpoofingAware,nmac_spoofer_unsafe_total,93.5,3.0
Scenario_Corners_4x1_Aware-#0-gcs.csv,SpoofingAware,nmac_spoofer_unsafe_total,93.75,3.0
Scenario_Corners_4x1_Aware-#0-gcs.csv,SpoofingAware,nmac_spoofer_unsafe_total,94.0,3.0
Scenario_Corners_4x1_Aware-#0-gcs.csv,SpoofingAware,nmac_spoofer_unsafe_total,94.25,3.0
Scenario_Corners_4x1_Aware-#0-gcs.csv,SpoofingAware,nmac_spoofer_unsafe_total,94.5,3.0
Scenario_Corners_4x1_Aware-#0-gcs.csv,SpoofingAware,nmac_spoofer_unsafe_total,94.75,3.0
Scenario_Corners_4x1_Aware-#0-gcs.csv,SpoofingAware,nmac_spoofer_unsafe_total,95.0,3.0
Scenario_Corners_4x1_Aware-#0-gcs.csv,SpoofingAware,nmac_spoofer_unsafe_total,95.25,3.0
Scenario_Corners_4x1_Aware-#0-gcs.csv,SpoofingAware,nmac_spoofer_unsafe_total,95.5,3.0
Scenario_Corners_4x1_Aware-#0-gcs.csv,SpoofingAware,nmac_spoofer_unsafe_total,95.75,3.0
Scenario_Corners_4x1_Aware-#0-gcs.csv,SpoofingAware,nmac_spoofer_unsafe_total,96.0,3.0
Scenario_Corners_4x1_Aware-#0-gcs.csv,SpoofingAware,nmac_spoofer_unsafe_total,96.25,3.0
Scenario_Corners_4x1_Aware-#0-gcs.csv,SpoofingAware,nmac_spoofer_unsafe_total,96.5,3.0
Scenario_Corners_4x1_Aware-#0-gcs.csv,SpoofingAware,nmac_spoofer_unsafe_total,96.75,3.0
Scenario_Corners_4x1_Aware-#0-gcs.csv,SpoofingAware,nmac_spoofer_unsafe_total,97.0,3.0
Scenario_Corners_4x1_Aware-#0-gcs.csv,SpoofingAware,nmac_spoofer_unsafe_total,97.25,3.0
Scenario_Corners_4x1_Aware-#0-gcs.csv,SpoofingAware,nmac_spoofer_unsafe_total,97.5,3.0
Scenario_Corners_4x1_Aware-#0-gcs.csv,SpoofingAware,nmac_spoofer_unsafe_total,97.75,3.0
Scenario_Corners_4x1_Aware-#0-gcs.csv,SpoofingAware,nmac_spoofer_unsafe_total,98.0,3.0
Scenario_Corners_4x1_Aware-#0-gcs.csv,SpoofingAware,nmac_spoofer_unsafe_total,98.25,3.0
Scenario_Corners_4x1_Aware-#0-gcs.csv,SpoofingAware,nmac_spoofer_unsafe_total,98.5,3.0
Scenario_Corners_4x1_Aware-#0-gcs.csv,SpoofingAware,nmac_spoofer_unsafe_total,98.75,3.0
Scenario_Corners_4x1_Aware-#0-gcs.csv,SpoofingAware,nmac_spoofer_unsafe_total,99.0,3.0
Scenario_Corners_4x1_Aware-#0-gcs.csv,SpoofingAware,nmac_spoofer_unsafe_total,99.25,3.0
Scenario_Corners_4x1_Aware-#0-gcs.csv,SpoofingAware,nmac_spoofer_unsafe_total,99.5,3.0
Scenario_Corners_4x1_Aware-#0-gcs.csv,SpoofingAware,nmac_spoofer_unsafe_total,99.75,3.0
Scenario_Corners_4x1_Aware-#0-gcs.csv,SpoofingAware,nmac_spoofer_unsafe_total,100.0,3.0
Scenario_Corners_4x1_Aware-#0-gcs.csv,SpoofingAware,spoofer_containment_rate,0.25,0.0
Scenario_Corners_4x1_Aware-#0-gcs.csv,SpoofingAware,spoofer_containment_rate,0.5,0.0
Scenario_Corners_4x1_Aware-#0-gcs.csv,SpoofingAware,spoofer_containment_rate,0.75,0.0
Scenario_Corners_4x1_Aware-#0-gcs.csv,SpoofingAware,spoofer_containment_rate,1.0,0.0
Scenario_Corners_4x1_Aware-#0-gcs.csv,SpoofingAware,spoofer_containment_rate,1.25,0.0
Scenario_Corners_4x1_Aware-#0-gcs.csv,SpoofingAware,spoofer_containment_rate,1.5,0.0
Scenario_Corners_4x1_Aware-#0-gcs.csv,SpoofingAware,spoofer_containment_rate,1.75,0.0
Scenario_Corners_4x1_Aware-#0-gcs.csv,SpoofingAware,spoofer_containment_rate,2.0,0.0
Scenario_Corners_4x1_Aware-#0-gcs.csv,SpoofingAware,spoofer_containment_rate,2.25,0.0
Scenario_Corners_4x1_Aware-#0-gcs.csv,SpoofingAware,spoofer_containment_rate,2.5,0.0
Scenario_Corners_4x1_Aware-#0-gcs.csv,SpoofingAware,spoofer_containment_rate,2.75,0.0
Scenario_Corners_4x1_Aware-#0-gcs.csv,SpoofingAware,spoofer_containment_rate,3.0,0.0
Scenario_Corners_4x1_Aware-#0-gcs.csv,SpoofingAware,spoofer_containment_rate,3.25,0.0
Scenario_Corners_4x1_Aware-#0-gcs.csv,SpoofingAware,spoofer_containment_rate,3.5,0.0
Scenario_Corners_4x1_Aware-#0-gcs.csv,SpoofingAware,spoofer_containment_rate,3.75,0.0
Scenario_Corners_4x1_Aware-#0-gcs.csv,SpoofingAware,spoofer_containment_rate,4.0,0.0
Scenario_Corners_4x1_Aware-#0-gcs.csv,SpoofingAware,spoofer_containment_rate,4.25,0.0
Scenario_Corners_4x1_Aware-#0-gcs.csv,SpoofingAware,spoofer_containment_rate,4.5,0.0
Scenario_Corners_4x1_Aware-#0-gcs.csv,SpoofingAware,spoofer_containment_rate,4.75,0.0
Scenario_Corners_4x1_Aware-#0-gcs.csv,SpoofingAware,spoofer_containment_rate,5.0,0.0
Scenario_Corners_4x1_Aware-#0-gcs.csv,SpoofingAware,spoofer_containment_rate,5.25,0.0
Scenario_Corners_4x1_Aware-#0-gcs.csv,SpoofingAware,spoofer_containment_rate,5.5,0.0
Scenario_Corners_4x1_Aware-#0-gcs.csv,SpoofingAware,spoofer_containment_rate,5.75,0.0
Scenario_Corners_4x1_Aware-#0-gcs.csv,SpoofingAware,spoofer_containment_rate,6.0,0.0
Scenario_Corners_4x1_Aware-#0-gcs.csv,SpoofingAware,spoofer_containment_rate,6.25,0.0
Scenario_Corners_4x1_Aware-#0-gcs.csv,SpoofingAware,spoofer_containment_rate,6.5,0.0
Scenario_Corners_4x1_Aware-#0-gcs.csv,SpoofingAware,spoofer_containment_rate,6.75,0.0
Scenario_Corners_4x1_Aware-#0-gcs.csv,SpoofingAware,spoofer_containment_rate,7.0,0.0
Scenario_Corners_4x1_Aware-#0-gcs.csv,SpoofingAware,spoofer_containment_rate,7.25,0.0
Scenario_Corners_4x1_Aware-#0-gcs.csv,SpoofingAware,spoofer_containment_rate,7.5,0.0
Scenario_Corners_4x1_Aware-#0-gcs.csv,SpoofingAware,spoofer_containment_rate,7.75,0.0
Scenario_Corners_4x1_Aware-#0-gcs.csv,SpoofingAware,spoofer_containment_rate,8.0,0.0
Scenario_Corners_4x1_Aware-#0-gcs.csv,SpoofingAware,spoofer_containment_rate,8.25,0.0
Scenario_Corners_4x1_Aware-#0-gcs.csv,SpoofingAware,spoofer_containment_rate,8.5,0.0
Scenario_Corners_4x1_Aware-#0-gcs.csv,SpoofingAware,spoofer_containment_rate,8.75,0.04
Scenario_Corners_4x1_Aware-#0-gcs.csv,SpoofingAware,spoofer_containment_rate,9.0,0.076923076923077
Scenario_Corners_4x1_Aware-#0-gcs.csv,SpoofingAware,spoofer_containment_rate,9.25,0.11111111111111
Scenario_Corners_4x1_Aware-#0-gcs.csv,SpoofingAware,spoofer_containment_rate,9.5,0.14285714285714
Scenario_Corners_4x1_Aware-#0-gcs.csv,SpoofingAware,spoofer_containment_rate,9.75,0.17241379310345
Scenario_Corners_4x1_Aware-#0-gcs.csv,SpoofingAware,spoofer_containment_rate,10.0,0.2
Scenario_Corners_4x1_Aware-#0-gcs.csv,SpoofingAware,spoofer_containment_rate,10.25,0.2258064516129
Scenario_Corners_4x1_Aware-#0-gcs.csv,SpoofingAware,spoofer_containment_rate,10.5,0.25
Scenario_Corners_4x1_Aware-#0-gcs.csv,SpoofingAware,spoofer_containment_rate,10.75,0.27272727272727
Scenario_Corners_4x1_Aware-#0-gcs.csv,SpoofingAware,spoofer_containment_rate,11.0,0.29411764705882
Scenario_Corners_4x1_Aware-#0-gcs.csv,SpoofingAware,spoofer_containment_rate,11.25,0.28571428571429
Scenario_Corners_4x1_Aware-#0-gcs.csv,SpoofingAware,spoofer_containment_rate,11.5,0.27777777777778
Scenario_Corners_4x1_Aware-#0-gcs.csv,SpoofingAware,spoofer_containment_rate,11.75,0.2972972972973
Scenario_Corners_4x1_Aware-#0-gcs.csv,SpoofingAware,spoofer_containment_rate,12.0,0.31578947368421
Scenario_Corners_4x1_Aware-#0-gcs.csv,SpoofingAware,spoofer_containment_rate,12.25,0.33333333333333
Scenario_Corners_4x1_Aware-#0-gcs.csv,SpoofingAware,spoofer_containment_rate,12.5,0.35
Scenario_Corners_4x1_Aware-#0-gcs.csv,SpoofingAware,spoofer_containment_rate,12.75,0.36585365853659
Scenario_Corners_4x1_Aware-#0-gcs.csv,SpoofingAware,spoofer_containment_rate,13.0,0.38095238095238
Scenario_Corners_4x1_Aware-#0-gcs.csv,SpoofingAware,spoofer_containment_rate,13.25,0.3953488372093
Scenario_Corners_4x1_Aware-#0-gcs.csv,SpoofingAware,spoofer_containment_rate,13.5,0.40909090909091
Scenario_Corners_4x1_Aware-#0-gcs.csv,SpoofingAware,spoofer_containment_rate,13.75,0.42222222222222
Scenario_Corners_4x1_Aware-#0-gcs.csv,SpoofingAware,spoofer_containment_rate,14.0,0.43478260869565
Scenario_Corners_4x1_Aware-#0-gcs.csv,SpoofingAware,spoofer_containment_rate,14.25,0.4468085106383
Scenario_Corners_4x1_Aware-#0-gcs.csv,SpoofingAware,spoofer_containment_rate,14.5,0.45833333333333
Scenario_Corners_4x1_Aware-#0-gcs.csv,SpoofingAware,spoofer_containment_rate,14.75,0.46938775510204
Scenario_Corners_4x1_Aware-#0-gcs.csv,SpoofingAware,spoofer_containment_rate,15.0,0.48
Scenario_Corners_4x1_Aware-#0-gcs.csv,SpoofingAware,spoofer_containment_rate,15.25,0.49019607843137
Scenario_Corners_4x1_Aware-#0-gcs.csv,SpoofingAware,spoofer_containment_rate,15.5,0.5
Scenario_Corners_4x1_Aware-#0-gcs.csv,SpoofingAware,spoofer_containment_rate,15.75,0.50943396226415
Scenario_Corners_4x1_Aware-#0-gcs.csv,SpoofingAware,spoofer_containment_rate,16.0,0.51851851851852
Scenario_Corners_4x1_Aware-#0-gcs.csv,SpoofingAware,spoofer_containment_rate,16.25,0.52727272727273
Scenario_Corners_4x1_Aware-#0-gcs.csv,SpoofingAware,spoofer_containment_rate,16.5,0.53571428571429
Scenario_Corners_4x1_Aware-#0-gcs.csv,SpoofingAware,spoofer_containment_rate,16.75,0.54385964912281
Scenario_Corners_4x1_Aware-#0-gcs.csv,SpoofingAware,spoofer_containment_rate,17.0,0.55172413793103
Scenario_Corners_4x1_Aware-#0-gcs.csv,SpoofingAware,spoofer_containment_rate,17.25,0.55932203389831
Scenario_Corners_4x1_Aware-#0-gcs.csv,SpoofingAware,spoofer_containment_rate,17.5,0.56666666666667
Scenario_Corners_4x1_Aware-#0-gcs.csv,SpoofingAware,spoofer_containment_rate,17.75,0.57377049180328
Scenario_Corners_4x1_Aware-#0-gcs.csv,SpoofingAware,spoofer_containment_rate,18.0,0.58064516129032
Scenario_Corners_4x1_Aware-#0-gcs.csv,SpoofingAware,spoofer_containment_rate,18.25,0.58730158730159
Scenario_Corners_4x1_Aware-#0-gcs.csv,SpoofingAware,spoofer_containment_rate,18.5,0.59375
Scenario_Corners_4x1_Aware-#0-gcs.csv,SpoofingAware,spoofer_containment_rate,18.75,0.6
Scenario_Corners_4x1_Aware-#0-gcs.csv,SpoofingAware,spoofer_containment_rate,19.0,0.60606060606061
Scenario_Corners_4x1_Aware-#0-gcs.csv,SpoofingAware,spoofer_containment_rate,19.25,0.61194029850746
Scenario_Corners_4x1_Aware-#0-gcs.csv,SpoofingAware,spoofer_containment_rate,19.5,0.61764705882353
Scenario_Corners_4x1_Aware-#0-gcs.csv,SpoofingAware,spoofer_containment_rate,19.75,0.6231884057971
Scenario_Corners_4x1_Aware-#0-gcs.csv,SpoofingAware,spoofer_containment_rate,20.0,0.62857142857143
Scenario_Corners_4x1_Aware-#0-gcs.csv,SpoofingAware,spoofer_containment_rate,20.25,0.63380281690141
Scenario_Corners_4x1_Aware-#0-gcs.csv,SpoofingAware,spoofer_containment_rate,20.5,0.63888888888889
Scenario_Corners_4x1_Aware-#0-gcs.csv,SpoofingAware,spoofer_containment_rate,20.75,0.64383561643836
Scenario_Corners_4x1_Aware-#0-gcs.csv,SpoofingAware,spoofer_containment_rate,21.0,0.64864864864865
Scenario_Corners_4x1_Aware-#0-gcs.csv,SpoofingAware,spoofer_containment_rate,21.25,0.65333333333333
Scenario_Corners_4x1_Aware-#0-gcs.csv,SpoofingAware,spoofer_containment_rate,21.5,0.65789473684211
Scenario_Corners_4x1_Aware-#0-gcs.csv,SpoofingAware,spoofer_containment_rate,21.75,0.66233766233766
Scenario_Corners_4x1_Aware-#0-gcs.csv,SpoofingAware,spoofer_containment_rate,22.0,0.66666666666667
Scenario_Corners_4x1_Aware-#0-gcs.csv,SpoofingAware,spoofer_containment_rate,22.25,0.67088607594937
Scenario_Corners_4x1_Aware-#0-gcs.csv,SpoofingAware,spoofer_containment_rate,22.5,0.675
Scenario_Corners_4x1_Aware-#0-gcs.csv,SpoofingAware,spoofer_containment_rate,22.75,0.67901234567901
Scenario_Corners_4x1_Aware-#0-gcs.csv,SpoofingAware,spoofer_containment_rate,23.0,0.68292682926829
Scenario_Corners_4x1_Aware-#0-gcs.csv,SpoofingAware,spoofer_containment_rate,23.25,0.68674698795181
Scenario_Corners_4x1_Aware-#0-gcs.csv,SpoofingAware,spoofer_containment_rate,23.5,0.69047619047619
Scenario_Corners_4x1_Aware-#0-gcs.csv,SpoofingAware,spoofer_containment_rate,23.75,0.69411764705882
Scenario_Corners_4x1_Aware-#0-gcs.csv,SpoofingAware,spoofer_containment_rate,24.0,0.69767441860465
Scenario_Corners_4x1_Aware-#0-gcs.csv,SpoofingAware,spoofer_containment_rate,24.25,0.70114942528736
Scenario_Corners_4x1_Aware-#0-gcs.csv,SpoofingAware,spoofer_containment_rate,24.5,0.70454545454545
Scenario_Corners_4x1_Aware-#0-gcs.csv,SpoofingAware,spoofer_containment_rate,24.75,0.70786516853933
Scenario_Corners_4x1_Aware-#0-gcs.csv,SpoofingAware,spoofer_containment_rate,25.0,0.71111111111111
Scenario_Corners_4x1_Aware-#0-gcs.csv,SpoofingAware,spoofer_containment_rate,25.25,0.71428571428571
Scenario_Corners_4x1_Aware-#0-gcs.csv,SpoofingAware,spoofer_containment_rate,25.5,0.71739130434783
Scenario_Corners_4x1_Aware-#0-gcs.csv,SpoofingAware,spoofer_containment_rate,25.75,0.72043010752688
Scenario_Corners_4x1_Aware-#0-gcs.csv,SpoofingAware,spoofer_containment_rate,26.0,0.72340425531915
Scenario_Corners_4x1_Aware-#0-gcs.csv,SpoofingAware,spoofer_containment_rate,26.25,0.72631578947368
Scenario_Corners_4x1_Aware-#0-gcs.csv,SpoofingAware,spoofer_containment_rate,26.5,0.72916666666667
Scenario_Corners_4x1_Aware-#0-gcs.csv,SpoofingAware,spoofer_containment_rate,26.75,0.7319587628866
Scenario_Corners_4x1_Aware-#0-gcs.csv,SpoofingAware,spoofer_containment_rate,27.0,0.73469387755102
Scenario_Corners_4x1_Aware-#0-gcs.csv,SpoofingAware,spoofer_containment_rate,27.25,0.73737373737374
Scenario_Corners_4x1_Aware-#0-gcs.csv,SpoofingAware,spoofer_containment_rate,27.5,0.74
Scenario_Corners_4x1_Aware-#0-gcs.csv,SpoofingAware,spoofer_containment_rate,27.75,0.74257425742574
Scenario_Corners_4x1_Aware-#0-gcs.csv,SpoofingAware,spoofer_containment_rate,28.0,0.74509803921569
Scenario_Corners_4x1_Aware-#0-gcs.csv,SpoofingAware,spoofer_containment_rate,28.25,0.74757281553398
Scenario_Corners_4x1_Aware-#0-gcs.csv,SpoofingAware,spoofer_containment_rate,28.5,0.75
Scenario_Corners_4x1_Aware-#0-gcs.csv,SpoofingAware,spoofer_containment_rate,28.75,0.75238095238095
Scenario_Corners_4x1_Aware-#0-gcs.csv,SpoofingAware,spoofer_containment_rate,29.0,0.75471698113208
Scenario_Corners_4x1_Aware-#0-gcs.csv,SpoofingAware,spoofer_containment_rate,29.25,0.75700934579439
Scenario_Corners_4x1_Aware-#0-gcs.csv,SpoofingAware,spoofer_containment_rate,29.5,0.75925925925926
Scenario_Corners_4x1_Aware-#0-gcs.csv,SpoofingAware,spoofer_containment_rate,29.75,0.76146788990826
Scenario_Corners_4x1_Aware-#0-gcs.csv,SpoofingAware,spoofer_containment_rate,30.0,0.76363636363636
Scenario_Corners_4x1_Aware-#0-gcs.csv,SpoofingAware,spoofer_containment_rate,30.25,0.76576576576577
Scenario_Corners_4x1_Aware-#0-gcs.csv,SpoofingAware,spoofer_containment_rate,30.5,0.76785714285714
Scenario_Corners_4x1_Aware-#0-gcs.csv,SpoofingAware,spoofer_containment_rate,30.75,0.76991150442478
Scenario_Corners_4x1_Aware-#0-gcs.csv,SpoofingAware,spoofer_containment_rate,31.0,0.7719298245614
Scenario_Corners_4x1_Aware-#0-gcs.csv,SpoofingAware,spoofer_containment_rate,31.25,0.77391304347826
Scenario_Corners_4x1_Aware-#0-gcs.csv,SpoofingAware,spoofer_containment_rate,31.5,0.77586206896552
Scenario_Corners_4x1_Aware-#0-gcs.csv,SpoofingAware,spoofer_containment_rate,31.75,0.77777777777778
Scenario_Corners_4x1_Aware-#0-gcs.csv,SpoofingAware,spoofer_containment_rate,32.0,0.77966101694915
Scenario_Corners_4x1_Aware-#0-gcs.csv,SpoofingAware,spoofer_containment_rate,32.25,0.78151260504202
Scenario_Corners_4x1_Aware-#0-gcs.csv,SpoofingAware,spoofer_containment_rate,32.5,0.78333333333333
Scenario_Corners_4x1_Aware-#0-gcs.csv,SpoofingAware,spoofer_containment_rate,32.75,0.78512396694215
Scenario_Corners_4x1_Aware-#0-gcs.csv,SpoofingAware,spoofer_containment_rate,33.0,0.78688524590164
Scenario_Corners_4x1_Aware-#0-gcs.csv,SpoofingAware,spoofer_containment_rate,33.25,0.78861788617886
Scenario_Corners_4x1_Aware-#0-gcs.csv,SpoofingAware,spoofer_containment_rate,33.5,0.79032258064516
Scenario_Corners_4x1_Aware-#0-gcs.csv,SpoofingAware,spoofer_containment_rate,33.75,0.792
Scenario_Corners_4x1_Aware-#0-gcs.csv,SpoofingAware,spoofer_containment_rate,34.0,0.79365079365079
Scenario_Corners_4x1_Aware-#0-gcs.csv,SpoofingAware,spoofer_containment_rate,34.25,0.79527559055118
Scenario_Corners_4x1_Aware-#0-gcs.csv,SpoofingAware,spoofer_containment_rate,34.5,0.796875
Scenario_Corners_4x1_Aware-#0-gcs.csv,SpoofingAware,spoofer_containment_rate,34.75,0.7984496124031
Scenario_Corners_4x1_Aware-#0-gcs.csv,SpoofingAware,spoofer_containment_rate,35.0,0.8
Scenario_Corners_4x1_Aware-#0-gcs.csv,SpoofingAware,spoofer_containment_rate,35.25,0.80152671755725
Scenario_Corners_4x1_Aware-#0-gcs.csv,SpoofingAware,spoofer_containment_rate,35.5,0.8030303030303
Scenario_Corners_4x1_Aware-#0-gcs.csv,SpoofingAware,spoofer_containment_rate,35.75,0.80451127819549
Scenario_Corners_4x1_Aware-#0-gcs.csv,SpoofingAware,spoofer_containment_rate,36.0,0.80597014925373
Scenario_Corners_4x1_Aware-#0-gcs.csv,SpoofingAware,spoofer_containment_rate,36.25,0.80740740740741
Scenario_Corners_4x1_Aware-#0-gcs.csv,SpoofingAware,spoofer_containment_rate,36.5,0.80882352941176
Scenario_Corners_4x1_Aware-#0-gcs.csv,SpoofingAware,spoofer_containment_rate,36.75,0.81021897810219
Scenario_Corners_4x1_Aware-#0-gcs.csv,SpoofingAware,spoofer_containment_rate,37.0,0.81159420289855
Scenario_Corners_4x1_Aware-#0-gcs.csv,SpoofingAware,spoofer_containment_rate,37.25,0.81294964028777
Scenario_Corners_4x1_Aware-#0-gcs.csv,SpoofingAware,spoofer_containment_rate,37.5,0.81428571428571
Scenario_Corners_4x1_Aware-#0-gcs.csv,SpoofingAware,spoofer_containment_rate,37.75,0.81560283687943
Scenario_Corners_4x1_Aware-#0-gcs.csv,SpoofingAware,spoofer_containment_rate,38.0,0.8169014084507
Scenario_Corners_4x1_Aware-#0-gcs.csv,SpoofingAware,spoofer_containment_rate,38.25,0.81818181818182
Scenario_Corners_4x1_Aware-#0-gcs.csv,SpoofingAware,spoofer_containment_rate,38.5,0.81944444444444
Scenario_Corners_4x1_Aware-#0-gcs.csv,SpoofingAware,spoofer_containment_rate,38.75,0.82068965517241
Scenario_Corners_4x1_Aware-#0-gcs.csv,SpoofingAware,spoofer_containment_rate,39.0,0.82191780821918
Scenario_Corners_4x1_Aware-#0-gcs.csv,SpoofingAware,spoofer_containment_rate,39.25,0.82312925170068
Scenario_Corners_4x1_Aware-#0-gcs.csv,SpoofingAware,spoofer_containment_rate,39.5,0.82432432432432
Scenario_Corners_4x1_Aware-#0-gcs.csv,SpoofingAware,spoofer_containment_rate,39.75,0.8255033557047
Scenario_Corners_4x1_Aware-#0-gcs.csv,SpoofingAware,spoofer_containment_rate,40.0,0.82666666666667
Scenario_Corners_4x1_Aware-#0-gcs.csv,SpoofingAware,spoofer_containment_rate,40.25,0.82781456953642
Scenario_Corners_4x1_Aware-#0-gcs.csv,SpoofingAware,spoofer_containment_rate,40.5,0.82894736842105
Scenario_Corners_4x1_Aware-#0-gcs.csv,SpoofingAware,spoofer_containment_rate,40.75,0.83006535947712
Scenario_Corners_4x1_Aware-#0-gcs.csv,SpoofingAware,spoofer_containment_rate,41.0,0.83116883116883
Scenario_Corners_4x1_Aware-#0-gcs.csv,SpoofingAware,spoofer_containment_rate,41.25,0.83225806451613
Scenario_Corners_4x1_Aware-#0-gcs.csv,SpoofingAware,spoofer_containment_rate,41.5,0.83333333333333
Scenario_Corners_4x1_Aware-#0-gcs.csv,SpoofingAware,spoofer_containment_rate,41.75,0.8343949044586
Scenario_Corners_4x1_Aware-#0-gcs.csv,SpoofingAware,spoofer_containment_rate,42.0,0.83544303797468
Scenario_Corners_4x1_Aware-#0-gcs.csv,SpoofingAware,spoofer_containment_rate,42.25,0.83647798742138
Scenario_Corners_4x1_Aware-#0-gcs.csv,SpoofingAware,spoofer_containment_rate,42.5,0.8375
Scenario_Corners_4x1_Aware-#0-gcs.csv,SpoofingAware,spoofer_containment_rate,42.75,0.83850931677019
Scenario_Corners_4x1_Aware-#0-gcs.csv,SpoofingAware,spoofer_containment_rate,43.0,0.83950617283951
Scenario_Corners_4x1_Aware-#0-gcs.csv,SpoofingAware,spoofer_containment_rate,43.25,0.84049079754601
Scenario_Corners_4x1_Aware-#0-gcs.csv,SpoofingAware,spoofer_containment_rate,43.5,0.84146341463415
Scenario_Corners_4x1_Aware-#0-gcs.csv,SpoofingAware,spoofer_containment_rate,43.75,0.84242424242424
Scenario_Corners_4x1_Aware-#0-gcs.csv,SpoofingAware,spoofer_containment_rate,44.0,0.83734939759036
Scenario_Corners_4x1_Aware-#0-gcs.csv,SpoofingAware,spoofer_containment_rate,44.25,0.83233532934132
Scenario_Corners_4x1_Aware-#0-gcs.csv,SpoofingAware,spoofer_containment_rate,44.5,0.82738095238095
Scenario_Corners_4x1_Aware-#0-gcs.csv,SpoofingAware,spoofer_containment_rate,44.75,0.82248520710059
Scenario_Corners_4x1_Aware-#0-gcs.csv,SpoofingAware,spoofer_containment_rate,45.0,0.81764705882353
Scenario_Corners_4x1_Aware-#0-gcs.csv,SpoofingAware,spoofer_containment_rate,45.25,0.8187134502924
Scenario_Corners_4x1_Aware-#0-gcs.csv,SpoofingAware,spoofer_containment_rate,45.5,0.81976744186047
Scenario_Corners_4x1_Aware-#0-gcs.csv,SpoofingAware,spoofer_containment_rate,45.75,0.82080924855491
Scenario_Corners_4x1_Aware-#0-gcs.csv,SpoofingAware,spoofer_containment_rate,46.0,0.82183908045977
Scenario_Corners_4x1_Aware-#0-gcs.csv,SpoofingAware,spoofer_containment_rate,46.25,0.81714285714286
Scenario_Corners_4x1_Aware-#0-gcs.csv,SpoofingAware,spoofer_containment_rate,46.5,0.8125
Scenario_Corners_4x1_Aware-#0-gcs.csv,SpoofingAware,spoofer_containment_rate,46.75,0.80790960451977
Scenario_Corners_4x1_Aware-#0-gcs.csv,SpoofingAware,spoofer_containment_rate,47.0,0.80337078651685
Scenario_Corners_4x1_Aware-#0-gcs.csv,SpoofingAware,spoofer_containment_rate,47.25,0.79888268156425
Scenario_Corners_4x1_Aware-#0-gcs.csv,SpoofingAware,spoofer_containment_rate,47.5,0.79444444444444
Scenario_Corners_4x1_Aware-#0-gcs.csv,SpoofingAware,spoofer_containment_rate,47.75,0.79558011049724
Scenario_Corners_4x1_Aware-#0-gcs.csv,SpoofingAware,spoofer_containment_rate,48.0,0.7967032967033
Scenario_Corners_4x1_Aware-#0-gcs.csv,SpoofingAware,spoofer_containment_rate,48.25,0.79781420765027
Scenario_Corners_4x1_Aware-#0-gcs.csv,SpoofingAware,spoofer_containment_rate,48.5,0.79891304347826
Scenario_Corners_4x1_Aware-#0-gcs.csv,SpoofingAware,spoofer_containment_rate,48.75,0.8
Scenario_Corners_4x1_Aware-#0-gcs.csv,SpoofingAware,spoofer_containment_rate,49.0,0.8010752688172
Scenario_Corners_4x1_Aware-#0-gcs.csv,SpoofingAware,spoofer_containment_rate,49.25,0.80213903743316
Scenario_Corners_4x1_Aware-#0-gcs.csv,SpoofingAware,spoofer_containment_rate,49.5,0.79787234042553
Scenario_Corners_4x1_Aware-#0-gcs.csv,SpoofingAware,spoofer_containment_rate,49.75,0.7989417989418
Scenario_Corners_4x1_Aware-#0-gcs.csv,SpoofingAware,spoofer_containment_rate,50.0,0.8
Scenario_Corners_4x1_Aware-#0-gcs.csv,SpoofingAware,spoofer_containment_rate,50.25,0.80104712041885
Scenario_Corners_4x1_Aware-#0-gcs.csv,SpoofingAware,spoofer_containment_rate,50.5,0.80208333333333
Scenario_Corners_4x1_Aware-#0-gcs.csv,SpoofingAware,spoofer_containment_rate,50.75,0.80310880829016
Scenario_Corners_4x1_Aware-#0-gcs.csv,SpoofingAware,spoofer_containment_rate,51.0,0.80412371134021
Scenario_Corners_4x1_Aware-#0-gcs.csv,SpoofingAware,spoofer_containment_rate,51.25,0.80512820512821
Scenario_Corners_4x1_Aware-#0-gcs.csv,SpoofingAware,spoofer_containment_rate,51.5,0.80612244897959
Scenario_Corners_4x1_Aware-#0-gcs.csv,SpoofingAware,spoofer_containment_rate,51.75,0.80710659898477
Scenario_Corners_4x1_Aware-#0-gcs.csv,SpoofingAware,spoofer_containment_rate,52.0,0.80808080808081
Scenario_Corners_4x1_Aware-#0-gcs.csv,SpoofingAware,spoofer_containment_rate,52.25,0.80904522613065
Scenario_Corners_4x1_Aware-#0-gcs.csv,SpoofingAware,spoofer_containment_rate,52.5,0.81
Scenario_Corners_4x1_Aware-#0-gcs.csv,SpoofingAware,spoofer_containment_rate,52.75,0.81094527363184
Scenario_Corners_4x1_Aware-#0-gcs.csv,SpoofingAware,spoofer_containment_rate,53.0,0.81188118811881
Scenario_Corners_4x1_Aware-#0-gcs.csv,SpoofingAware,spoofer_containment_rate,53.25,0.8128078817734
Scenario_Corners_4x1_Aware-#0-gcs.csv,SpoofingAware,spoofer_containment_rate,53.5,0.81372549019608
Scenario_Corners_4x1_Aware-#0-gcs.csv,SpoofingAware,spoofer_containment_rate,53.75,0.81463414634146
Scenario_Corners_4x1_Aware-#0-gcs.csv,SpoofingAware,spoofer_containment_rate,54.0,0.81553398058252
Scenario_Corners_4x1_Aware-#0-gcs.csv,SpoofingAware,spoofer_containment_rate,54.25,0.81642512077295
Scenario_Corners_4x1_Aware-#0-gcs.csv,SpoofingAware,spoofer_containment_rate,54.5,0.8125
Scenario_Corners_4x1_Aware-#0-gcs.csv,SpoofingAware,spoofer_containment_rate,54.75,0.80861244019139
Scenario_Corners_4x1_Aware-#0-gcs.csv,SpoofingAware,spoofer_containment_rate,55.0,0.80952380952381
Scenario_Corners_4x1_Aware-#0-gcs.csv,SpoofingAware,spoofer_containment_rate,55.25,0.81042654028436
Scenario_Corners_4x1_Aware-#0-gcs.csv,SpoofingAware,spoofer_containment_rate,55.5,0.81132075471698
Scenario_Corners_4x1_Aware-#0-gcs.csv,SpoofingAware,spoofer_containment_rate,55.75,0.81220657276995
Scenario_Corners_4x1_Aware-#0-gcs.csv,SpoofingAware,spoofer_containment_rate,56.0,0.81308411214953
Scenario_Corners_4x1_Aware-#0-gcs.csv,SpoofingAware,spoofer_containment_rate,56.25,0.81395348837209
Scenario_Corners_4x1_Aware-#0-gcs.csv,SpoofingAware,spoofer_containment_rate,56.5,0.81481481481481
Scenario_Corners_4x1_Aware-#0-gcs.csv,SpoofingAware,spoofer_containment_rate,56.75,0.8110599078341
Scenario_Corners_4x1_Aware-#0-gcs.csv,SpoofingAware,spoofer_containment_rate,57.0,0.80733944954128
Scenario_Corners_4x1_Aware-#0-gcs.csv,SpoofingAware,spoofer_containment_rate,57.25,0.80365296803653
Scenario_Corners_4x1_Aware-#0-gcs.csv,SpoofingAware,spoofer_containment_rate,57.5,0.8
Scenario_Corners_4x1_Aware-#0-gcs.csv,SpoofingAware,spoofer_containment_rate,57.75,0.79638009049774
Scenario_Corners_4x1_Aware-#0-gcs.csv,SpoofingAware,spoofer_containment_rate,58.0,0.7972972972973
Scenario_Corners_4x1_Aware-#0-gcs.csv,SpoofingAware,spoofer_containment_rate,58.25,0.79820627802691
Scenario_Corners_4x1_Aware-#0-gcs.csv,SpoofingAware,spoofer_containment_rate,58.5,0.79910714285714
Scenario_Corners_4x1_Aware-#0-gcs.csv,SpoofingAware,spoofer_containment_rate,58.75,0.8
Scenario_Corners_4x1_Aware-#0-gcs.csv,SpoofingAware,spoofer_containment_rate,59.0,0.80088495575221
Scenario_Corners_4x1_Aware-#0-gcs.csv,SpoofingAware,spoofer_containment_rate,59.25,0.80176211453744
Scenario_Corners_4x1_Aware-#0-gcs.csv,SpoofingAware,spoofer_containment_rate,59.5,0.79824561403509
Scenario_Corners_4x1_Aware-#0-gcs.csv,SpoofingAware,spoofer_containment_rate,59.75,0.79912663755459
Scenario_Corners_4x1_Aware-#0-gcs.csv,SpoofingAware,spoofer_containment_rate,60.0,0.8
Scenario_Corners_4x1_Aware-#0-gcs.csv,SpoofingAware,spoofer_containment_rate,60.25,0.8008658008658
Scenario_Corners_4x1_Aware-#0-gcs.csv,SpoofingAware,spoofer_containment_rate,60.5,0.79741379310345
Scenario_Corners_4x1_Aware-#0-gcs.csv,SpoofingAware,spoofer_containment_rate,60.75,0.79399141630901
Scenario_Corners_4x1_Aware-#0-gcs.csv,SpoofingAware,spoofer_containment_rate,61.0,0.79059829059829
Scenario_Corners_4x1_Aware-#0-gcs.csv,SpoofingAware,spoofer_containment_rate,61.25,0.78723404255319
Scenario_Corners_4x1_Aware-#0-gcs.csv,SpoofingAware,spoofer_containment_rate,61.5,0.78389830508475
Scenario_Corners_4x1_Aware-#0-gcs.csv,SpoofingAware,spoofer_containment_rate,61.75,0.78059071729958
Scenario_Corners_4x1_Aware-#0-gcs.csv,SpoofingAware,spoofer_containment_rate,62.0,0.78151260504202
Scenario_Corners_4x1_Aware-#0-gcs.csv,SpoofingAware,spoofer_containment_rate,62.25,0.78242677824268
Scenario_Corners_4x1_Aware-#0-gcs.csv,SpoofingAware,spoofer_containment_rate,62.5,0.78333333333333
Scenario_Corners_4x1_Aware-#0-gcs.csv,SpoofingAware,spoofer_containment_rate,62.75,0.78423236514523
Scenario_Corners_4x1_Aware-#0-gcs.csv,SpoofingAware,spoofer_containment_rate,63.0,0.78512396694215
Scenario_Corners_4x1_Aware-#0-gcs.csv,SpoofingAware,spoofer_containment_rate,63.25,0.78189300411523
Scenario_Corners_4x1_Aware-#0-gcs.csv,SpoofingAware,spoofer_containment_rate,63.5,0.77868852459016
Scenario_Corners_4x1_Aware-#0-gcs.csv,SpoofingAware,spoofer_containment_rate,63.75,0.77959183673469
Scenario_Corners_4x1_Aware-#0-gcs.csv,SpoofingAware,spoofer_containment_rate,64.0,0.78048780487805
Scenario_Corners_4x1_Aware-#0-gcs.csv,SpoofingAware,spoofer_containment_rate,64.25,0.78137651821862
Scenario_Corners_4x1_Aware-#0-gcs.csv,SpoofingAware,spoofer_containment_rate,64.5,0.78225806451613
Scenario_Corners_4x1_Aware-#0-gcs.csv,SpoofingAware,spoofer_containment_rate,64.75,0.78313253012048
Scenario_Corners_4x1_Aware-#0-gcs.csv,SpoofingAware,spoofer_containment_rate,65.0,0.784
Scenario_Corners_4x1_Aware-#0-gcs.csv,SpoofingAware,spoofer_containment_rate,65.25,0.78486055776892
Scenario_Corners_4x1_Aware-#0-gcs.csv,SpoofingAware,spoofer_containment_rate,65.5,0.78571428571429
Scenario_Corners_4x1_Aware-#0-gcs.csv,SpoofingAware,spoofer_containment_rate,65.75,0.78656126482213
Scenario_Corners_4x1_Aware-#0-gcs.csv,SpoofingAware,spoofer_containment_rate,66.0,0.78740157480315
Scenario_Corners_4x1_Aware-#0-gcs.csv,SpoofingAware,spoofer_containment_rate,66.25,0.78823529411765
Scenario_Corners_4x1_Aware-#0-gcs.csv,SpoofingAware,spoofer_containment_rate,66.5,0.7890625
Scenario_Corners_4x1_Aware-#0-gcs.csv,SpoofingAware,spoofer_containment_rate,66.75,0.78988326848249
Scenario_Corners_4x1_Aware-#0-gcs.csv,SpoofingAware,spoofer_containment_rate,67.0,0.7906976744186
Scenario_Corners_4x1_Aware-#0-gcs.csv,SpoofingAware,spoofer_containment_rate,67.25,0.78764478764479
Scenario_Corners_4x1_Aware-#0-gcs.csv,SpoofingAware,spoofer_containment_rate,67.5,0.78461538461538
Scenario_Corners_4x1_Aware-#0-gcs.csv,SpoofingAware,spoofer_containment_rate,67.75,0.78544061302682
Scenario_Corners_4x1_Aware-#0-gcs.csv,SpoofingAware,spoofer_containment_rate,68.0,0.78625954198473
Scenario_Corners_4x1_Aware-#0-gcs.csv,SpoofingAware,spoofer_containment_rate,68.25,0.78707224334601
Scenario_Corners_4x1_Aware-#0-gcs.csv,SpoofingAware,spoofer_containment_rate,68.5,0.78787878787879
Scenario_Corners_4x1_Aware-#0-gcs.csv,SpoofingAware,spoofer_containment_rate,68.75,0.78867924528302
Scenario_Corners_4x1_Aware-#0-gcs.csv,SpoofingAware,spoofer_containment_rate,69.0,0.78947368421053
Scenario_Corners_4x1_Aware-#0-gcs.csv,SpoofingAware,spoofer_containment_rate,69.25,0.79026217228464
Scenario_Corners_4x1_Aware-#0-gcs.csv,SpoofingAware,spoofer_containment_rate,69.5,0.78731343283582
Scenario_Corners_4x1_Aware-#0-gcs.csv,SpoofingAware,spoofer_containment_rate,69.75,0.78810408921933
Scenario_Corners_4x1_Aware-#0-gcs.csv,SpoofingAware,spoofer_containment_rate,70.0,0.78888888888889
Scenario_Corners_4x1_Aware-#0-gcs.csv,SpoofingAware,spoofer_containment_rate,70.25,0.78966789667897
Scenario_Corners_4x1_Aware-#0-gcs.csv,SpoofingAware,spoofer_containment_rate,70.5,0.79044117647059
Scenario_Corners_4x1_Aware-#0-gcs.csv,SpoofingAware,spoofer_containment_rate,70.75,0.79120879120879
Scenario_Corners_4x1_Aware-#0-gcs.csv,SpoofingAware,spoofer_containment_rate,71.0,0.79197080291971
Scenario_Corners_4x1_Aware-#0-gcs.csv,SpoofingAware,spoofer_containment_rate,71.25,0.79272727272727
Scenario_Corners_4x1_Aware-#0-gcs.csv,SpoofingAware,spoofer_containment_rate,71.5,0.79347826086957
Scenario_Corners_4x1_Aware-#0-gcs.csv,SpoofingAware,spoofer_containment_rate,71.75,0.7942238267148
Scenario_Corners_4x1_Aware-#0-gcs.csv,SpoofingAware,spoofer_containment_rate,72.0,0.79496402877698
Scenario_Corners_4x1_Aware-#0-gcs.csv,SpoofingAware,spoofer_containment_rate,72.25,0.79569892473118
Scenario_Corners_4x1_Aware-#0-gcs.csv,SpoofingAware,spoofer_containment_rate,72.5,0.79642857142857
Scenario_Corners_4x1_Aware-#0-gcs.csv,SpoofingAware,spoofer_containment_rate,72.75,0.79715302491103
Scenario_Corners_4x1_Aware-#0-gcs.csv,SpoofingAware,spoofer_containment_rate,73.0,0.79787234042553
Scenario_Corners_4x1_Aware-#0-gcs.csv,SpoofingAware,spoofer_containment_rate,73.25,0.79858657243816
Scenario_Corners_4x1_Aware-#0-gcs.csv,SpoofingAware,spoofer_containment_rate,73.5,0.79929577464789
Scenario_Corners_4x1_Aware-#0-gcs.csv,SpoofingAware,spoofer_containment_rate,73.75,0.8
Scenario_Corners_4x1_Aware-#0-gcs.csv,SpoofingAware,spoofer_containment_rate,74.0,0.8006993006993
Scenario_Corners_4x1_Aware-#0-gcs.csv,SpoofingAware,spoofer_containment_rate,74.25,0.801393728223
Scenario_Corners_4x1_Aware-#0-gcs.csv,SpoofingAware,spoofer_containment_rate,74.5,0.80208333333333
Scenario_Corners_4x1_Aware-#0-gcs.csv,SpoofingAware,spoofer_containment_rate,74.75,0.80276816608997
Scenario_Corners_4x1_Aware-#0-gcs.csv,SpoofingAware,spoofer_containment_rate,75.0,0.80344827586207
Scenario_Corners_4x1_Aware-#0-gcs.csv,SpoofingAware,spoofer_containment_rate,75.25,0.80412371134021
Scenario_Corners_4x1_Aware-#0-gcs.csv,SpoofingAware,spoofer_containment_rate,75.5,0.80479452054795
Scenario_Corners_4x1_Aware-#0-gcs.csv,SpoofingAware,spoofer_containment_rate,75.75,0.80546075085324
Scenario_Corners_4x1_Aware-#0-gcs.csv,SpoofingAware,spoofer_containment_rate,76.0,0.80612244897959
Scenario_Corners_4x1_Aware-#0-gcs.csv,SpoofingAware,spoofer_containment_rate,76.25,0.80677966101695
Scenario_Corners_4x1_Aware-#0-gcs.csv,SpoofingAware,spoofer_containment_rate,76.5,0.80743243243243
Scenario_Corners_4x1_Aware-#0-gcs.csv,SpoofingAware,spoofer_containment_rate,76.75,0.80808080808081
Scenario_Corners_4x1_Aware-#0-gcs.csv,SpoofingAware,spoofer_containment_rate,77.0,0.80872483221477
Scenario_Corners_4x1_Aware-#0-gcs.csv,SpoofingAware,spoofer_containment_rate,77.25,0.80936454849498
Scenario_Corners_4x1_Aware-#0-gcs.csv,SpoofingAware,spoofer_containment_rate,77.5,0.81
Scenario_Corners_4x1_Aware-#0-gcs.csv,SpoofingAware,spoofer_containment_rate,77.75,0.81063122923588
Scenario_Corners_4x1_Aware-#0-gcs.csv,SpoofingAware,spoofer_containment_rate,78.0,0.8112582781457
Scenario_Corners_4x1_Aware-#0-gcs.csv,SpoofingAware,spoofer_containment_rate,78.25,0.81188118811881
Scenario_Corners_4x1_Aware-#0-gcs.csv,SpoofingAware,spoofer_containment_rate,78.5,0.8125
Scenario_Corners_4x1_Aware-#0-gcs.csv,SpoofingAware,spoofer_containment_rate,78.75,0.80983606557377
Scenario_Corners_4x1_Aware-#0-gcs.csv,SpoofingAware,spoofer_containment_rate,79.0,0.80718954248366
Scenario_Corners_4x1_Aware-#0-gcs.csv,SpoofingAware,spoofer_containment_rate,79.25,0.80456026058632
Scenario_Corners_4x1_Aware-#0-gcs.csv,SpoofingAware,spoofer_containment_rate,79.5,0.80194805194805
Scenario_Corners_4x1_Aware-#0-gcs.csv,SpoofingAware,spoofer_containment_rate,79.75,0.80258899676375
Scenario_Corners_4x1_Aware-#0-gcs.csv,SpoofingAware,spoofer_containment_rate,80.0,0.80322580645161
Scenario_Corners_4x1_Aware-#0-gcs.csv,SpoofingAware,spoofer_containment_rate,80.25,0.80385852090032
Scenario_Corners_4x1_Aware-#0-gcs.csv,SpoofingAware,spoofer_containment_rate,80.5,0.80448717948718
Scenario_Corners_4x1_Aware-#0-gcs.csv,SpoofingAware,spoofer_containment_rate,80.75,0.80511182108626
Scenario_Corners_4x1_Aware-#0-gcs.csv,SpoofingAware,spoofer_containment_rate,81.0,0.80573248407643
Scenario_Corners_4x1_Aware-#0-gcs.csv,SpoofingAware,spoofer_containment_rate,81.25,0.80634920634921
Scenario_Corners_4x1_Aware-#0-gcs.csv,SpoofingAware,spoofer_containment_rate,81.5,0.80696202531646
Scenario_Corners_4x1_Aware-#0-gcs.csv,SpoofingAware,spoofer_containment_rate,81.75,0.80757097791798
Scenario_Corners_4x1_Aware-#0-gcs.csv,SpoofingAware,spoofer_containment_rate,82.0,0.80817610062893
Scenario_Corners_4x1_Aware-#0-gcs.csv,SpoofingAware,spoofer_containment_rate,82.25,0.80877742946708
Scenario_Corners_4x1_Aware-#0-gcs.csv,SpoofingAware,spoofer_containment_rate,82.5,0.809375
Scenario_Corners_4x1_Aware-#0-gcs.csv,SpoofingAware,spoofer_containment_rate,82.75,0.80996884735202
Scenario_Corners_4x1_Aware-#0-gcs.csv,SpoofingAware,spoofer_containment_rate,83.0,0.81055900621118
Scenario_Corners_4x1_Aware-#0-gcs.csv,SpoofingAware,spoofer_containment_rate,83.25,0.81114551083591
Scenario_Corners_4x1_Aware-#0-gcs.csv,SpoofingAware,spoofer_containment_rate,83.5,0.81172839506173
Scenario_Corners_4x1_Aware-#0-gcs.csv,SpoofingAware,spoofer_containment_rate,83.75,0.81230769230769
Scenario_Corners_4x1_Aware-#0-gcs.csv,SpoofingAware,spoofer_containment_rate,84.0,0.81288343558282
Scenario_Corners_4x1_Aware-#0-gcs.csv,SpoofingAware,spoofer_containment_rate,84.25,0.81345565749235
Scenario_Corners_4x1_Aware-#0-gcs.csv,SpoofingAware,spoofer_containment_rate,84.5,0.8140243902439
Scenario_Corners_4x1_Aware-#0-gcs.csv,SpoofingAware,spoofer_containment_rate,84.75,0.8145896656535
Scenario_Corners_4x1_Aware-#0-gcs.csv,SpoofingAware,spoofer_containment_rate,85.0,0.81515151515152
Scenario_Corners_4x1_Aware-#0-gcs.csv,SpoofingAware,spoofer_containment_rate,85.25,0.81570996978852
Scenario_Corners_4x1_Aware-#0-gcs.csv,SpoofingAware,spoofer_containment_rate,85.5,0.81626506024096
Scenario_Corners_4x1_Aware-#0-gcs.csv,SpoofingAware,spoofer_containment_rate,85.75,0.81681681681682
Scenario_Corners_4x1_Aware-#0-gcs.csv,SpoofingAware,spoofer_containment_rate,86.0,0.81736526946108
Scenario_Corners_4x1_Aware-#0-gcs.csv,SpoofingAware,spoofer_containment_rate,86.25,0.81791044776119
Scenario_Corners_4x1_Aware-#0-gcs.csv,SpoofingAware,spoofer_containment_rate,86.5,0.81845238095238
Scenario_Corners_4x1_Aware-#0-gcs.csv,SpoofingAware,spoofer_containment_rate,86.75,0.81899109792285
Scenario_Corners_4x1_Aware-#0-gcs.csv,SpoofingAware,spoofer_containment_rate,87.0,0.81952662721893
Scenario_Corners_4x1_Aware-#0-gcs.csv,SpoofingAware,spoofer_containment_rate,87.25,0.82005899705015
Scenario_Corners_4x1_Aware-#0-gcs.csv,SpoofingAware,spoofer_containment_rate,87.5,0.81764705882353
Scenario_Corners_4x1_Aware-#0-gcs.csv,SpoofingAware,spoofer_containment_rate,87.75,0.81818181818182
Scenario_Corners_4x1_Aware-#0-gcs.csv,SpoofingAware,spoofer_containment_rate,88.0,0.8187134502924
Scenario_Corners_4x1_Aware-#0-gcs.csv,SpoofingAware,spoofer_containment_rate,88.25,0.81924198250729
Scenario_Corners_4x1_Aware-#0-gcs.csv,SpoofingAware,spoofer_containment_rate,88.5,0.81976744186047
Scenario_Corners_4x1_Aware-#0-gcs.csv,SpoofingAware,spoofer_containment_rate,88.75,0.82028985507246
Scenario_Corners_4x1_Aware-#0-gcs.csv,SpoofingAware,spoofer_containment_rate,89.0,0.82080924855491
Scenario_Corners_4x1_Aware-#0-gcs.csv,SpoofingAware,spoofer_containment_rate,89.25,0.82132564841499
Scenario_Corners_4x1_Aware-#0-gcs.csv,SpoofingAware,spoofer_containment_rate,89.5,0.82183908045977
Scenario_Corners_4x1_Aware-#0-gcs.csv,SpoofingAware,spoofer_containment_rate,89.75,0.82234957020057
Scenario_Corners_4x1_Aware-#0-gcs.csv,SpoofingAware,spoofer_containment_rate,90.0,0.82285714285714
Scenario_Corners_4x1_Aware-#0-gcs.csv,SpoofingAware,spoofer_containment_rate,90.25,0.82051282051282
Scenario_Corners_4x1_Aware-#0-gcs.csv,SpoofingAware,spoofer_containment_rate,90.5,0.81818181818182
Scenario_Corners_4x1_Aware-#0-gcs.csv,SpoofingAware,spoofer_containment_rate,90.75,0.81586402266289
Scenario_Corners_4x1_Aware-#0-gcs.csv,SpoofingAware,spoofer_containment_rate,91.0,0.8135593220339
Scenario_Corners_4x1_Aware-#0-gcs.csv,SpoofingAware,spoofer_containment_rate,91.25,0.8112676056338
Scenario_Corners_4x1_Aware-#0-gcs.csv,SpoofingAware,spoofer_containment_rate,91.5,0.80898876404494
Scenario_Corners_4x1_Aware-#0-gcs.csv,SpoofingAware,spoofer_containment_rate,91.75,0.80672268907563
Scenario_Corners_4x1_Aware-#0-gcs.csv,SpoofingAware,spoofer_containment_rate,92.0,0.8072625698324
Scenario_Corners_4x1_Aware-#0-gcs.csv,SpoofingAware,spoofer_containment_rate,92.25,0.80779944289694
Scenario_Corners_4x1_Aware-#0-gcs.csv,SpoofingAware,spoofer_containment_rate,92.5,0.80833333333333
Scenario_Corners_4x1_Aware-#0-gcs.csv,SpoofingAware,spoofer_containment_rate,92.75,0.80886426592798
Scenario_Corners_4x1_Aware-#0-gcs.csv,SpoofingAware,spoofer_containment_rate,93.0,0.80939226519337
Scenario_Corners_4x1_Aware-#0-gcs.csv,SpoofingAware,spoofer_containment_rate,93.25,0.80716253443526
Scenario_Corners_4x1_Aware-#0-gcs.csv,SpoofingAware,spoofer_containment_rate,93.5,0.80494505494505
Scenario_Corners_4x1_Aware-#0-gcs.csv,SpoofingAware,spoofer_containment_rate,93.75,0.80547945205479
Scenario_Corners_4x1_Aware-#0-gcs.csv,SpoofingAware,spoofer_containment_rate,94.0,0.80601092896175
Scenario_Corners_4x1_Aware-#0-gcs.csv,SpoofingAware,spoofer_containment_rate,94.25,0.80653950953678
Scenario_Corners_4x1_Aware-#0-gcs.csv,SpoofingAware,spoofer_containment_rate,94.5,0.8070652173913
Scenario_Corners_4x1_Aware-#0-gcs.csv,SpoofingAware,spoofer_containment_rate,94.75,0.80758807588076
Scenario_Corners_4x1_Aware-#0-gcs.csv,SpoofingAware,spoofer_containment_rate,95.0,0.80810810810811
Scenario_Corners_4x1_Aware-#0-gcs.csv,SpoofingAware,spoofer_containment_rate,95.25,0.80862533692722
Scenario_Corners_4x1_Aware-#0-gcs.csv,SpoofingAware,spoofer_containment_rate,95.5,0.80913978494624
Scenario_Corners_4x1_Aware-#0-gcs.csv,SpoofingAware,spoofer_containment_rate,95.75,0.80965147453083
Scenario_Corners_4x1_Aware-#0-gcs.csv,SpoofingAware,spoofer_containment_rate,96.0,0.81016042780749
Scenario_Corners_4x1_Aware-#0-gcs.csv,SpoofingAware,spoofer_containment_rate,96.25,0.81066666666667
Scenario_Corners_4x1_Aware-#0-gcs.csv,SpoofingAware,spoofer_containment_rate,96.5,0.80851063829787
Scenario_Corners_4x1_Aware-#0-gcs.csv,SpoofingAware,spoofer_containment_rate,96.75,0.80636604774536
Scenario_Corners_4x1_Aware-#0-gcs.csv,SpoofingAware,spoofer_containment_rate,97.0,0.8042328042328
Scenario_Corners_4x1_Aware-#0-gcs.csv,SpoofingAware,spoofer_containment_rate,97.25,0.80211081794195
Scenario_Corners_4x1_Aware-#0-gcs.csv,SpoofingAware,spoofer_containment_rate,97.5,0.8
Scenario_Corners_4x1_Aware-#0-gcs.csv,SpoofingAware,spoofer_containment_rate,97.75,0.79790026246719
Scenario_Corners_4x1_Aware-#0-gcs.csv,SpoofingAware,spoofer_containment_rate,98.0,0.79581151832461
Scenario_Corners_4x1_Aware-#0-gcs.csv,SpoofingAware,spoofer_containment_rate,98.25,0.79373368146214
Scenario_Corners_4x1_Aware-#0-gcs.csv,SpoofingAware,spoofer_containment_rate,98.5,0.79166666666667
Scenario_Corners_4x1_Aware-#0-gcs.csv,SpoofingAware,spoofer_containment_rate,98.75,0.78961038961039
Scenario_Corners_4x1_Aware-#0-gcs.csv,SpoofingAware,spoofer_containment_rate,99.0,0.78756476683938
Scenario_Corners_4x1_Aware-#0-gcs.csv,SpoofingAware,spoofer_containment_rate,99.25,0.78552971576227
Scenario_Corners_4x1_Aware-#0-gcs.csv,SpoofingAware,spoofer_containment_rate,99.5,0.78350515463918
Scenario_Corners_4x1_Aware-#0-gcs.csv,SpoofingAware,spoofer_containment_rate,99.75,0.78149100257069
Scenario_Corners_4x1_Aware-#0-gcs.csv,SpoofingAware,spoofer_containment_rate,100.0,0.78205128205128
Scenario_Corners_4x1_TrustRid-#0-gcs.csv,TrustRID,min_benign_spoofer_distance_now_m,0.25,158.19419796466
Scenario_Corners_4x1_TrustRid-#0-gcs.csv,TrustRID,min_benign_spoofer_distance_now_m,0.5,158.21243766234
Scenario_Corners_4x1_TrustRid-#0-gcs.csv,TrustRID,min_benign_spoofer_distance_now_m,0.75,158.26956559689
Scenario_Corners_4x1_TrustRid-#0-gcs.csv,TrustRID,min_benign_spoofer_distance_now_m,1.0,158.30354606186
Scenario_Corners_4x1_TrustRid-#0-gcs.csv,TrustRID,min_benign_spoofer_distance_now_m,1.25,158.21301367379
Scenario_Corners_4x1_TrustRid-#0-gcs.csv,TrustRID,min_benign_spoofer_distance_now_m,1.5,157.91076758006
Scenario_Corners_4x1_TrustRid-#0-gcs.csv,TrustRID,min_benign_spoofer_distance_now_m,1.75,157.33511834261
Scenario_Corners_4x1_TrustRid-#0-gcs.csv,TrustRID,min_benign_spoofer_distance_now_m,2.0,156.42740642531
Scenario_Corners_4x1_TrustRid-#0-gcs.csv,TrustRID,min_benign_spoofer_distance_now_m,2.25,155.16971744369
Scenario_Corners_4x1_TrustRid-#0-gcs.csv,TrustRID,min_benign_spoofer_distance_now_m,2.5,153.56385946143
Scenario_Corners_4x1_TrustRid-#0-gcs.csv,TrustRID,min_benign_spoofer_distance_now_m,2.75,151.73311738022
Scenario_Corners_4x1_TrustRid-#0-gcs.csv,TrustRID,min_benign_spoofer_distance_now_m,3.0,149.83326811879
Scenario_Corners_4x1_TrustRid-#0-gcs.csv,TrustRID,min_benign_spoofer_distance_now_m,3.25,148.02133191709
Scenario_Corners_4x1_TrustRid-#0-gcs.csv,TrustRID,min_benign_spoofer_distance_now_m,3.5,146.34920259175
Scenario_Corners_4x1_TrustRid-#0-gcs.csv,TrustRID,min_benign_spoofer_distance_now_m,3.75,144.84644026176
Scenario_Corners_4x1_TrustRid-#0-gcs.csv,TrustRID,min_benign_spoofer_distance_now_m,4.0,143.47070143813
Scenario_Corners_4x1_TrustRid-#0-gcs.csv,TrustRID,min_benign_spoofer_distance_now_m,4.25,142.17933548096
Scenario_Corners_4x1_TrustRid-#0-gcs.csv,TrustRID,min_benign_spoofer_distance_now_m,4.5,140.91428584788
Scenario_Corners_4x1_TrustRid-#0-gcs.csv,TrustRID,min_benign_spoofer_distance_now_m,4.75,139.64318642501
Scenario_Corners_4x1_TrustRid-#0-gcs.csv,TrustRID,min_benign_spoofer_distance_now_m,5.0,138.34395380322
Scenario_Corners_4x1_TrustRid-#0-gcs.csv,TrustRID,min_benign_spoofer_distance_now_m,5.25,137.02988183612
Scenario_Corners_4x1_TrustRid-#0-gcs.csv,TrustRID,min_benign_spoofer_distance_now_m,5.5,135.71093433682
Scenario_Corners_4x1_TrustRid-#0-gcs.csv,TrustRID,min_benign_spoofer_distance_now_m,5.75,134.42040309981
Scenario_Corners_4x1_TrustRid-#0-gcs.csv,TrustRID,min_benign_spoofer_distance_now_m,6.0,133.1650992643
Scenario_Corners_4x1_TrustRid-#0-gcs.csv,TrustRID,min_benign_spoofer_distance_now_m,6.25,131.96303060484
Scenario_Corners_4x1_TrustRid-#0-gcs.csv,TrustRID,min_benign_spoofer_distance_now_m,6.5,130.8025899099
Scenario_Corners_4x1_TrustRid-#0-gcs.csv,TrustRID,min_benign_spoofer_distance_now_m,6.75,129.68523828315
Scenario_Corners_4x1_TrustRid-#0-gcs.csv,TrustRID,min_benign_spoofer_distance_now_m,7.0,128.59221461371
Scenario_Corners_4x1_TrustRid-#0-gcs.csv,TrustRID,min_benign_spoofer_distance_now_m,7.25,127.52395138082
Scenario_Corners_4x1_TrustRid-#0-gcs.csv,TrustRID,min_benign_spoofer_distance_now_m,7.5,126.46704251503
Scenario_Corners_4x1_TrustRid-#0-gcs.csv,TrustRID,min_benign_spoofer_distance_now_m,7.75,125.42983157491
Scenario_Corners_4x1_TrustRid-#0-gcs.csv,TrustRID,min_benign_spoofer_distance_now_m,8.0,124.405606751
Scenario_Corners_4x1_TrustRid-#0-gcs.csv,TrustRID,min_benign_spoofer_distance_now_m,8.25,123.40760708918
Scenario_Corners_4x1_TrustRid-#0-gcs.csv,TrustRID,min_benign_spoofer_distance_now_m,8.5,122.43006584834
Scenario_Corners_4x1_TrustRid-#0-gcs.csv,TrustRID,min_benign_spoofer_distance_now_m,8.75,121.48172569818
Scenario_Corners_4x1_TrustRid-#0-gcs.csv,TrustRID,min_benign_spoofer_distance_now_m,9.0,120.55254067284
Scenario_Corners_4x1_TrustRid-#0-gcs.csv,TrustRID,min_benign_spoofer_distance_now_m,9.25,119.65565470857
Scenario_Corners_4x1_TrustRid-#0-gcs.csv,TrustRID,min_benign_spoofer_distance_now_m,9.5,118.78084963258
Scenario_Corners_4x1_TrustRid-#0-gcs.csv,TrustRID,min_benign_spoofer_distance_now_m,9.75,117.93791745024
Scenario_Corners_4x1_TrustRid-#0-gcs.csv,TrustRID,min_benign_spoofer_distance_now_m,10.0,117.11412735454
Scenario_Corners_4x1_TrustRid-#0-gcs.csv,TrustRID,min_benign_spoofer_distance_now_m,10.25,116.3177064493
Scenario_Corners_4x1_TrustRid-#0-gcs.csv,TrustRID,min_benign_spoofer_distance_now_m,10.5,115.29099387845
Scenario_Corners_4x1_TrustRid-#0-gcs.csv,TrustRID,min_benign_spoofer_distance_now_m,10.75,112.53954658791
Scenario_Corners_4x1_TrustRid-#0-gcs.csv,TrustRID,min_benign_spoofer_distance_now_m,11.0,109.77001617729
Scenario_Corners_4x1_TrustRid-#0-gcs.csv,TrustRID,min_benign_spoofer_distance_now_m,11.25,106.99435058758
Scenario_Corners_4x1_TrustRid-#0-gcs.csv,TrustRID,min_benign_spoofer_distance_now_m,11.5,104.20492863346
Scenario_Corners_4x1_TrustRid-#0-gcs.csv,TrustRID,min_benign_spoofer_distance_now_m,11.75,101.41658988096
Scenario_Corners_4x1_TrustRid-#0-gcs.csv,TrustRID,min_benign_spoofer_distance_now_m,12.0,98.622222725666
Scenario_Corners_4x1_TrustRid-#0-gcs.csv,TrustRID,min_benign_spoofer_distance_now_m,12.25,95.835055062019
Scenario_Corners_4x1_TrustRid-#0-gcs.csv,TrustRID,min_benign_spoofer_distance_now_m,12.5,93.0456169566
Scenario_Corners_4x1_TrustRid-#0-gcs.csv,TrustRID,min_benign_spoofer_distance_now_m,12.75,90.264762134547
Scenario_Corners_4x1_TrustRid-#0-gcs.csv,TrustRID,min_benign_spoofer_distance_now_m,13.0,87.481495489461
Scenario_Corners_4x1_TrustRid-#0-gcs.csv,TrustRID,min_benign_spoofer_distance_now_m,13.25,84.705865268457
Scenario_Corners_4x1_TrustRid-#0-gcs.csv,TrustRID,min_benign_spoofer_distance_now_m,13.5,81.926923266135
Scenario_Corners_4x1_TrustRid-#0-gcs.csv,TrustRID,min_benign_spoofer_distance_now_m,13.75,79.155070304378
Scenario_Corners_4x1_TrustRid-#0-gcs.csv,TrustRID,min_benign_spoofer_distance_now_m,14.0,76.379982961579
Scenario_Corners_4x1_TrustRid-#0-gcs.csv,TrustRID,min_benign_spoofer_distance_now_m,14.25,73.612452837771
Scenario_Corners_4x1_TrustRid-#0-gcs.csv,TrustRID,min_benign_spoofer_distance_now_m,14.5,70.842528651129
Scenario_Corners_4x1_TrustRid-#0-gcs.csv,TrustRID,min_benign_spoofer_distance_now_m,14.75,68.080985093616
Scenario_Corners_4x1_TrustRid-#0-gcs.csv,TrustRID,min_benign_spoofer_distance_now_m,15.0,65.317956308076
Scenario_Corners_4x1_TrustRid-#0-gcs.csv,TrustRID,min_benign_spoofer_distance_now_m,15.25,62.564034753743
Scenario_Corners_4x1_TrustRid-#0-gcs.csv,TrustRID,min_benign_spoofer_distance_now_m,15.5,59.809513237759
Scenario_Corners_4x1_TrustRid-#0-gcs.csv,TrustRID,min_benign_spoofer_distance_now_m,15.75,57.064976794217
Scenario_Corners_4x1_TrustRid-#0-gcs.csv,TrustRID,min_benign_spoofer_distance_now_m,16.0,54.32118842356
Scenario_Corners_4x1_TrustRid-#0-gcs.csv,TrustRID,min_benign_spoofer_distance_now_m,16.25,51.58899146961
Scenario_Corners_4x1_TrustRid-#0-gcs.csv,TrustRID,min_benign_spoofer_distance_now_m,16.5,48.85990808621
Scenario_Corners_4x1_TrustRid-#0-gcs.csv,TrustRID,min_benign_spoofer_distance_now_m,16.75,46.142538718135
Scenario_Corners_4x1_TrustRid-#0-gcs.csv,TrustRID,min_benign_spoofer_distance_now_m,17.0,43.428769163597
Scenario_Corners_4x1_TrustRid-#0-gcs.csv,TrustRID,min_benign_spoofer_distance_now_m,17.25,40.734484085455
Scenario_Corners_4x1_TrustRid-#0-gcs.csv,TrustRID,min_benign_spoofer_distance_now_m,17.5,38.05443381625
Scenario_Corners_4x1_TrustRid-#0-gcs.csv,TrustRID,min_benign_spoofer_distance_now_m,17.75,35.403522203374
Scenario_Corners_4x1_TrustRid-#0-gcs.csv,TrustRID,min_benign_spoofer_distance_now_m,18.0,32.7767440869
Scenario_Corners_4x1_TrustRid-#0-gcs.csv,TrustRID,min_benign_spoofer_distance_now_m,18.25,30.189347555125
Scenario_Corners_4x1_TrustRid-#0-gcs.csv,TrustRID,min_benign_spoofer_distance_now_m,18.5,27.640587075551
Scenario_Corners_4x1_TrustRid-#0-gcs.csv,TrustRID,min_benign_spoofer_distance_now_m,18.75,25.151074313279
Scenario_Corners_4x1_TrustRid-#0-gcs.csv,TrustRID,min_benign_spoofer_distance_now_m,19.0,22.731004691806
Scenario_Corners_4x1_TrustRid-#0-gcs.csv,TrustRID,min_benign_spoofer_distance_now_m,19.25,20.414113020522
Scenario_Corners_4x1_TrustRid-#0-gcs.csv,TrustRID,min_benign_spoofer_distance_now_m,19.5,18.233193705657
Scenario_Corners_4x1_TrustRid-#0-gcs.csv,TrustRID,min_benign_spoofer_distance_now_m,19.75,16.249983349653
Scenario_Corners_4x1_TrustRid-#0-gcs.csv,TrustRID,min_benign_spoofer_distance_now_m,20.0,14.541810336628
Scenario_Corners_4x1_TrustRid-#0-gcs.csv,TrustRID,min_benign_spoofer_distance_now_m,20.25,13.217686109241
Scenario_Corners_4x1_TrustRid-#0-gcs.csv,TrustRID,min_benign_spoofer_distance_now_m,20.5,12.402120383715
Scenario_Corners_4x1_TrustRid-#0-gcs.csv,TrustRID,min_benign_spoofer_distance_now_m,20.75,12.193252447201
Scenario_Corners_4x1_TrustRid-#0-gcs.csv,TrustRID,min_benign_spoofer_distance_now_m,21.0,12.628052789948
Scenario_Corners_4x1_TrustRid-#0-gcs.csv,TrustRID,min_benign_spoofer_distance_now_m,21.25,13.636073637311
Scenario_Corners_4x1_TrustRid-#0-gcs.csv,TrustRID,min_benign_spoofer_distance_now_m,21.5,15.113775412984
Scenario_Corners_4x1_TrustRid-#0-gcs.csv,TrustRID,min_benign_spoofer_distance_now_m,21.75,16.927093633649
Scenario_Corners_4x1_TrustRid-#0-gcs.csv,TrustRID,min_benign_spoofer_distance_now_m,22.0,18.992595755809
Scenario_Corners_4x1_TrustRid-#0-gcs.csv,TrustRID,min_benign_spoofer_distance_now_m,22.25,21.224046439771
Scenario_Corners_4x1_TrustRid-#0-gcs.csv,TrustRID,min_benign_spoofer_distance_now_m,22.5,23.587574874262
Scenario_Corners_4x1_TrustRid-#0-gcs.csv,TrustRID,min_benign_spoofer_distance_now_m,22.75,26.033975403059
Scenario_Corners_4x1_TrustRid-#0-gcs.csv,TrustRID,min_benign_spoofer_distance_now_m,23.0,28.555473860673
Scenario_Corners_4x1_TrustRid-#0-gcs.csv,TrustRID,min_benign_spoofer_distance_now_m,23.25,31.120360546048
Scenario_Corners_4x1_TrustRid-#0-gcs.csv,TrustRID,min_benign_spoofer_distance_now_m,23.5,33.732387176157
Scenario_Corners_4x1_TrustRid-#0-gcs.csv,TrustRID,min_benign_spoofer_distance_now_m,23.75,36.367818272396
Scenario_Corners_4x1_TrustRid-#0-gcs.csv,TrustRID,min_benign_spoofer_distance_now_m,24.0,39.035565775182
Scenario_Corners_4x1_TrustRid-#0-gcs.csv,TrustRID,min_benign_spoofer_distance_now_m,24.25,41.715762743936
Scenario_Corners_4x1_TrustRid-#0-gcs.csv,TrustRID,min_benign_spoofer_distance_now_m,24.5,44.419783924928
Scenario_Corners_4x1_TrustRid-#0-gcs.csv,TrustRID,min_benign_spoofer_distance_now_m,24.75,47.129836394399
Scenario_Corners_4x1_TrustRid-#0-gcs.csv,TrustRID,min_benign_spoofer_distance_now_m,25.0,49.858618625186
Scenario_Corners_4x1_TrustRid-#0-gcs.csv,TrustRID,min_benign_spoofer_distance_now_m,25.25,52.593550166489
Scenario_Corners_4x1_TrustRid-#0-gcs.csv,TrustRID,min_benign_spoofer_distance_now_m,25.5,55.348642022207
Scenario_Corners_4x1_TrustRid-#0-gcs.csv,TrustRID,min_benign_spoofer_distance_now_m,25.75,58.1028624843
Scenario_Corners_4x1_TrustRid-#0-gcs.csv,TrustRID,min_benign_spoofer_distance_now_m,26.0,60.868758223916
Scenario_Corners_4x1_TrustRid-#0-gcs.csv,TrustRID,min_benign_spoofer_distance_now_m,26.25,63.628266434004
Scenario_Corners_4x1_TrustRid-#0-gcs.csv,TrustRID,min_benign_spoofer_distance_now_m,26.5,66.397149905331
Scenario_Corners_4x1_TrustRid-#0-gcs.csv,TrustRID,min_benign_spoofer_distance_now_m,26.75,69.160321936771
Scenario_Corners_4x1_TrustRid-#0-gcs.csv,TrustRID,min_benign_spoofer_distance_now_m,27.0,71.934619581711
Scenario_Corners_4x1_TrustRid-#0-gcs.csv,TrustRID,min_benign_spoofer_distance_now_m,27.25,74.705193186804
Scenario_Corners_4x1_TrustRid-#0-gcs.csv,TrustRID,min_benign_spoofer_distance_now_m,27.5,77.315955304149
Scenario_Corners_4x1_TrustRid-#0-gcs.csv,TrustRID,min_benign_spoofer_distance_now_m,27.75,76.987551309825
Scenario_Corners_4x1_TrustRid-#0-gcs.csv,TrustRID,min_benign_spoofer_distance_now_m,28.0,76.663994802255
Scenario_Corners_4x1_TrustRid-#0-gcs.csv,TrustRID,min_benign_spoofer_distance_now_m,28.25,76.343516305392
Scenario_Corners_4x1_TrustRid-#0-gcs.csv,TrustRID,min_benign_spoofer_distance_now_m,28.5,74.830291973196
Scenario_Corners_4x1_TrustRid-#0-gcs.csv,TrustRID,min_benign_spoofer_distance_now_m,28.75,72.8728101231
Scenario_Corners_4x1_TrustRid-#0-gcs.csv,TrustRID,min_benign_spoofer_distance_now_m,29.0,70.851225476843
Scenario_Corners_4x1_TrustRid-#0-gcs.csv,TrustRID,min_benign_spoofer_distance_now_m,29.25,68.771792568117
Scenario_Corners_4x1_TrustRid-#0-gcs.csv,TrustRID,min_benign_spoofer_distance_now_m,29.5,66.586690568602
Scenario_Corners_4x1_TrustRid-#0-gcs.csv,TrustRID,min_benign_spoofer_distance_now_m,29.75,64.237926510544
Scenario_Corners_4x1_TrustRid-#0-gcs.csv,TrustRID,min_benign_spoofer_distance_now_m,30.0,61.651699736907
Scenario_Corners_4x1_TrustRid-#0-gcs.csv,TrustRID,min_benign_spoofer_distance_now_m,30.25,58.838891860958
Scenario_Corners_4x1_TrustRid-#0-gcs.csv,TrustRID,min_benign_spoofer_distance_now_m,30.5,55.847650358451
Scenario_Corners_4x1_TrustRid-#0-gcs.csv,TrustRID,min_benign_spoofer_distance_now_m,30.75,52.785719330372
Scenario_Corners_4x1_TrustRid-#0-gcs.csv,TrustRID,min_benign_spoofer_distance_now_m,31.0,49.760056843303
Scenario_Corners_4x1_TrustRid-#0-gcs.csv,TrustRID,min_benign_spoofer_distance_now_m,31.25,46.827099453227
Scenario_Corners_4x1_TrustRid-#0-gcs.csv,TrustRID,min_benign_spoofer_distance_now_m,31.5,43.982230369927
Scenario_Corners_4x1_TrustRid-#0-gcs.csv,TrustRID,min_benign_spoofer_distance_now_m,31.75,41.206267416201
Scenario_Corners_4x1_TrustRid-#0-gcs.csv,TrustRID,min_benign_spoofer_distance_now_m,32.0,38.463211516527
Scenario_Corners_4x1_TrustRid-#0-gcs.csv,TrustRID,min_benign_spoofer_distance_now_m,32.25,35.768228046825
Scenario_Corners_4x1_TrustRid-#0-gcs.csv,TrustRID,min_benign_spoofer_distance_now_m,32.5,33.111191943829
Scenario_Corners_4x1_TrustRid-#0-gcs.csv,TrustRID,min_benign_spoofer_distance_now_m,32.75,30.522479907111
Scenario_Corners_4x1_TrustRid-#0-gcs.csv,TrustRID,min_benign_spoofer_distance_now_m,33.0,28.027187023807
Scenario_Corners_4x1_TrustRid-#0-gcs.csv,TrustRID,min_benign_spoofer_distance_now_m,33.25,25.676333950175
Scenario_Corners_4x1_TrustRid-#0-gcs.csv,TrustRID,min_benign_spoofer_distance_now_m,33.5,23.534676145013
Scenario_Corners_4x1_TrustRid-#0-gcs.csv,TrustRID,min_benign_spoofer_distance_now_m,33.75,21.725611751087
Scenario_Corners_4x1_TrustRid-#0-gcs.csv,TrustRID,min_benign_spoofer_distance_now_m,34.0,20.367849952689
Scenario_Corners_4x1_TrustRid-#0-gcs.csv,TrustRID,min_benign_spoofer_distance_now_m,34.25,19.599812009731
Scenario_Corners_4x1_TrustRid-#0-gcs.csv,TrustRID,min_benign_spoofer_distance_now_m,34.5,19.473601160021
Scenario_Corners_4x1_TrustRid-#0-gcs.csv,TrustRID,min_benign_spoofer_distance_now_m,34.75,20.001007289231
Scenario_Corners_4x1_TrustRid-#0-gcs.csv,TrustRID,min_benign_spoofer_distance_now_m,35.0,21.113099254393
Scenario_Corners_4x1_TrustRid-#0-gcs.csv,TrustRID,min_benign_spoofer_distance_now_m,35.25,22.723019410123
Scenario_Corners_4x1_TrustRid-#0-gcs.csv,TrustRID,min_benign_spoofer_distance_now_m,35.5,24.735752001732
Scenario_Corners_4x1_TrustRid-#0-gcs.csv,TrustRID,min_benign_spoofer_distance_now_m,35.75,27.07176762307
Scenario_Corners_4x1_TrustRid-#0-gcs.csv,TrustRID,min_benign_spoofer_distance_now_m,36.0,29.669539032205
Scenario_Corners_4x1_TrustRid-#0-gcs.csv,TrustRID,min_benign_spoofer_distance_now_m,36.25,32.474038769646
Scenario_Corners_4x1_TrustRid-#0-gcs.csv,TrustRID,min_benign_spoofer_distance_now_m,36.5,35.449768798008
Scenario_Corners_4x1_TrustRid-#0-gcs.csv,TrustRID,min_benign_spoofer_distance_now_m,36.75,38.557687610427
Scenario_Corners_4x1_TrustRid-#0-gcs.csv,TrustRID,min_benign_spoofer_distance_now_m,37.0,41.780543067663
Scenario_Corners_4x1_TrustRid-#0-gcs.csv,TrustRID,min_benign_spoofer_distance_now_m,37.25,45.091258153568
Scenario_Corners_4x1_TrustRid-#0-gcs.csv,TrustRID,min_benign_spoofer_distance_now_m,37.5,48.485342513416
Scenario_Corners_4x1_TrustRid-#0-gcs.csv,TrustRID,min_benign_spoofer_distance_now_m,37.75,51.9429158764
Scenario_Corners_4x1_TrustRid-#0-gcs.csv,TrustRID,min_benign_spoofer_distance_now_m,38.0,55.466221723889
Scenario_Corners_4x1_TrustRid-#0-gcs.csv,TrustRID,min_benign_spoofer_distance_now_m,38.25,59.037873408104
Scenario_Corners_4x1_TrustRid-#0-gcs.csv,TrustRID,min_benign_spoofer_distance_now_m,38.5,62.66114353562
Scenario_Corners_4x1_TrustRid-#0-gcs.csv,TrustRID,min_benign_spoofer_distance_now_m,38.75,66.314697847688
Scenario_Corners_4x1_TrustRid-#0-gcs.csv,TrustRID,min_benign_spoofer_distance_now_m,39.0,69.999841372899
Scenario_Corners_4x1_TrustRid-#0-gcs.csv,TrustRID,min_benign_spoofer_distance_now_m,39.25,73.69575976242
Scenario_Corners_4x1_TrustRid-#0-gcs.csv,TrustRID,min_benign_spoofer_distance_now_m,39.5,77.277228779005
Scenario_Corners_4x1_TrustRid-#0-gcs.csv,TrustRID,min_benign_spoofer_distance_now_m,39.75,78.548907748356
Scenario_Corners_4x1_TrustRid-#0-gcs.csv,TrustRID,min_benign_spoofer_distance_now_m,40.0,79.836086689547
Scenario_Corners_4x1_TrustRid-#0-gcs.csv,TrustRID,min_benign_spoofer_distance_now_m,40.25,81.192356542853
Scenario_Corners_4x1_TrustRid-#0-gcs.csv,TrustRID,min_benign_spoofer_distance_now_m,40.5,82.680786341531
Scenario_Corners_4x1_TrustRid-#0-gcs.csv,TrustRID,min_benign_spoofer_distance_now_m,40.75,84.294709361434
Scenario_Corners_4x1_TrustRid-#0-gcs.csv,TrustRID,min_benign_spoofer_distance_now_m,41.0,86.025967652098
Scenario_Corners_4x1_TrustRid-#0-gcs.csv,TrustRID,min_benign_spoofer_distance_now_m,41.25,87.820887369449
Scenario_Corners_4x1_TrustRid-#0-gcs.csv,TrustRID,min_benign_spoofer_distance_now_m,41.5,89.663091517281
Scenario_Corners_4x1_TrustRid-#0-gcs.csv,TrustRID,min_benign_spoofer_distance_now_m,41.75,91.509255244304
Scenario_Corners_4x1_TrustRid-#0-gcs.csv,TrustRID,min_benign_spoofer_distance_now_m,42.0,93.368047338933
Scenario_Corners_4x1_TrustRid-#0-gcs.csv,TrustRID,min_benign_spoofer_distance_now_m,42.25,95.222994603502
Scenario_Corners_4x1_TrustRid-#0-gcs.csv,TrustRID,min_benign_spoofer_distance_now_m,42.5,97.100117833028
Scenario_Corners_4x1_TrustRid-#0-gcs.csv,TrustRID,min_benign_spoofer_distance_now_m,42.75,98.994130265927
Scenario_Corners_4x1_TrustRid-#0-gcs.csv,TrustRID,min_benign_spoofer_distance_now_m,43.0,100.93008276387
Scenario_Corners_4x1_TrustRid-#0-gcs.csv,TrustRID,min_benign_spoofer_distance_now_m,43.25,102.8959468525
Scenario_Corners_4x1_TrustRid-#0-gcs.csv,TrustRID,min_benign_spoofer_distance_now_m,43.5,104.90706447959
Scenario_Corners_4x1_TrustRid-#0-gcs.csv,TrustRID,min_benign_spoofer_distance_now_m,43.75,106.94169930486
Scenario_Corners_4x1_TrustRid-#0-gcs.csv,TrustRID,min_benign_spoofer_distance_now_m,44.0,109.01028456111
Scenario_Corners_4x1_TrustRid-#0-gcs.csv,TrustRID,min_benign_spoofer_distance_now_m,44.25,111.08931254157
Scenario_Corners_4x1_TrustRid-#0-gcs.csv,TrustRID,min_benign_spoofer_distance_now_m,44.5,113.19182105589
Scenario_Corners_4x1_TrustRid-#0-gcs.csv,TrustRID,min_benign_spoofer_distance_now_m,44.75,115.2985603038
Scenario_Corners_4x1_TrustRid-#0-gcs.csv,TrustRID,min_benign_spoofer_distance_now_m,45.0,117.42680837688
Scenario_Corners_4x1_TrustRid-#0-gcs.csv,TrustRID,min_benign_spoofer_distance_now_m,45.25,119.56082063713
Scenario_Corners_4x1_TrustRid-#0-gcs.csv,TrustRID,min_benign_spoofer_distance_now_m,45.5,121.71912885864
Scenario_Corners_4x1_TrustRid-#0-gcs.csv,TrustRID,min_benign_spoofer_distance_now_m,45.75,123.88589568685
Scenario_Corners_4x1_TrustRid-#0-gcs.csv,TrustRID,min_benign_spoofer_distance_now_m,46.0,126.07818719898
Scenario_Corners_4x1_TrustRid-#0-gcs.csv,TrustRID,min_benign_spoofer_distance_now_m,46.25,128.27827696431
Scenario_Corners_4x1_TrustRid-#0-gcs.csv,TrustRID,min_benign_spoofer_distance_now_m,46.5,130.50165570775
Scenario_Corners_4x1_TrustRid-#0-gcs.csv,TrustRID,min_benign_spoofer_distance_now_m,46.75,132.72953363987
Scenario_Corners_4x1_TrustRid-#0-gcs.csv,TrustRID,min_benign_spoofer_distance_now_m,47.0,134.97721727085
Scenario_Corners_4x1_TrustRid-#0-gcs.csv,TrustRID,min_benign_spoofer_distance_now_m,47.25,137.22634397227
Scenario_Corners_4x1_TrustRid-#0-gcs.csv,TrustRID,min_benign_spoofer_distance_now_m,47.5,139.49300068734
Scenario_Corners_4x1_TrustRid-#0-gcs.csv,TrustRID,min_benign_spoofer_distance_now_m,47.75,141.75979084962
Scenario_Corners_4x1_TrustRid-#0-gcs.csv,TrustRID,min_benign_spoofer_distance_now_m,48.0,144.04350583106
Scenario_Corners_4x1_TrustRid-#0-gcs.csv,TrustRID,min_benign_spoofer_distance_now_m,48.25,146.32730383192
Scenario_Corners_4x1_TrustRid-#0-gcs.csv,TrustRID,min_benign_spoofer_distance_now_m,48.5,148.62812731141
Scenario_Corners_4x1_TrustRid-#0-gcs.csv,TrustRID,min_benign_spoofer_distance_now_m,48.75,150.92313312989
Scenario_Corners_4x1_TrustRid-#0-gcs.csv,TrustRID,min_benign_spoofer_distance_now_m,49.0,153.15323914018
Scenario_Corners_4x1_TrustRid-#0-gcs.csv,TrustRID,min_benign_spoofer_distance_now_m,49.25,155.23700551172
Scenario_Corners_4x1_TrustRid-#0-gcs.csv,TrustRID,min_benign_spoofer_distance_now_m,49.5,157.27151058949
Scenario_Corners_4x1_TrustRid-#0-gcs.csv,TrustRID,min_benign_spoofer_distance_now_m,49.75,159.34902959932
Scenario_Corners_4x1_TrustRid-#0-gcs.csv,TrustRID,min_benign_spoofer_distance_now_m,50.0,161.47212026191
Scenario_Corners_4x1_TrustRid-#0-gcs.csv,TrustRID,min_benign_spoofer_distance_now_m,50.25,163.51792008317
Scenario_Corners_4x1_TrustRid-#0-gcs.csv,TrustRID,min_benign_spoofer_distance_now_m,50.5,165.36822192366
Scenario_Corners_4x1_TrustRid-#0-gcs.csv,TrustRID,min_benign_spoofer_distance_now_m,50.75,166.97629640674
Scenario_Corners_4x1_TrustRid-#0-gcs.csv,TrustRID,min_benign_spoofer_distance_now_m,51.0,168.52370635682
Scenario_Corners_4x1_TrustRid-#0-gcs.csv,TrustRID,min_benign_spoofer_distance_now_m,51.25,170.20112365326
Scenario_Corners_4x1_TrustRid-#0-gcs.csv,TrustRID,min_benign_spoofer_distance_now_m,51.5,172.12049621217
Scenario_Corners_4x1_TrustRid-#0-gcs.csv,TrustRID,min_benign_spoofer_distance_now_m,51.75,174.34603193887
Scenario_Corners_4x1_TrustRid-#0-gcs.csv,TrustRID,min_benign_spoofer_distance_now_m,52.0,176.88091460672
Scenario_Corners_4x1_TrustRid-#0-gcs.csv,TrustRID,min_benign_spoofer_distance_now_m,52.25,179.6467037505
Scenario_Corners_4x1_TrustRid-#0-gcs.csv,TrustRID,min_benign_spoofer_distance_now_m,52.5,182.51839684967
Scenario_Corners_4x1_TrustRid-#0-gcs.csv,TrustRID,min_benign_spoofer_distance_now_m,52.75,185.38944519669
Scenario_Corners_4x1_TrustRid-#0-gcs.csv,TrustRID,min_benign_spoofer_distance_now_m,53.0,188.20237786355
Scenario_Corners_4x1_TrustRid-#0-gcs.csv,TrustRID,min_benign_spoofer_distance_now_m,53.25,190.9409266168
Scenario_Corners_4x1_TrustRid-#0-gcs.csv,TrustRID,min_benign_spoofer_distance_now_m,53.5,193.58071377285
Scenario_Corners_4x1_TrustRid-#0-gcs.csv,TrustRID,min_benign_spoofer_distance_now_m,53.75,196.0136500799
Scenario_Corners_4x1_TrustRid-#0-gcs.csv,TrustRID,min_benign_spoofer_distance_now_m,54.0,198.13078992135
Scenario_Corners_4x1_TrustRid-#0-gcs.csv,TrustRID,min_benign_spoofer_distance_now_m,54.25,199.85870147483
Scenario_Corners_4x1_TrustRid-#0-gcs.csv,TrustRID,min_benign_spoofer_distance_now_m,54.5,200.85668218069
Scenario_Corners_4x1_TrustRid-#0-gcs.csv,TrustRID,min_benign_spoofer_distance_now_m,54.75,201.15228386179
Scenario_Corners_4x1_TrustRid-#0-gcs.csv,TrustRID,min_benign_spoofer_distance_now_m,55.0,201.02053983892
Scenario_Corners_4x1_TrustRid-#0-gcs.csv,TrustRID,min_benign_spoofer_distance_now_m,55.25,200.43280090814
Scenario_Corners_4x1_TrustRid-#0-gcs.csv,TrustRID,min_benign_spoofer_distance_now_m,55.5,199.37303474528
Scenario_Corners_4x1_TrustRid-#0-gcs.csv,TrustRID,min_benign_spoofer_distance_now_m,55.75,197.83291451111
Scenario_Corners_4x1_TrustRid-#0-gcs.csv,TrustRID,min_benign_spoofer_distance_now_m,56.0,195.81321869125
Scenario_Corners_4x1_TrustRid-#0-gcs.csv,TrustRID,min_benign_spoofer_distance_now_m,56.25,193.32551234991
Scenario_Corners_4x1_TrustRid-#0-gcs.csv,TrustRID,min_benign_spoofer_distance_now_m,56.5,190.39688909728
Scenario_Corners_4x1_TrustRid-#0-gcs.csv,TrustRID,min_benign_spoofer_distance_now_m,56.75,187.16145438249
Scenario_Corners_4x1_TrustRid-#0-gcs.csv,TrustRID,min_benign_spoofer_distance_now_m,57.0,183.90528652464
Scenario_Corners_4x1_TrustRid-#0-gcs.csv,TrustRID,min_benign_spoofer_distance_now_m,57.25,180.8316078863
Scenario_Corners_4x1_TrustRid-#0-gcs.csv,TrustRID,min_benign_spoofer_distance_now_m,57.5,178.03946487194
Scenario_Corners_4x1_TrustRid-#0-gcs.csv,TrustRID,min_benign_spoofer_distance_now_m,57.75,175.59837058059
Scenario_Corners_4x1_TrustRid-#0-gcs.csv,TrustRID,min_benign_spoofer_distance_now_m,58.0,173.5621149718
Scenario_Corners_4x1_TrustRid-#0-gcs.csv,TrustRID,min_benign_spoofer_distance_now_m,58.25,171.96762543099
Scenario_Corners_4x1_TrustRid-#0-gcs.csv,TrustRID,min_benign_spoofer_distance_now_m,58.5,170.83646326131
Scenario_Corners_4x1_TrustRid-#0-gcs.csv,TrustRID,min_benign_spoofer_distance_now_m,58.75,170.17577814534
Scenario_Corners_4x1_TrustRid-#0-gcs.csv,TrustRID,min_benign_spoofer_distance_now_m,59.0,169.97770855608
Scenario_Corners_4x1_TrustRid-#0-gcs.csv,TrustRID,min_benign_spoofer_distance_now_m,59.25,170.22436174315
Scenario_Corners_4x1_TrustRid-#0-gcs.csv,TrustRID,min_benign_spoofer_distance_now_m,59.5,170.8623014027
Scenario_Corners_4x1_TrustRid-#0-gcs.csv,TrustRID,min_benign_spoofer_distance_now_m,59.75,171.68325753357
Scenario_Corners_4x1_TrustRid-#0-gcs.csv,TrustRID,min_benign_spoofer_distance_now_m,60.0,172.42032027367
Scenario_Corners_4x1_TrustRid-#0-gcs.csv,TrustRID,min_benign_spoofer_distance_now_m,60.25,172.92407361913
Scenario_Corners_4x1_TrustRid-#0-gcs.csv,TrustRID,min_benign_spoofer_distance_now_m,60.5,173.10500209345
Scenario_Corners_4x1_TrustRid-#0-gcs.csv,TrustRID,min_benign_spoofer_distance_now_m,60.75,172.89600372688
Scenario_Corners_4x1_TrustRid-#0-gcs.csv,TrustRID,min_benign_spoofer_distance_now_m,61.0,172.24911411864
Scenario_Corners_4x1_TrustRid-#0-gcs.csv,TrustRID,min_benign_spoofer_distance_now_m,61.25,171.13451198826
Scenario_Corners_4x1_TrustRid-#0-gcs.csv,TrustRID,min_benign_spoofer_distance_now_m,61.5,169.53759351161
Scenario_Corners_4x1_TrustRid-#0-gcs.csv,TrustRID,min_benign_spoofer_distance_now_m,61.75,167.46027607721
Scenario_Corners_4x1_TrustRid-#0-gcs.csv,TrustRID,min_benign_spoofer_distance_now_m,62.0,164.91805739486
Scenario_Corners_4x1_TrustRid-#0-gcs.csv,TrustRID,min_benign_spoofer_distance_now_m,62.25,161.95415143929
Scenario_Corners_4x1_TrustRid-#0-gcs.csv,TrustRID,min_benign_spoofer_distance_now_m,62.5,158.76762245591
Scenario_Corners_4x1_TrustRid-#0-gcs.csv,TrustRID,min_benign_spoofer_distance_now_m,62.75,155.71429190699
Scenario_Corners_4x1_TrustRid-#0-gcs.csv,TrustRID,min_benign_spoofer_distance_now_m,63.0,153.03684641391
Scenario_Corners_4x1_TrustRid-#0-gcs.csv,TrustRID,min_benign_spoofer_distance_now_m,63.25,150.8627556889
Scenario_Corners_4x1_TrustRid-#0-gcs.csv,TrustRID,min_benign_spoofer_distance_now_m,63.5,149.30470490808
Scenario_Corners_4x1_TrustRid-#0-gcs.csv,TrustRID,min_benign_spoofer_distance_now_m,63.75,148.45203337361
Scenario_Corners_4x1_TrustRid-#0-gcs.csv,TrustRID,min_benign_spoofer_distance_now_m,64.0,148.35773178133
Scenario_Corners_4x1_TrustRid-#0-gcs.csv,TrustRID,min_benign_spoofer_distance_now_m,64.25,149.00756200941
Scenario_Corners_4x1_TrustRid-#0-gcs.csv,TrustRID,min_benign_spoofer_distance_now_m,64.5,150.31718554279
Scenario_Corners_4x1_TrustRid-#0-gcs.csv,TrustRID,min_benign_spoofer_distance_now_m,64.75,152.17326222062
Scenario_Corners_4x1_TrustRid-#0-gcs.csv,TrustRID,min_benign_spoofer_distance_now_m,65.0,154.47608632705
Scenario_Corners_4x1_TrustRid-#0-gcs.csv,TrustRID,min_benign_spoofer_distance_now_m,65.25,157.14010992617
Scenario_Corners_4x1_TrustRid-#0-gcs.csv,TrustRID,min_benign_spoofer_distance_now_m,65.5,159.96207458061
Scenario_Corners_4x1_TrustRid-#0-gcs.csv,TrustRID,min_benign_spoofer_distance_now_m,65.75,162.67075859525
Scenario_Corners_4x1_TrustRid-#0-gcs.csv,TrustRID,min_benign_spoofer_distance_now_m,66.0,165.13102373711
Scenario_Corners_4x1_TrustRid-#0-gcs.csv,TrustRID,min_benign_spoofer_distance_now_m,66.25,167.27435911827
Scenario_Corners_4x1_TrustRid-#0-gcs.csv,TrustRID,min_benign_spoofer_distance_now_m,66.5,169.04588565894
Scenario_Corners_4x1_TrustRid-#0-gcs.csv,TrustRID,min_benign_spoofer_distance_now_m,66.75,170.40111527354
Scenario_Corners_4x1_TrustRid-#0-gcs.csv,TrustRID,min_benign_spoofer_distance_now_m,67.0,171.30861789878
Scenario_Corners_4x1_TrustRid-#0-gcs.csv,TrustRID,min_benign_spoofer_distance_now_m,67.25,171.74983897101
Scenario_Corners_4x1_TrustRid-#0-gcs.csv,TrustRID,min_benign_spoofer_distance_now_m,67.5,171.72201912517
Scenario_Corners_4x1_TrustRid-#0-gcs.csv,TrustRID,min_benign_spoofer_distance_now_m,67.75,171.23815489671
Scenario_Corners_4x1_TrustRid-#0-gcs.csv,TrustRID,min_benign_spoofer_distance_now_m,68.0,170.32162377921
Scenario_Corners_4x1_TrustRid-#0-gcs.csv,TrustRID,min_benign_spoofer_distance_now_m,68.25,169.04040666448
Scenario_Corners_4x1_TrustRid-#0-gcs.csv,TrustRID,min_benign_spoofer_distance_now_m,68.5,167.63854739554
Scenario_Corners_4x1_TrustRid-#0-gcs.csv,TrustRID,min_benign_spoofer_distance_now_m,68.75,166.38127982843
Scenario_Corners_4x1_TrustRid-#0-gcs.csv,TrustRID,min_benign_spoofer_distance_now_m,69.0,165.40284185501
Scenario_Corners_4x1_TrustRid-#0-gcs.csv,TrustRID,min_benign_spoofer_distance_now_m,69.25,164.78630731504
Scenario_Corners_4x1_TrustRid-#0-gcs.csv,TrustRID,min_benign_spoofer_distance_now_m,69.5,164.59431708991
Scenario_Corners_4x1_TrustRid-#0-gcs.csv,TrustRID,min_benign_spoofer_distance_now_m,69.75,164.86986826609
Scenario_Corners_4x1_TrustRid-#0-gcs.csv,TrustRID,min_benign_spoofer_distance_now_m,70.0,165.63743494809
Scenario_Corners_4x1_TrustRid-#0-gcs.csv,TrustRID,min_benign_spoofer_distance_now_m,70.25,166.90685564171
Scenario_Corners_4x1_TrustRid-#0-gcs.csv,TrustRID,min_benign_spoofer_distance_now_m,70.5,168.67247007346
Scenario_Corners_4x1_TrustRid-#0-gcs.csv,TrustRID,min_benign_spoofer_distance_now_m,70.75,170.91664132977
Scenario_Corners_4x1_TrustRid-#0-gcs.csv,TrustRID,min_benign_spoofer_distance_now_m,71.0,173.59962984898
Scenario_Corners_4x1_TrustRid-#0-gcs.csv,TrustRID,min_benign_spoofer_distance_now_m,71.25,176.60395385716
Scenario_Corners_4x1_TrustRid-#0-gcs.csv,TrustRID,min_benign_spoofer_distance_now_m,71.5,179.67401125222
Scenario_Corners_4x1_TrustRid-#0-gcs.csv,TrustRID,min_benign_spoofer_distance_now_m,71.75,182.59859294465
Scenario_Corners_4x1_TrustRid-#0-gcs.csv,TrustRID,min_benign_spoofer_distance_now_m,72.0,183.70289811002
Scenario_Corners_4x1_TrustRid-#0-gcs.csv,TrustRID,min_benign_spoofer_distance_now_m,72.25,182.52787263263
Scenario_Corners_4x1_TrustRid-#0-gcs.csv,TrustRID,min_benign_spoofer_distance_now_m,72.5,180.86837015225
Scenario_Corners_4x1_TrustRid-#0-gcs.csv,TrustRID,min_benign_spoofer_distance_now_m,72.75,178.72473390569
Scenario_Corners_4x1_TrustRid-#0-gcs.csv,TrustRID,min_benign_spoofer_distance_now_m,73.0,176.11134751293
Scenario_Corners_4x1_TrustRid-#0-gcs.csv,TrustRID,min_benign_spoofer_distance_now_m,73.25,173.05461131493
Scenario_Corners_4x1_TrustRid-#0-gcs.csv,TrustRID,min_benign_spoofer_distance_now_m,73.5,169.65682433636
Scenario_Corners_4x1_TrustRid-#0-gcs.csv,TrustRID,min_benign_spoofer_distance_now_m,73.75,166.1896558155
Scenario_Corners_4x1_TrustRid-#0-gcs.csv,TrustRID,min_benign_spoofer_distance_now_m,74.0,162.88174254556
Scenario_Corners_4x1_TrustRid-#0-gcs.csv,TrustRID,min_benign_spoofer_distance_now_m,74.25,159.84238883149
Scenario_Corners_4x1_TrustRid-#0-gcs.csv,TrustRID,min_benign_spoofer_distance_now_m,74.5,157.14073025127
Scenario_Corners_4x1_TrustRid-#0-gcs.csv,TrustRID,min_benign_spoofer_distance_now_m,74.75,154.82758718849
Scenario_Corners_4x1_TrustRid-#0-gcs.csv,TrustRID,min_benign_spoofer_distance_now_m,75.0,152.93678693668
Scenario_Corners_4x1_TrustRid-#0-gcs.csv,TrustRID,min_benign_spoofer_distance_now_m,75.25,151.48754907818
Scenario_Corners_4x1_TrustRid-#0-gcs.csv,TrustRID,min_benign_spoofer_distance_now_m,75.5,150.48772867124
Scenario_Corners_4x1_TrustRid-#0-gcs.csv,TrustRID,min_benign_spoofer_distance_now_m,75.75,149.93238575421
Scenario_Corners_4x1_TrustRid-#0-gcs.csv,TrustRID,min_benign_spoofer_distance_now_m,76.0,149.8082319178
Scenario_Corners_4x1_TrustRid-#0-gcs.csv,TrustRID,min_benign_spoofer_distance_now_m,76.25,150.09404118353
Scenario_Corners_4x1_TrustRid-#0-gcs.csv,TrustRID,min_benign_spoofer_distance_now_m,76.5,150.68558440835
Scenario_Corners_4x1_TrustRid-#0-gcs.csv,TrustRID,min_benign_spoofer_distance_now_m,76.75,151.31828253842
Scenario_Corners_4x1_TrustRid-#0-gcs.csv,TrustRID,min_benign_spoofer_distance_now_m,77.0,151.78815103725
Scenario_Corners_4x1_TrustRid-#0-gcs.csv,TrustRID,min_benign_spoofer_distance_now_m,77.25,151.98810788473
Scenario_Corners_4x1_TrustRid-#0-gcs.csv,TrustRID,min_benign_spoofer_distance_now_m,77.5,151.84117063134
Scenario_Corners_4x1_TrustRid-#0-gcs.csv,TrustRID,min_benign_spoofer_distance_now_m,77.75,151.28841282357
Scenario_Corners_4x1_TrustRid-#0-gcs.csv,TrustRID,min_benign_spoofer_distance_now_m,78.0,150.28977666773
Scenario_Corners_4x1_TrustRid-#0-gcs.csv,TrustRID,min_benign_spoofer_distance_now_m,78.25,148.82203968196
Scenario_Corners_4x1_TrustRid-#0-gcs.csv,TrustRID,min_benign_spoofer_distance_now_m,78.5,146.87723699637
Scenario_Corners_4x1_TrustRid-#0-gcs.csv,TrustRID,min_benign_spoofer_distance_now_m,78.75,144.46427668736
Scenario_Corners_4x1_TrustRid-#0-gcs.csv,TrustRID,min_benign_spoofer_distance_now_m,79.0,141.61681147521
Scenario_Corners_4x1_TrustRid-#0-gcs.csv,TrustRID,min_benign_spoofer_distance_now_m,79.25,138.41634361303
Scenario_Corners_4x1_TrustRid-#0-gcs.csv,TrustRID,min_benign_spoofer_distance_now_m,79.5,135.04276855454
Scenario_Corners_4x1_TrustRid-#0-gcs.csv,TrustRID,min_benign_spoofer_distance_now_m,79.75,131.74650871575
Scenario_Corners_4x1_TrustRid-#0-gcs.csv,TrustRID,min_benign_spoofer_distance_now_m,80.0,128.67776275492
Scenario_Corners_4x1_TrustRid-#0-gcs.csv,TrustRID,min_benign_spoofer_distance_now_m,80.25,125.91354022004
Scenario_Corners_4x1_TrustRid-#0-gcs.csv,TrustRID,min_benign_spoofer_distance_now_m,80.5,123.50694358339
Scenario_Corners_4x1_TrustRid-#0-gcs.csv,TrustRID,min_benign_spoofer_distance_now_m,80.75,121.49554820129
Scenario_Corners_4x1_TrustRid-#0-gcs.csv,TrustRID,min_benign_spoofer_distance_now_m,81.0,119.90300814586
Scenario_Corners_4x1_TrustRid-#0-gcs.csv,TrustRID,min_benign_spoofer_distance_now_m,81.25,118.74218026117
Scenario_Corners_4x1_TrustRid-#0-gcs.csv,TrustRID,min_benign_spoofer_distance_now_m,81.5,118.01455527336
Scenario_Corners_4x1_TrustRid-#0-gcs.csv,TrustRID,min_benign_spoofer_distance_now_m,81.75,117.71044328768
Scenario_Corners_4x1_TrustRid-#0-gcs.csv,TrustRID,min_benign_spoofer_distance_now_m,82.0,117.81329642459
Scenario_Corners_4x1_TrustRid-#0-gcs.csv,TrustRID,min_benign_spoofer_distance_now_m,82.25,118.25309191703
Scenario_Corners_4x1_TrustRid-#0-gcs.csv,TrustRID,min_benign_spoofer_distance_now_m,82.5,118.79714701227
Scenario_Corners_4x1_TrustRid-#0-gcs.csv,TrustRID,min_benign_spoofer_distance_now_m,82.75,119.22485739581
Scenario_Corners_4x1_TrustRid-#0-gcs.csv,TrustRID,min_benign_spoofer_distance_now_m,83.0,119.42739262133
Scenario_Corners_4x1_TrustRid-#0-gcs.csv,TrustRID,min_benign_spoofer_distance_now_m,83.25,119.33107442638
Scenario_Corners_4x1_TrustRid-#0-gcs.csv,TrustRID,min_benign_spoofer_distance_now_m,83.5,118.87662308899
Scenario_Corners_4x1_TrustRid-#0-gcs.csv,TrustRID,min_benign_spoofer_distance_now_m,83.75,118.02146867222
Scenario_Corners_4x1_TrustRid-#0-gcs.csv,TrustRID,min_benign_spoofer_distance_now_m,84.0,116.74047716343
Scenario_Corners_4x1_TrustRid-#0-gcs.csv,TrustRID,min_benign_spoofer_distance_now_m,84.25,115.02403996934
Scenario_Corners_4x1_TrustRid-#0-gcs.csv,TrustRID,min_benign_spoofer_distance_now_m,84.5,112.88003844446
Scenario_Corners_4x1_TrustRid-#0-gcs.csv,TrustRID,min_benign_spoofer_distance_now_m,84.75,110.32938640531
Scenario_Corners_4x1_TrustRid-#0-gcs.csv,TrustRID,min_benign_spoofer_distance_now_m,85.0,107.40276152104
Scenario_Corners_4x1_TrustRid-#0-gcs.csv,TrustRID,min_benign_spoofer_distance_now_m,85.25,104.20099612234
Scenario_Corners_4x1_TrustRid-#0-gcs.csv,TrustRID,min_benign_spoofer_distance_now_m,85.5,100.98025196335
Scenario_Corners_4x1_TrustRid-#0-gcs.csv,TrustRID,min_benign_spoofer_distance_now_m,85.75,97.973217513813
Scenario_Corners_4x1_TrustRid-#0-gcs.csv,TrustRID,min_benign_spoofer_distance_now_m,86.0,95.348772840633
Scenario_Corners_4x1_TrustRid-#0-gcs.csv,TrustRID,min_benign_spoofer_distance_now_m,86.25,93.2351987993
Scenario_Corners_4x1_TrustRid-#0-gcs.csv,TrustRID,min_benign_spoofer_distance_now_m,86.5,91.71721397907
Scenario_Corners_4x1_TrustRid-#0-gcs.csv,TrustRID,min_benign_spoofer_distance_now_m,86.75,90.847552208543
Scenario_Corners_4x1_TrustRid-#0-gcs.csv,TrustRID,min_benign_spoofer_distance_now_m,87.0,90.652058971366
Scenario_Corners_4x1_TrustRid-#0-gcs.csv,TrustRID,min_benign_spoofer_distance_now_m,87.25,91.141824143856
Scenario_Corners_4x1_TrustRid-#0-gcs.csv,TrustRID,min_benign_spoofer_distance_now_m,87.5,92.31699261644
Scenario_Corners_4x1_TrustRid-#0-gcs.csv,TrustRID,min_benign_spoofer_distance_now_m,87.75,94.124792334749
Scenario_Corners_4x1_TrustRid-#0-gcs.csv,TrustRID,min_benign_spoofer_distance_now_m,88.0,96.427096261002
Scenario_Corners_4x1_TrustRid-#0-gcs.csv,TrustRID,min_benign_spoofer_distance_now_m,88.25,98.975520374307
Scenario_Corners_4x1_TrustRid-#0-gcs.csv,TrustRID,min_benign_spoofer_distance_now_m,88.5,101.47223799132
Scenario_Corners_4x1_TrustRid-#0-gcs.csv,TrustRID,min_benign_spoofer_distance_now_m,88.75,103.70681027892
Scenario_Corners_4x1_TrustRid-#0-gcs.csv,TrustRID,min_benign_spoofer_distance_now_m,89.0,105.52660558841
Scenario_Corners_4x1_TrustRid-#0-gcs.csv,TrustRID,min_benign_spoofer_distance_now_m,89.25,106.81064357563
Scenario_Corners_4x1_TrustRid-#0-gcs.csv,TrustRID,min_benign_spoofer_distance_now_m,89.5,107.47847612416
Scenario_Corners_4x1_TrustRid-#0-gcs.csv,TrustRID,min_benign_spoofer_distance_now_m,89.75,107.51102382906
Scenario_Corners_4x1_TrustRid-#0-gcs.csv,TrustRID,min_benign_spoofer_distance_now_m,90.0,106.95057590042
Scenario_Corners_4x1_TrustRid-#0-gcs.csv,TrustRID,min_benign_spoofer_distance_now_m,90.25,105.88154150194
Scenario_Corners_4x1_TrustRid-#0-gcs.csv,TrustRID,min_benign_spoofer_distance_now_m,90.5,104.40323832958
Scenario_Corners_4x1_TrustRid-#0-gcs.csv,TrustRID,min_benign_spoofer_distance_now_m,90.75,102.61395090819
Scenario_Corners_4x1_TrustRid-#0-gcs.csv,TrustRID,min_benign_spoofer_distance_now_m,91.0,100.67382076466
Scenario_Corners_4x1_TrustRid-#0-gcs.csv,TrustRID,min_benign_spoofer_distance_now_m,91.25,98.855291268404
Scenario_Corners_4x1_TrustRid-#0-gcs.csv,TrustRID,min_benign_spoofer_distance_now_m,91.5,97.338694659399
Scenario_Corners_4x1_TrustRid-#0-gcs.csv,TrustRID,min_benign_spoofer_distance_now_m,91.75,96.173614622061
Scenario_Corners_4x1_TrustRid-#0-gcs.csv,TrustRID,min_benign_spoofer_distance_now_m,92.0,95.360337178271
Scenario_Corners_4x1_TrustRid-#0-gcs.csv,TrustRID,min_benign_spoofer_distance_now_m,92.25,94.882752925232
Scenario_Corners_4x1_TrustRid-#0-gcs.csv,TrustRID,min_benign_spoofer_distance_now_m,92.5,94.720924035851
Scenario_Corners_4x1_TrustRid-#0-gcs.csv,TrustRID,min_benign_spoofer_distance_now_m,92.75,94.860117880422
Scenario_Corners_4x1_TrustRid-#0-gcs.csv,TrustRID,min_benign_spoofer_distance_now_m,93.0,95.296722969119
Scenario_Corners_4x1_TrustRid-#0-gcs.csv,TrustRID,min_benign_spoofer_distance_now_m,93.25,96.038675660542
Scenario_Corners_4x1_TrustRid-#0-gcs.csv,TrustRID,min_benign_spoofer_distance_now_m,93.5,97.107459764365
Scenario_Corners_4x1_TrustRid-#0-gcs.csv,TrustRID,min_benign_spoofer_distance_now_m,93.75,98.521440462111
Scenario_Corners_4x1_TrustRid-#0-gcs.csv,TrustRID,min_benign_spoofer_distance_now_m,94.0,100.18254631509
Scenario_Corners_4x1_TrustRid-#0-gcs.csv,TrustRID,min_benign_spoofer_distance_now_m,94.25,101.87921381099
Scenario_Corners_4x1_TrustRid-#0-gcs.csv,TrustRID,min_benign_spoofer_distance_now_m,94.5,103.47850450886
Scenario_Corners_4x1_TrustRid-#0-gcs.csv,TrustRID,min_benign_spoofer_distance_now_m,94.75,104.89303089039
Scenario_Corners_4x1_TrustRid-#0-gcs.csv,TrustRID,min_benign_spoofer_distance_now_m,95.0,106.03834585725
Scenario_Corners_4x1_TrustRid-#0-gcs.csv,TrustRID,min_benign_spoofer_distance_now_m,95.25,106.83277914048
Scenario_Corners_4x1_TrustRid-#0-gcs.csv,TrustRID,min_benign_spoofer_distance_now_m,95.5,107.20495839793
Scenario_Corners_4x1_TrustRid-#0-gcs.csv,TrustRID,min_benign_spoofer_distance_now_m,95.75,107.09932684338
Scenario_Corners_4x1_TrustRid-#0-gcs.csv,TrustRID,min_benign_spoofer_distance_now_m,96.0,106.4846774822
Scenario_Corners_4x1_TrustRid-#0-gcs.csv,TrustRID,min_benign_spoofer_distance_now_m,96.25,105.36922884392
Scenario_Corners_4x1_TrustRid-#0-gcs.csv,TrustRID,min_benign_spoofer_distance_now_m,96.5,103.81666169959
Scenario_Corners_4x1_TrustRid-#0-gcs.csv,TrustRID,min_benign_spoofer_distance_now_m,96.75,101.95489197505
Scenario_Corners_4x1_TrustRid-#0-gcs.csv,TrustRID,min_benign_spoofer_distance_now_m,97.0,100.02434368845
Scenario_Corners_4x1_TrustRid-#0-gcs.csv,TrustRID,min_benign_spoofer_distance_now_m,97.25,98.243454444411
Scenario_Corners_4x1_TrustRid-#0-gcs.csv,TrustRID,min_benign_spoofer_distance_now_m,97.5,96.732946905268
Scenario_Corners_4x1_TrustRid-#0-gcs.csv,TrustRID,min_benign_spoofer_distance_now_m,97.75,95.570870939985
Scenario_Corners_4x1_TrustRid-#0-gcs.csv,TrustRID,min_benign_spoofer_distance_now_m,98.0,94.812105804411
Scenario_Corners_4x1_TrustRid-#0-gcs.csv,TrustRID,min_benign_spoofer_distance_now_m,98.25,94.490423316967
Scenario_Corners_4x1_TrustRid-#0-gcs.csv,TrustRID,min_benign_spoofer_distance_now_m,98.5,94.620873592048
Scenario_Corners_4x1_TrustRid-#0-gcs.csv,TrustRID,min_benign_spoofer_distance_now_m,98.75,95.20154632092
Scenario_Corners_4x1_TrustRid-#0-gcs.csv,TrustRID,min_benign_spoofer_distance_now_m,99.0,96.214049221497
Scenario_Corners_4x1_TrustRid-#0-gcs.csv,TrustRID,min_benign_spoofer_distance_now_m,99.25,97.627737750204
Scenario_Corners_4x1_TrustRid-#0-gcs.csv,TrustRID,min_benign_spoofer_distance_now_m,99.5,99.357962778542
Scenario_Corners_4x1_TrustRid-#0-gcs.csv,TrustRID,min_benign_spoofer_distance_now_m,99.75,101.18032255562
Scenario_Corners_4x1_TrustRid-#0-gcs.csv,TrustRID,min_benign_spoofer_distance_now_m,100.0,102.87564970708
Scenario_Corners_4x1_TrustRid-#0-gcs.csv,TrustRID,min_benign_spoofer_distance_running_min_m,0.25,158.19419796466
Scenario_Corners_4x1_TrustRid-#0-gcs.csv,TrustRID,min_benign_spoofer_distance_running_min_m,0.5,158.19419796466
Scenario_Corners_4x1_TrustRid-#0-gcs.csv,TrustRID,min_benign_spoofer_distance_running_min_m,0.75,158.19419796466
Scenario_Corners_4x1_TrustRid-#0-gcs.csv,TrustRID,min_benign_spoofer_distance_running_min_m,1.0,158.19419796466
Scenario_Corners_4x1_TrustRid-#0-gcs.csv,TrustRID,min_benign_spoofer_distance_running_min_m,1.25,158.19419796466
Scenario_Corners_4x1_TrustRid-#0-gcs.csv,TrustRID,min_benign_spoofer_distance_running_min_m,1.5,157.91076758006
Scenario_Corners_4x1_TrustRid-#0-gcs.csv,TrustRID,min_benign_spoofer_distance_running_min_m,1.75,157.33511834261
Scenario_Corners_4x1_TrustRid-#0-gcs.csv,TrustRID,min_benign_spoofer_distance_running_min_m,2.0,156.42740642531
Scenario_Corners_4x1_TrustRid-#0-gcs.csv,TrustRID,min_benign_spoofer_distance_running_min_m,2.25,155.16971744369
Scenario_Corners_4x1_TrustRid-#0-gcs.csv,TrustRID,min_benign_spoofer_distance_running_min_m,2.5,153.56385946143
Scenario_Corners_4x1_TrustRid-#0-gcs.csv,TrustRID,min_benign_spoofer_distance_running_min_m,2.75,151.73311738022
Scenario_Corners_4x1_TrustRid-#0-gcs.csv,TrustRID,min_benign_spoofer_distance_running_min_m,3.0,149.83326811879
Scenario_Corners_4x1_TrustRid-#0-gcs.csv,TrustRID,min_benign_spoofer_distance_running_min_m,3.25,148.02133191709
Scenario_Corners_4x1_TrustRid-#0-gcs.csv,TrustRID,min_benign_spoofer_distance_running_min_m,3.5,146.34920259175
Scenario_Corners_4x1_TrustRid-#0-gcs.csv,TrustRID,min_benign_spoofer_distance_running_min_m,3.75,144.84644026176
Scenario_Corners_4x1_TrustRid-#0-gcs.csv,TrustRID,min_benign_spoofer_distance_running_min_m,4.0,143.47070143813
Scenario_Corners_4x1_TrustRid-#0-gcs.csv,TrustRID,min_benign_spoofer_distance_running_min_m,4.25,142.17933548096
Scenario_Corners_4x1_TrustRid-#0-gcs.csv,TrustRID,min_benign_spoofer_distance_running_min_m,4.5,140.91428584788
Scenario_Corners_4x1_TrustRid-#0-gcs.csv,TrustRID,min_benign_spoofer_distance_running_min_m,4.75,139.64318642501
Scenario_Corners_4x1_TrustRid-#0-gcs.csv,TrustRID,min_benign_spoofer_distance_running_min_m,5.0,138.34395380322
Scenario_Corners_4x1_TrustRid-#0-gcs.csv,TrustRID,min_benign_spoofer_distance_running_min_m,5.25,137.02988183612
Scenario_Corners_4x1_TrustRid-#0-gcs.csv,TrustRID,min_benign_spoofer_distance_running_min_m,5.5,135.71093433682
Scenario_Corners_4x1_TrustRid-#0-gcs.csv,TrustRID,min_benign_spoofer_distance_running_min_m,5.75,134.42040309981
Scenario_Corners_4x1_TrustRid-#0-gcs.csv,TrustRID,min_benign_spoofer_distance_running_min_m,6.0,133.1650992643
Scenario_Corners_4x1_TrustRid-#0-gcs.csv,TrustRID,min_benign_spoofer_distance_running_min_m,6.25,131.96303060484
Scenario_Corners_4x1_TrustRid-#0-gcs.csv,TrustRID,min_benign_spoofer_distance_running_min_m,6.5,130.8025899099
Scenario_Corners_4x1_TrustRid-#0-gcs.csv,TrustRID,min_benign_spoofer_distance_running_min_m,6.75,129.68523828315
Scenario_Corners_4x1_TrustRid-#0-gcs.csv,TrustRID,min_benign_spoofer_distance_running_min_m,7.0,128.59221461371
Scenario_Corners_4x1_TrustRid-#0-gcs.csv,TrustRID,min_benign_spoofer_distance_running_min_m,7.25,127.52395138082
Scenario_Corners_4x1_TrustRid-#0-gcs.csv,TrustRID,min_benign_spoofer_distance_running_min_m,7.5,126.46704251503
Scenario_Corners_4x1_TrustRid-#0-gcs.csv,TrustRID,min_benign_spoofer_distance_running_min_m,7.75,125.42983157491
Scenario_Corners_4x1_TrustRid-#0-gcs.csv,TrustRID,min_benign_spoofer_distance_running_min_m,8.0,124.405606751
Scenario_Corners_4x1_TrustRid-#0-gcs.csv,TrustRID,min_benign_spoofer_distance_running_min_m,8.25,123.40760708918
Scenario_Corners_4x1_TrustRid-#0-gcs.csv,TrustRID,min_benign_spoofer_distance_running_min_m,8.5,122.43006584834
Scenario_Corners_4x1_TrustRid-#0-gcs.csv,TrustRID,min_benign_spoofer_distance_running_min_m,8.75,121.48172569818
Scenario_Corners_4x1_TrustRid-#0-gcs.csv,TrustRID,min_benign_spoofer_distance_running_min_m,9.0,120.55254067284
Scenario_Corners_4x1_TrustRid-#0-gcs.csv,TrustRID,min_benign_spoofer_distance_running_min_m,9.25,119.65565470857
Scenario_Corners_4x1_TrustRid-#0-gcs.csv,TrustRID,min_benign_spoofer_distance_running_min_m,9.5,118.78084963258
Scenario_Corners_4x1_TrustRid-#0-gcs.csv,TrustRID,min_benign_spoofer_distance_running_min_m,9.75,117.93791745024
Scenario_Corners_4x1_TrustRid-#0-gcs.csv,TrustRID,min_benign_spoofer_distance_running_min_m,10.0,117.11412735454
Scenario_Corners_4x1_TrustRid-#0-gcs.csv,TrustRID,min_benign_spoofer_distance_running_min_m,10.25,116.3177064493
Scenario_Corners_4x1_TrustRid-#0-gcs.csv,TrustRID,min_benign_spoofer_distance_running_min_m,10.5,115.29099387845
Scenario_Corners_4x1_TrustRid-#0-gcs.csv,TrustRID,min_benign_spoofer_distance_running_min_m,10.75,112.53954658791
Scenario_Corners_4x1_TrustRid-#0-gcs.csv,TrustRID,min_benign_spoofer_distance_running_min_m,11.0,109.77001617729
Scenario_Corners_4x1_TrustRid-#0-gcs.csv,TrustRID,min_benign_spoofer_distance_running_min_m,11.25,106.99435058758
Scenario_Corners_4x1_TrustRid-#0-gcs.csv,TrustRID,min_benign_spoofer_distance_running_min_m,11.5,104.20492863346
Scenario_Corners_4x1_TrustRid-#0-gcs.csv,TrustRID,min_benign_spoofer_distance_running_min_m,11.75,101.41658988096
Scenario_Corners_4x1_TrustRid-#0-gcs.csv,TrustRID,min_benign_spoofer_distance_running_min_m,12.0,98.622222725666
Scenario_Corners_4x1_TrustRid-#0-gcs.csv,TrustRID,min_benign_spoofer_distance_running_min_m,12.25,95.835055062019
Scenario_Corners_4x1_TrustRid-#0-gcs.csv,TrustRID,min_benign_spoofer_distance_running_min_m,12.5,93.0456169566
Scenario_Corners_4x1_TrustRid-#0-gcs.csv,TrustRID,min_benign_spoofer_distance_running_min_m,12.75,90.264762134547
Scenario_Corners_4x1_TrustRid-#0-gcs.csv,TrustRID,min_benign_spoofer_distance_running_min_m,13.0,87.481495489461
Scenario_Corners_4x1_TrustRid-#0-gcs.csv,TrustRID,min_benign_spoofer_distance_running_min_m,13.25,84.705865268457
Scenario_Corners_4x1_TrustRid-#0-gcs.csv,TrustRID,min_benign_spoofer_distance_running_min_m,13.5,81.926923266135
Scenario_Corners_4x1_TrustRid-#0-gcs.csv,TrustRID,min_benign_spoofer_distance_running_min_m,13.75,79.155070304378
Scenario_Corners_4x1_TrustRid-#0-gcs.csv,TrustRID,min_benign_spoofer_distance_running_min_m,14.0,76.379982961579
Scenario_Corners_4x1_TrustRid-#0-gcs.csv,TrustRID,min_benign_spoofer_distance_running_min_m,14.25,73.612452837771
Scenario_Corners_4x1_TrustRid-#0-gcs.csv,TrustRID,min_benign_spoofer_distance_running_min_m,14.5,70.842528651129
Scenario_Corners_4x1_TrustRid-#0-gcs.csv,TrustRID,min_benign_spoofer_distance_running_min_m,14.75,68.080985093616
Scenario_Corners_4x1_TrustRid-#0-gcs.csv,TrustRID,min_benign_spoofer_distance_running_min_m,15.0,65.317956308076
Scenario_Corners_4x1_TrustRid-#0-gcs.csv,TrustRID,min_benign_spoofer_distance_running_min_m,15.25,62.564034753743
Scenario_Corners_4x1_TrustRid-#0-gcs.csv,TrustRID,min_benign_spoofer_distance_running_min_m,15.5,59.809513237759
Scenario_Corners_4x1_TrustRid-#0-gcs.csv,TrustRID,min_benign_spoofer_distance_running_min_m,15.75,57.064976794217
Scenario_Corners_4x1_TrustRid-#0-gcs.csv,TrustRID,min_benign_spoofer_distance_running_min_m,16.0,54.32118842356
Scenario_Corners_4x1_TrustRid-#0-gcs.csv,TrustRID,min_benign_spoofer_distance_running_min_m,16.25,51.58899146961
Scenario_Corners_4x1_TrustRid-#0-gcs.csv,TrustRID,min_benign_spoofer_distance_running_min_m,16.5,48.85990808621
Scenario_Corners_4x1_TrustRid-#0-gcs.csv,TrustRID,min_benign_spoofer_distance_running_min_m,16.75,46.142538718135
Scenario_Corners_4x1_TrustRid-#0-gcs.csv,TrustRID,min_benign_spoofer_distance_running_min_m,17.0,43.428769163597
Scenario_Corners_4x1_TrustRid-#0-gcs.csv,TrustRID,min_benign_spoofer_distance_running_min_m,17.25,40.734484085455
Scenario_Corners_4x1_TrustRid-#0-gcs.csv,TrustRID,min_benign_spoofer_distance_running_min_m,17.5,38.05443381625
Scenario_Corners_4x1_TrustRid-#0-gcs.csv,TrustRID,min_benign_spoofer_distance_running_min_m,17.75,35.403522203374
Scenario_Corners_4x1_TrustRid-#0-gcs.csv,TrustRID,min_benign_spoofer_distance_running_min_m,18.0,32.7767440869
Scenario_Corners_4x1_TrustRid-#0-gcs.csv,TrustRID,min_benign_spoofer_distance_running_min_m,18.25,30.189347555125
Scenario_Corners_4x1_TrustRid-#0-gcs.csv,TrustRID,min_benign_spoofer_distance_running_min_m,18.5,27.640587075551
Scenario_Corners_4x1_TrustRid-#0-gcs.csv,TrustRID,min_benign_spoofer_distance_running_min_m,18.75,25.151074313279
Scenario_Corners_4x1_TrustRid-#0-gcs.csv,TrustRID,min_benign_spoofer_distance_running_min_m,19.0,22.731004691806
Scenario_Corners_4x1_TrustRid-#0-gcs.csv,TrustRID,min_benign_spoofer_distance_running_min_m,19.25,20.414113020522
Scenario_Corners_4x1_TrustRid-#0-gcs.csv,TrustRID,min_benign_spoofer_distance_running_min_m,19.5,18.233193705657
Scenario_Corners_4x1_TrustRid-#0-gcs.csv,TrustRID,min_benign_spoofer_distance_running_min_m,19.75,16.249983349653
Scenario_Corners_4x1_TrustRid-#0-gcs.csv,TrustRID,min_benign_spoofer_distance_running_min_m,20.0,14.541810336628
Scenario_Corners_4x1_TrustRid-#0-gcs.csv,TrustRID,min_benign_spoofer_distance_running_min_m,20.25,13.217686109241
Scenario_Corners_4x1_TrustRid-#0-gcs.csv,TrustRID,min_benign_spoofer_distance_running_min_m,20.5,12.402120383715
Scenario_Corners_4x1_TrustRid-#0-gcs.csv,TrustRID,min_benign_spoofer_distance_running_min_m,20.75,12.193252447201
Scenario_Corners_4x1_TrustRid-#0-gcs.csv,TrustRID,min_benign_spoofer_distance_running_min_m,21.0,12.193252447201
Scenario_Corners_4x1_TrustRid-#0-gcs.csv,TrustRID,min_benign_spoofer_distance_running_min_m,21.25,12.193252447201
Scenario_Corners_4x1_TrustRid-#0-gcs.csv,TrustRID,min_benign_spoofer_distance_running_min_m,21.5,12.193252447201
Scenario_Corners_4x1_TrustRid-#0-gcs.csv,TrustRID,min_benign_spoofer_distance_running_min_m,21.75,12.193252447201
Scenario_Corners_4x1_TrustRid-#0-gcs.csv,TrustRID,min_benign_spoofer_distance_running_min_m,22.0,12.193252447201
Scenario_Corners_4x1_TrustRid-#0-gcs.csv,TrustRID,min_benign_spoofer_distance_running_min_m,22.25,12.193252447201
Scenario_Corners_4x1_TrustRid-#0-gcs.csv,TrustRID,min_benign_spoofer_distance_running_min_m,22.5,12.193252447201
Scenario_Corners_4x1_TrustRid-#0-gcs.csv,TrustRID,min_benign_spoofer_distance_running_min_m,22.75,12.193252447201
Scenario_Corners_4x1_TrustRid-#0-gcs.csv,TrustRID,min_benign_spoofer_distance_running_min_m,23.0,12.193252447201
Scenario_Corners_4x1_TrustRid-#0-gcs.csv,TrustRID,min_benign_spoofer_distance_running_min_m,23.25,12.193252447201
Scenario_Corners_4x1_TrustRid-#0-gcs.csv,TrustRID,min_benign_spoofer_distance_running_min_m,23.5,12.193252447201
Scenario_Corners_4x1_TrustRid-#0-gcs.csv,TrustRID,min_benign_spoofer_distance_running_min_m,23.75,12.193252447201
Scenario_Corners_4x1_TrustRid-#0-gcs.csv,TrustRID,min_benign_spoofer_distance_running_min_m,24.0,12.193252447201
Scenario_Corners_4x1_TrustRid-#0-gcs.csv,TrustRID,min_benign_spoofer_distance_running_min_m,24.25,12.193252447201
Scenario_Corners_4x1_TrustRid-#0-gcs.csv,TrustRID,min_benign_spoofer_distance_running_min_m,24.5,12.193252447201
Scenario_Corners_4x1_TrustRid-#0-gcs.csv,TrustRID,min_benign_spoofer_distance_running_min_m,24.75,12.193252447201
Scenario_Corners_4x1_TrustRid-#0-gcs.csv,TrustRID,min_benign_spoofer_distance_running_min_m,25.0,12.193252447201
Scenario_Corners_4x1_TrustRid-#0-gcs.csv,TrustRID,min_benign_spoofer_distance_running_min_m,25.25,12.193252447201
Scenario_Corners_4x1_TrustRid-#0-gcs.csv,TrustRID,min_benign_spoofer_distance_running_min_m,25.5,12.193252447201
Scenario_Corners_4x1_TrustRid-#0-gcs.csv,TrustRID,min_benign_spoofer_distance_running_min_m,25.75,12.193252447201
Scenario_Corners_4x1_TrustRid-#0-gcs.csv,TrustRID,min_benign_spoofer_distance_running_min_m,26.0,12.193252447201
Scenario_Corners_4x1_TrustRid-#0-gcs.csv,TrustRID,min_benign_spoofer_distance_running_min_m,26.25,12.193252447201
Scenario_Corners_4x1_TrustRid-#0-gcs.csv,TrustRID,min_benign_spoofer_distance_running_min_m,26.5,12.193252447201
Scenario_Corners_4x1_TrustRid-#0-gcs.csv,TrustRID,min_benign_spoofer_distance_running_min_m,26.75,12.193252447201
Scenario_Corners_4x1_TrustRid-#0-gcs.csv,TrustRID,min_benign_spoofer_distance_running_min_m,27.0,12.193252447201
Scenario_Corners_4x1_TrustRid-#0-gcs.csv,TrustRID,min_benign_spoofer_distance_running_min_m,27.25,12.193252447201
Scenario_Corners_4x1_TrustRid-#0-gcs.csv,TrustRID,min_benign_spoofer_distance_running_min_m,27.5,12.193252447201
Scenario_Corners_4x1_TrustRid-#0-gcs.csv,TrustRID,min_benign_spoofer_distance_running_min_m,27.75,12.193252447201
Scenario_Corners_4x1_TrustRid-#0-gcs.csv,TrustRID,min_benign_spoofer_distance_running_min_m,28.0,12.193252447201
Scenario_Corners_4x1_TrustRid-#0-gcs.csv,TrustRID,min_benign_spoofer_distance_running_min_m,28.25,12.193252447201
Scenario_Corners_4x1_TrustRid-#0-gcs.csv,TrustRID,min_benign_spoofer_distance_running_min_m,28.5,12.193252447201
Scenario_Corners_4x1_TrustRid-#0-gcs.csv,TrustRID,min_benign_spoofer_distance_running_min_m,28.75,12.193252447201
Scenario_Corners_4x1_TrustRid-#0-gcs.csv,TrustRID,min_benign_spoofer_distance_running_min_m,29.0,12.193252447201
Scenario_Corners_4x1_TrustRid-#0-gcs.csv,TrustRID,min_benign_spoofer_distance_running_min_m,29.25,12.193252447201
Scenario_Corners_4x1_TrustRid-#0-gcs.csv,TrustRID,min_benign_spoofer_distance_running_min_m,29.5,12.193252447201
Scenario_Corners_4x1_TrustRid-#0-gcs.csv,TrustRID,min_benign_spoofer_distance_running_min_m,29.75,12.193252447201
Scenario_Corners_4x1_TrustRid-#0-gcs.csv,TrustRID,min_benign_spoofer_distance_running_min_m,30.0,12.193252447201
Scenario_Corners_4x1_TrustRid-#0-gcs.csv,TrustRID,min_benign_spoofer_distance_running_min_m,30.25,12.193252447201
Scenario_Corners_4x1_TrustRid-#0-gcs.csv,TrustRID,min_benign_spoofer_distance_running_min_m,30.5,12.193252447201
Scenario_Corners_4x1_TrustRid-#0-gcs.csv,TrustRID,min_benign_spoofer_distance_running_min_m,30.75,12.193252447201
Scenario_Corners_4x1_TrustRid-#0-gcs.csv,TrustRID,min_benign_spoofer_distance_running_min_m,31.0,12.193252447201
Scenario_Corners_4x1_TrustRid-#0-gcs.csv,TrustRID,min_benign_spoofer_distance_running_min_m,31.25,12.193252447201
Scenario_Corners_4x1_TrustRid-#0-gcs.csv,TrustRID,min_benign_spoofer_distance_running_min_m,31.5,12.193252447201
Scenario_Corners_4x1_TrustRid-#0-gcs.csv,TrustRID,min_benign_spoofer_distance_running_min_m,31.75,12.193252447201
Scenario_Corners_4x1_TrustRid-#0-gcs.csv,TrustRID,min_benign_spoofer_distance_running_min_m,32.0,12.193252447201
Scenario_Corners_4x1_TrustRid-#0-gcs.csv,TrustRID,min_benign_spoofer_distance_running_min_m,32.25,12.193252447201
Scenario_Corners_4x1_TrustRid-#0-gcs.csv,TrustRID,min_benign_spoofer_distance_running_min_m,32.5,12.193252447201
Scenario_Corners_4x1_TrustRid-#0-gcs.csv,TrustRID,min_benign_spoofer_distance_running_min_m,32.75,12.193252447201
Scenario_Corners_4x1_TrustRid-#0-gcs.csv,TrustRID,min_benign_spoofer_distance_running_min_m,33.0,12.193252447201
Scenario_Corners_4x1_TrustRid-#0-gcs.csv,TrustRID,min_benign_spoofer_distance_running_min_m,33.25,12.193252447201
Scenario_Corners_4x1_TrustRid-#0-gcs.csv,TrustRID,min_benign_spoofer_distance_running_min_m,33.5,12.193252447201
Scenario_Corners_4x1_TrustRid-#0-gcs.csv,TrustRID,min_benign_spoofer_distance_running_min_m,33.75,12.193252447201
Scenario_Corners_4x1_TrustRid-#0-gcs.csv,TrustRID,min_benign_spoofer_distance_running_min_m,34.0,12.193252447201
Scenario_Corners_4x1_TrustRid-#0-gcs.csv,TrustRID,min_benign_spoofer_distance_running_min_m,34.25,12.193252447201
Scenario_Corners_4x1_TrustRid-#0-gcs.csv,TrustRID,min_benign_spoofer_distance_running_min_m,34.5,12.193252447201
Scenario_Corners_4x1_TrustRid-#0-gcs.csv,TrustRID,min_benign_spoofer_distance_running_min_m,34.75,12.193252447201
Scenario_Corners_4x1_TrustRid-#0-gcs.csv,TrustRID,min_benign_spoofer_distance_running_min_m,35.0,12.193252447201
Scenario_Corners_4x1_TrustRid-#0-gcs.csv,TrustRID,min_benign_spoofer_distance_running_min_m,35.25,12.193252447201
Scenario_Corners_4x1_TrustRid-#0-gcs.csv,TrustRID,min_benign_spoofer_distance_running_min_m,35.5,12.193252447201
Scenario_Corners_4x1_TrustRid-#0-gcs.csv,TrustRID,min_benign_spoofer_distance_running_min_m,35.75,12.193252447201
Scenario_Corners_4x1_TrustRid-#0-gcs.csv,TrustRID,min_benign_spoofer_distance_running_min_m,36.0,12.193252447201
Scenario_Corners_4x1_TrustRid-#0-gcs.csv,TrustRID,min_benign_spoofer_distance_running_min_m,36.25,12.193252447201
Scenario_Corners_4x1_TrustRid-#0-gcs.csv,TrustRID,min_benign_spoofer_distance_running_min_m,36.5,12.193252447201
Scenario_Corners_4x1_TrustRid-#0-gcs.csv,TrustRID,min_benign_spoofer_distance_running_min_m,36.75,12.193252447201
Scenario_Corners_4x1_TrustRid-#0-gcs.csv,TrustRID,min_benign_spoofer_distance_running_min_m,37.0,12.193252447201
Scenario_Corners_4x1_TrustRid-#0-gcs.csv,TrustRID,min_benign_spoofer_distance_running_min_m,37.25,12.193252447201
Scenario_Corners_4x1_TrustRid-#0-gcs.csv,TrustRID,min_benign_spoofer_distance_running_min_m,37.5,12.193252447201
Scenario_Corners_4x1_TrustRid-#0-gcs.csv,TrustRID,min_benign_spoofer_distance_running_min_m,37.75,12.193252447201
Scenario_Corners_4x1_TrustRid-#0-gcs.csv,TrustRID,min_benign_spoofer_distance_running_min_m,38.0,12.193252447201
Scenario_Corners_4x1_TrustRid-#0-gcs.csv,TrustRID,min_benign_spoofer_distance_running_min_m,38.25,12.193252447201
Scenario_Corners_4x1_TrustRid-#0-gcs.csv,TrustRID,min_benign_spoofer_distance_running_min_m,38.5,12.193252447201
Scenario_Corners_4x1_TrustRid-#0-gcs.csv,TrustRID,min_benign_spoofer_distance_running_min_m,38.75,12.193252447201
Scenario_Corners_4x1_TrustRid-#0-gcs.csv,TrustRID,min_benign_spoofer_distance_running_min_m,39.0,12.193252447201
Scenario_Corners_4x1_TrustRid-#0-gcs.csv,TrustRID,min_benign_spoofer_distance_running_min_m,39.25,12.193252447201
Scenario_Corners_4x1_TrustRid-#0-gcs.csv,TrustRID,min_benign_spoofer_distance_running_min_m,39.5,12.193252447201
Scenario_Corners_4x1_TrustRid-#0-gcs.csv,TrustRID,min_benign_spoofer_distance_running_min_m,39.75,12.193252447201
Scenario_Corners_4x1_TrustRid-#0-gcs.csv,TrustRID,min_benign_spoofer_distance_running_min_m,40.0,12.193252447201
Scenario_Corners_4x1_TrustRid-#0-gcs.csv,TrustRID,min_benign_spoofer_distance_running_min_m,40.25,12.193252447201
Scenario_Corners_4x1_TrustRid-#0-gcs.csv,TrustRID,min_benign_spoofer_distance_running_min_m,40.5,12.193252447201
Scenario_Corners_4x1_TrustRid-#0-gcs.csv,TrustRID,min_benign_spoofer_distance_running_min_m,40.75,12.193252447201
Scenario_Corners_4x1_TrustRid-#0-gcs.csv,TrustRID,min_benign_spoofer_distance_running_min_m,41.0,12.193252447201
Scenario_Corners_4x1_TrustRid-#0-gcs.csv,TrustRID,min_benign_spoofer_distance_running_min_m,41.25,12.193252447201
Scenario_Corners_4x1_TrustRid-#0-gcs.csv,TrustRID,min_benign_spoofer_distance_running_min_m,41.5,12.193252447201
Scenario_Corners_4x1_TrustRid-#0-gcs.csv,TrustRID,min_benign_spoofer_distance_running_min_m,41.75,12.193252447201
Scenario_Corners_4x1_TrustRid-#0-gcs.csv,TrustRID,min_benign_spoofer_distance_running_min_m,42.0,12.193252447201
Scenario_Corners_4x1_TrustRid-#0-gcs.csv,TrustRID,min_benign_spoofer_distance_running_min_m,42.25,12.193252447201
Scenario_Corners_4x1_TrustRid-#0-gcs.csv,TrustRID,min_benign_spoofer_distance_running_min_m,42.5,12.193252447201
Scenario_Corners_4x1_TrustRid-#0-gcs.csv,TrustRID,min_benign_spoofer_distance_running_min_m,42.75,12.193252447201
Scenario_Corners_4x1_TrustRid-#0-gcs.csv,TrustRID,min_benign_spoofer_distance_running_min_m,43.0,12.193252447201
Scenario_Corners_4x1_TrustRid-#0-gcs.csv,TrustRID,min_benign_spoofer_distance_running_min_m,43.25,12.193252447201
Scenario_Corners_4x1_TrustRid-#0-gcs.csv,TrustRID,min_benign_spoofer_distance_running_min_m,43.5,12.193252447201
Scenario_Corners_4x1_TrustRid-#0-gcs.csv,TrustRID,min_benign_spoofer_distance_running_min_m,43.75,12.193252447201
Scenario_Corners_4x1_TrustRid-#0-gcs.csv,TrustRID,min_benign_spoofer_distance_running_min_m,44.0,12.193252447201
Scenario_Corners_4x1_TrustRid-#0-gcs.csv,TrustRID,min_benign_spoofer_distance_running_min_m,44.25,12.193252447201
Scenario_Corners_4x1_TrustRid-#0-gcs.csv,TrustRID,min_benign_spoofer_distance_running_min_m,44.5,12.193252447201
Scenario_Corners_4x1_TrustRid-#0-gcs.csv,TrustRID,min_benign_spoofer_distance_running_min_m,44.75,12.193252447201
Scenario_Corners_4x1_TrustRid-#0-gcs.csv,TrustRID,min_benign_spoofer_distance_running_min_m,45.0,12.193252447201
Scenario_Corners_4x1_TrustRid-#0-gcs.csv,TrustRID,min_benign_spoofer_distance_running_min_m,45.25,12.193252447201
Scenario_Corners_4x1_TrustRid-#0-gcs.csv,TrustRID,min_benign_spoofer_distance_running_min_m,45.5,12.193252447201
Scenario_Corners_4x1_TrustRid-#0-gcs.csv,TrustRID,min_benign_spoofer_distance_running_min_m,45.75,12.193252447201
Scenario_Corners_4x1_TrustRid-#0-gcs.csv,TrustRID,min_benign_spoofer_distance_running_min_m,46.0,12.193252447201
Scenario_Corners_4x1_TrustRid-#0-gcs.csv,TrustRID,min_benign_spoofer_distance_running_min_m,46.25,12.193252447201
Scenario_Corners_4x1_TrustRid-#0-gcs.csv,TrustRID,min_benign_spoofer_distance_running_min_m,46.5,12.193252447201
Scenario_Corners_4x1_TrustRid-#0-gcs.csv,TrustRID,min_benign_spoofer_distance_running_min_m,46.75,12.193252447201
Scenario_Corners_4x1_TrustRid-#0-gcs.csv,TrustRID,min_benign_spoofer_distance_running_min_m,47.0,12.193252447201
Scenario_Corners_4x1_TrustRid-#0-gcs.csv,TrustRID,min_benign_spoofer_distance_running_min_m,47.25,12.193252447201
Scenario_Corners_4x1_TrustRid-#0-gcs.csv,TrustRID,min_benign_spoofer_distance_running_min_m,47.5,12.193252447201
Scenario_Corners_4x1_TrustRid-#0-gcs.csv,TrustRID,min_benign_spoofer_distance_running_min_m,47.75,12.193252447201
Scenario_Corners_4x1_TrustRid-#0-gcs.csv,TrustRID,min_benign_spoofer_distance_running_min_m,48.0,12.193252447201
Scenario_Corners_4x1_TrustRid-#0-gcs.csv,TrustRID,min_benign_spoofer_distance_running_min_m,48.25,12.193252447201
Scenario_Corners_4x1_TrustRid-#0-gcs.csv,TrustRID,min_benign_spoofer_distance_running_min_m,48.5,12.193252447201
Scenario_Corners_4x1_TrustRid-#0-gcs.csv,TrustRID,min_benign_spoofer_distance_running_min_m,48.75,12.193252447201
Scenario_Corners_4x1_TrustRid-#0-gcs.csv,TrustRID,min_benign_spoofer_distance_running_min_m,49.0,12.193252447201
Scenario_Corners_4x1_TrustRid-#0-gcs.csv,TrustRID,min_benign_spoofer_distance_running_min_m,49.25,12.193252447201
Scenario_Corners_4x1_TrustRid-#0-gcs.csv,TrustRID,min_benign_spoofer_distance_running_min_m,49.5,12.193252447201
Scenario_Corners_4x1_TrustRid-#0-gcs.csv,TrustRID,min_benign_spoofer_distance_running_min_m,49.75,12.193252447201
Scenario_Corners_4x1_TrustRid-#0-gcs.csv,TrustRID,min_benign_spoofer_distance_running_min_m,50.0,12.193252447201
Scenario_Corners_4x1_TrustRid-#0-gcs.csv,TrustRID,min_benign_spoofer_distance_running_min_m,50.25,12.193252447201
Scenario_Corners_4x1_TrustRid-#0-gcs.csv,TrustRID,min_benign_spoofer_distance_running_min_m,50.5,12.193252447201
Scenario_Corners_4x1_TrustRid-#0-gcs.csv,TrustRID,min_benign_spoofer_distance_running_min_m,50.75,12.193252447201
Scenario_Corners_4x1_TrustRid-#0-gcs.csv,TrustRID,min_benign_spoofer_distance_running_min_m,51.0,12.193252447201
Scenario_Corners_4x1_TrustRid-#0-gcs.csv,TrustRID,min_benign_spoofer_distance_running_min_m,51.25,12.193252447201
Scenario_Corners_4x1_TrustRid-#0-gcs.csv,TrustRID,min_benign_spoofer_distance_running_min_m,51.5,12.193252447201
Scenario_Corners_4x1_TrustRid-#0-gcs.csv,TrustRID,min_benign_spoofer_distance_running_min_m,51.75,12.193252447201
Scenario_Corners_4x1_TrustRid-#0-gcs.csv,TrustRID,min_benign_spoofer_distance_running_min_m,52.0,12.193252447201
Scenario_Corners_4x1_TrustRid-#0-gcs.csv,TrustRID,min_benign_spoofer_distance_running_min_m,52.25,12.193252447201
Scenario_Corners_4x1_TrustRid-#0-gcs.csv,TrustRID,min_benign_spoofer_distance_running_min_m,52.5,12.193252447201
Scenario_Corners_4x1_TrustRid-#0-gcs.csv,TrustRID,min_benign_spoofer_distance_running_min_m,52.75,12.193252447201
Scenario_Corners_4x1_TrustRid-#0-gcs.csv,TrustRID,min_benign_spoofer_distance_running_min_m,53.0,12.193252447201
Scenario_Corners_4x1_TrustRid-#0-gcs.csv,TrustRID,min_benign_spoofer_distance_running_min_m,53.25,12.193252447201
Scenario_Corners_4x1_TrustRid-#0-gcs.csv,TrustRID,min_benign_spoofer_distance_running_min_m,53.5,12.193252447201
Scenario_Corners_4x1_TrustRid-#0-gcs.csv,TrustRID,min_benign_spoofer_distance_running_min_m,53.75,12.193252447201
Scenario_Corners_4x1_TrustRid-#0-gcs.csv,TrustRID,min_benign_spoofer_distance_running_min_m,54.0,12.193252447201
Scenario_Corners_4x1_TrustRid-#0-gcs.csv,TrustRID,min_benign_spoofer_distance_running_min_m,54.25,12.193252447201
Scenario_Corners_4x1_TrustRid-#0-gcs.csv,TrustRID,min_benign_spoofer_distance_running_min_m,54.5,12.193252447201
Scenario_Corners_4x1_TrustRid-#0-gcs.csv,TrustRID,min_benign_spoofer_distance_running_min_m,54.75,12.193252447201
Scenario_Corners_4x1_TrustRid-#0-gcs.csv,TrustRID,min_benign_spoofer_distance_running_min_m,55.0,12.193252447201
Scenario_Corners_4x1_TrustRid-#0-gcs.csv,TrustRID,min_benign_spoofer_distance_running_min_m,55.25,12.193252447201
Scenario_Corners_4x1_TrustRid-#0-gcs.csv,TrustRID,min_benign_spoofer_distance_running_min_m,55.5,12.193252447201
Scenario_Corners_4x1_TrustRid-#0-gcs.csv,TrustRID,min_benign_spoofer_distance_running_min_m,55.75,12.193252447201
Scenario_Corners_4x1_TrustRid-#0-gcs.csv,TrustRID,min_benign_spoofer_distance_running_min_m,56.0,12.193252447201
Scenario_Corners_4x1_TrustRid-#0-gcs.csv,TrustRID,min_benign_spoofer_distance_running_min_m,56.25,12.193252447201
Scenario_Corners_4x1_TrustRid-#0-gcs.csv,TrustRID,min_benign_spoofer_distance_running_min_m,56.5,12.193252447201
Scenario_Corners_4x1_TrustRid-#0-gcs.csv,TrustRID,min_benign_spoofer_distance_running_min_m,56.75,12.193252447201
Scenario_Corners_4x1_TrustRid-#0-gcs.csv,TrustRID,min_benign_spoofer_distance_running_min_m,57.0,12.193252447201
Scenario_Corners_4x1_TrustRid-#0-gcs.csv,TrustRID,min_benign_spoofer_distance_running_min_m,57.25,12.193252447201
Scenario_Corners_4x1_TrustRid-#0-gcs.csv,TrustRID,min_benign_spoofer_distance_running_min_m,57.5,12.193252447201
Scenario_Corners_4x1_TrustRid-#0-gcs.csv,TrustRID,min_benign_spoofer_distance_running_min_m,57.75,12.193252447201
Scenario_Corners_4x1_TrustRid-#0-gcs.csv,TrustRID,min_benign_spoofer_distance_running_min_m,58.0,12.193252447201
Scenario_Corners_4x1_TrustRid-#0-gcs.csv,TrustRID,min_benign_spoofer_distance_running_min_m,58.25,12.193252447201
Scenario_Corners_4x1_TrustRid-#0-gcs.csv,TrustRID,min_benign_spoofer_distance_running_min_m,58.5,12.193252447201
Scenario_Corners_4x1_TrustRid-#0-gcs.csv,TrustRID,min_benign_spoofer_distance_running_min_m,58.75,12.193252447201
Scenario_Corners_4x1_TrustRid-#0-gcs.csv,TrustRID,min_benign_spoofer_distance_running_min_m,59.0,12.193252447201
Scenario_Corners_4x1_TrustRid-#0-gcs.csv,TrustRID,min_benign_spoofer_distance_running_min_m,59.25,12.193252447201
Scenario_Corners_4x1_TrustRid-#0-gcs.csv,TrustRID,min_benign_spoofer_distance_running_min_m,59.5,12.193252447201
Scenario_Corners_4x1_TrustRid-#0-gcs.csv,TrustRID,min_benign_spoofer_distance_running_min_m,59.75,12.193252447201
Scenario_Corners_4x1_TrustRid-#0-gcs.csv,TrustRID,min_benign_spoofer_distance_running_min_m,60.0,12.193252447201
Scenario_Corners_4x1_TrustRid-#0-gcs.csv,TrustRID,min_benign_spoofer_distance_running_min_m,60.25,12.193252447201
Scenario_Corners_4x1_TrustRid-#0-gcs.csv,TrustRID,min_benign_spoofer_distance_running_min_m,60.5,12.193252447201
Scenario_Corners_4x1_TrustRid-#0-gcs.csv,TrustRID,min_benign_spoofer_distance_running_min_m,60.75,12.193252447201
Scenario_Corners_4x1_TrustRid-#0-gcs.csv,TrustRID,min_benign_spoofer_distance_running_min_m,61.0,12.193252447201
Scenario_Corners_4x1_TrustRid-#0-gcs.csv,TrustRID,min_benign_spoofer_distance_running_min_m,61.25,12.193252447201
Scenario_Corners_4x1_TrustRid-#0-gcs.csv,TrustRID,min_benign_spoofer_distance_running_min_m,61.5,12.193252447201
Scenario_Corners_4x1_TrustRid-#0-gcs.csv,TrustRID,min_benign_spoofer_distance_running_min_m,61.75,12.193252447201
Scenario_Corners_4x1_TrustRid-#0-gcs.csv,TrustRID,min_benign_spoofer_distance_running_min_m,62.0,12.193252447201
Scenario_Corners_4x1_TrustRid-#0-gcs.csv,TrustRID,min_benign_spoofer_distance_running_min_m,62.25,12.193252447201
Scenario_Corners_4x1_TrustRid-#0-gcs.csv,TrustRID,min_benign_spoofer_distance_running_min_m,62.5,12.193252447201
Scenario_Corners_4x1_TrustRid-#0-gcs.csv,TrustRID,min_benign_spoofer_distance_running_min_m,62.75,12.193252447201
Scenario_Corners_4x1_TrustRid-#0-gcs.csv,TrustRID,min_benign_spoofer_distance_running_min_m,63.0,12.193252447201
Scenario_Corners_4x1_TrustRid-#0-gcs.csv,TrustRID,min_benign_spoofer_distance_running_min_m,63.25,12.193252447201
Scenario_Corners_4x1_TrustRid-#0-gcs.csv,TrustRID,min_benign_spoofer_distance_running_min_m,63.5,12.193252447201
Scenario_Corners_4x1_TrustRid-#0-gcs.csv,TrustRID,min_benign_spoofer_distance_running_min_m,63.75,12.193252447201
Scenario_Corners_4x1_TrustRid-#0-gcs.csv,TrustRID,min_benign_spoofer_distance_running_min_m,64.0,12.193252447201
Scenario_Corners_4x1_TrustRid-#0-gcs.csv,TrustRID,min_benign_spoofer_distance_running_min_m,64.25,12.193252447201
Scenario_Corners_4x1_TrustRid-#0-gcs.csv,TrustRID,min_benign_spoofer_distance_running_min_m,64.5,12.193252447201
Scenario_Corners_4x1_TrustRid-#0-gcs.csv,TrustRID,min_benign_spoofer_distance_running_min_m,64.75,12.193252447201
Scenario_Corners_4x1_TrustRid-#0-gcs.csv,TrustRID,min_benign_spoofer_distance_running_min_m,65.0,12.193252447201
Scenario_Corners_4x1_TrustRid-#0-gcs.csv,TrustRID,min_benign_spoofer_distance_running_min_m,65.25,12.193252447201
Scenario_Corners_4x1_TrustRid-#0-gcs.csv,TrustRID,min_benign_spoofer_distance_running_min_m,65.5,12.193252447201
Scenario_Corners_4x1_TrustRid-#0-gcs.csv,TrustRID,min_benign_spoofer_distance_running_min_m,65.75,12.193252447201
Scenario_Corners_4x1_TrustRid-#0-gcs.csv,TrustRID,min_benign_spoofer_distance_running_min_m,66.0,12.193252447201
Scenario_Corners_4x1_TrustRid-#0-gcs.csv,TrustRID,min_benign_spoofer_distance_running_min_m,66.25,12.193252447201
Scenario_Corners_4x1_TrustRid-#0-gcs.csv,TrustRID,min_benign_spoofer_distance_running_min_m,66.5,12.193252447201
Scenario_Corners_4x1_TrustRid-#0-gcs.csv,TrustRID,min_benign_spoofer_distance_running_min_m,66.75,12.193252447201
Scenario_Corners_4x1_TrustRid-#0-gcs.csv,TrustRID,min_benign_spoofer_distance_running_min_m,67.0,12.193252447201
Scenario_Corners_4x1_TrustRid-#0-gcs.csv,TrustRID,min_benign_spoofer_distance_running_min_m,67.25,12.193252447201
Scenario_Corners_4x1_TrustRid-#0-gcs.csv,TrustRID,min_benign_spoofer_distance_running_min_m,67.5,12.193252447201
Scenario_Corners_4x1_TrustRid-#0-gcs.csv,TrustRID,min_benign_spoofer_distance_running_min_m,67.75,12.193252447201
Scenario_Corners_4x1_TrustRid-#0-gcs.csv,TrustRID,min_benign_spoofer_distance_running_min_m,68.0,12.193252447201
Scenario_Corners_4x1_TrustRid-#0-gcs.csv,TrustRID,min_benign_spoofer_distance_running_min_m,68.25,12.193252447201
Scenario_Corners_4x1_TrustRid-#0-gcs.csv,TrustRID,min_benign_spoofer_distance_running_min_m,68.5,12.193252447201
Scenario_Corners_4x1_TrustRid-#0-gcs.csv,TrustRID,min_benign_spoofer_distance_running_min_m,68.75,12.193252447201
Scenario_Corners_4x1_TrustRid-#0-gcs.csv,TrustRID,min_benign_spoofer_distance_running_min_m,69.0,12.193252447201
Scenario_Corners_4x1_TrustRid-#0-gcs.csv,TrustRID,min_benign_spoofer_distance_running_min_m,69.25,12.193252447201
Scenario_Corners_4x1_TrustRid-#0-gcs.csv,TrustRID,min_benign_spoofer_distance_running_min_m,69.5,12.193252447201
Scenario_Corners_4x1_TrustRid-#0-gcs.csv,TrustRID,min_benign_spoofer_distance_running_min_m,69.75,12.193252447201
Scenario_Corners_4x1_TrustRid-#0-gcs.csv,TrustRID,min_benign_spoofer_distance_running_min_m,70.0,12.193252447201
Scenario_Corners_4x1_TrustRid-#0-gcs.csv,TrustRID,min_benign_spoofer_distance_running_min_m,70.25,12.193252447201
Scenario_Corners_4x1_TrustRid-#0-gcs.csv,TrustRID,min_benign_spoofer_distance_running_min_m,70.5,12.193252447201
Scenario_Corners_4x1_TrustRid-#0-gcs.csv,TrustRID,min_benign_spoofer_distance_running_min_m,70.75,12.193252447201
Scenario_Corners_4x1_TrustRid-#0-gcs.csv,TrustRID,min_benign_spoofer_distance_running_min_m,71.0,12.193252447201
Scenario_Corners_4x1_TrustRid-#0-gcs.csv,TrustRID,min_benign_spoofer_distance_running_min_m,71.25,12.193252447201
Scenario_Corners_4x1_TrustRid-#0-gcs.csv,TrustRID,min_benign_spoofer_distance_running_min_m,71.5,12.193252447201
Scenario_Corners_4x1_TrustRid-#0-gcs.csv,TrustRID,min_benign_spoofer_distance_running_min_m,71.75,12.193252447201
Scenario_Corners_4x1_TrustRid-#0-gcs.csv,TrustRID,min_benign_spoofer_distance_running_min_m,72.0,12.193252447201
Scenario_Corners_4x1_TrustRid-#0-gcs.csv,TrustRID,min_benign_spoofer_distance_running_min_m,72.25,12.193252447201
Scenario_Corners_4x1_TrustRid-#0-gcs.csv,TrustRID,min_benign_spoofer_distance_running_min_m,72.5,12.193252447201
Scenario_Corners_4x1_TrustRid-#0-gcs.csv,TrustRID,min_benign_spoofer_distance_running_min_m,72.75,12.193252447201
Scenario_Corners_4x1_TrustRid-#0-gcs.csv,TrustRID,min_benign_spoofer_distance_running_min_m,73.0,12.193252447201
Scenario_Corners_4x1_TrustRid-#0-gcs.csv,TrustRID,min_benign_spoofer_distance_running_min_m,73.25,12.193252447201
Scenario_Corners_4x1_TrustRid-#0-gcs.csv,TrustRID,min_benign_spoofer_distance_running_min_m,73.5,12.193252447201
Scenario_Corners_4x1_TrustRid-#0-gcs.csv,TrustRID,min_benign_spoofer_distance_running_min_m,73.75,12.193252447201
Scenario_Corners_4x1_TrustRid-#0-gcs.csv,TrustRID,min_benign_spoofer_distance_running_min_m,74.0,12.193252447201
Scenario_Corners_4x1_TrustRid-#0-gcs.csv,TrustRID,min_benign_spoofer_distance_running_min_m,74.25,12.193252447201
Scenario_Corners_4x1_TrustRid-#0-gcs.csv,TrustRID,min_benign_spoofer_distance_running_min_m,74.5,12.193252447201
Scenario_Corners_4x1_TrustRid-#0-gcs.csv,TrustRID,min_benign_spoofer_distance_running_min_m,74.75,12.193252447201
Scenario_Corners_4x1_TrustRid-#0-gcs.csv,TrustRID,min_benign_spoofer_distance_running_min_m,75.0,12.193252447201
Scenario_Corners_4x1_TrustRid-#0-gcs.csv,TrustRID,min_benign_spoofer_distance_running_min_m,75.25,12.193252447201
Scenario_Corners_4x1_TrustRid-#0-gcs.csv,TrustRID,min_benign_spoofer_distance_running_min_m,75.5,12.193252447201
Scenario_Corners_4x1_TrustRid-#0-gcs.csv,TrustRID,min_benign_spoofer_distance_running_min_m,75.75,12.193252447201
Scenario_Corners_4x1_TrustRid-#0-gcs.csv,TrustRID,min_benign_spoofer_distance_running_min_m,76.0,12.193252447201
Scenario_Corners_4x1_TrustRid-#0-gcs.csv,TrustRID,min_benign_spoofer_distance_running_min_m,76.25,12.193252447201
Scenario_Corners_4x1_TrustRid-#0-gcs.csv,TrustRID,min_benign_spoofer_distance_running_min_m,76.5,12.193252447201
Scenario_Corners_4x1_TrustRid-#0-gcs.csv,TrustRID,min_benign_spoofer_distance_running_min_m,76.75,12.193252447201
Scenario_Corners_4x1_TrustRid-#0-gcs.csv,TrustRID,min_benign_spoofer_distance_running_min_m,77.0,12.193252447201
Scenario_Corners_4x1_TrustRid-#0-gcs.csv,TrustRID,min_benign_spoofer_distance_running_min_m,77.25,12.193252447201
Scenario_Corners_4x1_TrustRid-#0-gcs.csv,TrustRID,min_benign_spoofer_distance_running_min_m,77.5,12.193252447201
Scenario_Corners_4x1_TrustRid-#0-gcs.csv,TrustRID,min_benign_spoofer_distance_running_min_m,77.75,12.193252447201
Scenario_Corners_4x1_TrustRid-#0-gcs.csv,TrustRID,min_benign_spoofer_distance_running_min_m,78.0,12.193252447201
Scenario_Corners_4x1_TrustRid-#0-gcs.csv,TrustRID,min_benign_spoofer_distance_running_min_m,78.25,12.193252447201
Scenario_Corners_4x1_TrustRid-#0-gcs.csv,TrustRID,min_benign_spoofer_distance_running_min_m,78.5,12.193252447201
Scenario_Corners_4x1_TrustRid-#0-gcs.csv,TrustRID,min_benign_spoofer_distance_running_min_m,78.75,12.193252447201
Scenario_Corners_4x1_TrustRid-#0-gcs.csv,TrustRID,min_benign_spoofer_distance_running_min_m,79.0,12.193252447201
Scenario_Corners_4x1_TrustRid-#0-gcs.csv,TrustRID,min_benign_spoofer_distance_running_min_m,79.25,12.193252447201
Scenario_Corners_4x1_TrustRid-#0-gcs.csv,TrustRID,min_benign_spoofer_distance_running_min_m,79.5,12.193252447201
Scenario_Corners_4x1_TrustRid-#0-gcs.csv,TrustRID,min_benign_spoofer_distance_running_min_m,79.75,12.193252447201
Scenario_Corners_4x1_TrustRid-#0-gcs.csv,TrustRID,min_benign_spoofer_distance_running_min_m,80.0,12.193252447201
Scenario_Corners_4x1_TrustRid-#0-gcs.csv,TrustRID,min_benign_spoofer_distance_running_min_m,80.25,12.193252447201
Scenario_Corners_4x1_TrustRid-#0-gcs.csv,TrustRID,min_benign_spoofer_distance_running_min_m,80.5,12.193252447201
Scenario_Corners_4x1_TrustRid-#0-gcs.csv,TrustRID,min_benign_spoofer_distance_running_min_m,80.75,12.193252447201
Scenario_Corners_4x1_TrustRid-#0-gcs.csv,TrustRID,min_benign_spoofer_distance_running_min_m,81.0,12.193252447201
Scenario_Corners_4x1_TrustRid-#0-gcs.csv,TrustRID,min_benign_spoofer_distance_running_min_m,81.25,12.193252447201
Scenario_Corners_4x1_TrustRid-#0-gcs.csv,TrustRID,min_benign_spoofer_distance_running_min_m,81.5,12.193252447201
Scenario_Corners_4x1_TrustRid-#0-gcs.csv,TrustRID,min_benign_spoofer_distance_running_min_m,81.75,12.193252447201
Scenario_Corners_4x1_TrustRid-#0-gcs.csv,TrustRID,min_benign_spoofer_distance_running_min_m,82.0,12.193252447201
Scenario_Corners_4x1_TrustRid-#0-gcs.csv,TrustRID,min_benign_spoofer_distance_running_min_m,82.25,12.193252447201
Scenario_Corners_4x1_TrustRid-#0-gcs.csv,TrustRID,min_benign_spoofer_distance_running_min_m,82.5,12.193252447201
Scenario_Corners_4x1_TrustRid-#0-gcs.csv,TrustRID,min_benign_spoofer_distance_running_min_m,82.75,12.193252447201
Scenario_Corners_4x1_TrustRid-#0-gcs.csv,TrustRID,min_benign_spoofer_distance_running_min_m,83.0,12.193252447201
Scenario_Corners_4x1_TrustRid-#0-gcs.csv,TrustRID,min_benign_spoofer_distance_running_min_m,83.25,12.193252447201
Scenario_Corners_4x1_TrustRid-#0-gcs.csv,TrustRID,min_benign_spoofer_distance_running_min_m,83.5,12.193252447201
Scenario_Corners_4x1_TrustRid-#0-gcs.csv,TrustRID,min_benign_spoofer_distance_running_min_m,83.75,12.193252447201
Scenario_Corners_4x1_TrustRid-#0-gcs.csv,TrustRID,min_benign_spoofer_distance_running_min_m,84.0,12.193252447201
Scenario_Corners_4x1_TrustRid-#0-gcs.csv,TrustRID,min_benign_spoofer_distance_running_min_m,84.25,12.193252447201
Scenario_Corners_4x1_TrustRid-#0-gcs.csv,TrustRID,min_benign_spoofer_distance_running_min_m,84.5,12.193252447201
Scenario_Corners_4x1_TrustRid-#0-gcs.csv,TrustRID,min_benign_spoofer_distance_running_min_m,84.75,12.193252447201
Scenario_Corners_4x1_TrustRid-#0-gcs.csv,TrustRID,min_benign_spoofer_distance_running_min_m,85.0,12.193252447201
Scenario_Corners_4x1_TrustRid-#0-gcs.csv,TrustRID,min_benign_spoofer_distance_running_min_m,85.25,12.193252447201
Scenario_Corners_4x1_TrustRid-#0-gcs.csv,TrustRID,min_benign_spoofer_distance_running_min_m,85.5,12.193252447201
Scenario_Corners_4x1_TrustRid-#0-gcs.csv,TrustRID,min_benign_spoofer_distance_running_min_m,85.75,12.193252447201
Scenario_Corners_4x1_TrustRid-#0-gcs.csv,TrustRID,min_benign_spoofer_distance_running_min_m,86.0,12.193252447201
Scenario_Corners_4x1_TrustRid-#0-gcs.csv,TrustRID,min_benign_spoofer_distance_running_min_m,86.25,12.193252447201
Scenario_Corners_4x1_TrustRid-#0-gcs.csv,TrustRID,min_benign_spoofer_distance_running_min_m,86.5,12.193252447201
Scenario_Corners_4x1_TrustRid-#0-gcs.csv,TrustRID,min_benign_spoofer_distance_running_min_m,86.75,12.193252447201
Scenario_Corners_4x1_TrustRid-#0-gcs.csv,TrustRID,min_benign_spoofer_distance_running_min_m,87.0,12.193252447201
Scenario_Corners_4x1_TrustRid-#0-gcs.csv,TrustRID,min_benign_spoofer_distance_running_min_m,87.25,12.193252447201
Scenario_Corners_4x1_TrustRid-#0-gcs.csv,TrustRID,min_benign_spoofer_distance_running_min_m,87.5,12.193252447201
Scenario_Corners_4x1_TrustRid-#0-gcs.csv,TrustRID,min_benign_spoofer_distance_running_min_m,87.75,12.193252447201
Scenario_Corners_4x1_TrustRid-#0-gcs.csv,TrustRID,min_benign_spoofer_distance_running_min_m,88.0,12.193252447201
Scenario_Corners_4x1_TrustRid-#0-gcs.csv,TrustRID,min_benign_spoofer_distance_running_min_m,88.25,12.193252447201
Scenario_Corners_4x1_TrustRid-#0-gcs.csv,TrustRID,min_benign_spoofer_distance_running_min_m,88.5,12.193252447201
Scenario_Corners_4x1_TrustRid-#0-gcs.csv,TrustRID,min_benign_spoofer_distance_running_min_m,88.75,12.193252447201
Scenario_Corners_4x1_TrustRid-#0-gcs.csv,TrustRID,min_benign_spoofer_distance_running_min_m,89.0,12.193252447201
Scenario_Corners_4x1_TrustRid-#0-gcs.csv,TrustRID,min_benign_spoofer_distance_running_min_m,89.25,12.193252447201
Scenario_Corners_4x1_TrustRid-#0-gcs.csv,TrustRID,min_benign_spoofer_distance_running_min_m,89.5,12.193252447201
Scenario_Corners_4x1_TrustRid-#0-gcs.csv,TrustRID,min_benign_spoofer_distance_running_min_m,89.75,12.193252447201
Scenario_Corners_4x1_TrustRid-#0-gcs.csv,TrustRID,min_benign_spoofer_distance_running_min_m,90.0,12.193252447201
Scenario_Corners_4x1_TrustRid-#0-gcs.csv,TrustRID,min_benign_spoofer_distance_running_min_m,90.25,12.193252447201
Scenario_Corners_4x1_TrustRid-#0-gcs.csv,TrustRID,min_benign_spoofer_distance_running_min_m,90.5,12.193252447201
Scenario_Corners_4x1_TrustRid-#0-gcs.csv,TrustRID,min_benign_spoofer_distance_running_min_m,90.75,12.193252447201
Scenario_Corners_4x1_TrustRid-#0-gcs.csv,TrustRID,min_benign_spoofer_distance_running_min_m,91.0,12.193252447201
Scenario_Corners_4x1_TrustRid-#0-gcs.csv,TrustRID,min_benign_spoofer_distance_running_min_m,91.25,12.193252447201
Scenario_Corners_4x1_TrustRid-#0-gcs.csv,TrustRID,min_benign_spoofer_distance_running_min_m,91.5,12.193252447201
Scenario_Corners_4x1_TrustRid-#0-gcs.csv,TrustRID,min_benign_spoofer_distance_running_min_m,91.75,12.193252447201
Scenario_Corners_4x1_TrustRid-#0-gcs.csv,TrustRID,min_benign_spoofer_distance_running_min_m,92.0,12.193252447201
Scenario_Corners_4x1_TrustRid-#0-gcs.csv,TrustRID,min_benign_spoofer_distance_running_min_m,92.25,12.193252447201
Scenario_Corners_4x1_TrustRid-#0-gcs.csv,TrustRID,min_benign_spoofer_distance_running_min_m,92.5,12.193252447201
Scenario_Corners_4x1_TrustRid-#0-gcs.csv,TrustRID,min_benign_spoofer_distance_running_min_m,92.75,12.193252447201
Scenario_Corners_4x1_TrustRid-#0-gcs.csv,TrustRID,min_benign_spoofer_distance_running_min_m,93.0,12.193252447201
Scenario_Corners_4x1_TrustRid-#0-gcs.csv,TrustRID,min_benign_spoofer_distance_running_min_m,93.25,12.193252447201
Scenario_Corners_4x1_TrustRid-#0-gcs.csv,TrustRID,min_benign_spoofer_distance_running_min_m,93.5,12.193252447201
Scenario_Corners_4x1_TrustRid-#0-gcs.csv,TrustRID,min_benign_spoofer_distance_running_min_m,93.75,12.193252447201
Scenario_Corners_4x1_TrustRid-#0-gcs.csv,TrustRID,min_benign_spoofer_distance_running_min_m,94.0,12.193252447201
Scenario_Corners_4x1_TrustRid-#0-gcs.csv,TrustRID,min_benign_spoofer_distance_running_min_m,94.25,12.193252447201
Scenario_Corners_4x1_TrustRid-#0-gcs.csv,TrustRID,min_benign_spoofer_distance_running_min_m,94.5,12.193252447201
Scenario_Corners_4x1_TrustRid-#0-gcs.csv,TrustRID,min_benign_spoofer_distance_running_min_m,94.75,12.193252447201
Scenario_Corners_4x1_TrustRid-#0-gcs.csv,TrustRID,min_benign_spoofer_distance_running_min_m,95.0,12.193252447201
Scenario_Corners_4x1_TrustRid-#0-gcs.csv,TrustRID,min_benign_spoofer_distance_running_min_m,95.25,12.193252447201
Scenario_Corners_4x1_TrustRid-#0-gcs.csv,TrustRID,min_benign_spoofer_distance_running_min_m,95.5,12.193252447201
Scenario_Corners_4x1_TrustRid-#0-gcs.csv,TrustRID,min_benign_spoofer_distance_running_min_m,95.75,12.193252447201
Scenario_Corners_4x1_TrustRid-#0-gcs.csv,TrustRID,min_benign_spoofer_distance_running_min_m,96.0,12.193252447201
Scenario_Corners_4x1_TrustRid-#0-gcs.csv,TrustRID,min_benign_spoofer_distance_running_min_m,96.25,12.193252447201
Scenario_Corners_4x1_TrustRid-#0-gcs.csv,TrustRID,min_benign_spoofer_distance_running_min_m,96.5,12.193252447201
Scenario_Corners_4x1_TrustRid-#0-gcs.csv,TrustRID,min_benign_spoofer_distance_running_min_m,96.75,12.193252447201
Scenario_Corners_4x1_TrustRid-#0-gcs.csv,TrustRID,min_benign_spoofer_distance_running_min_m,97.0,12.193252447201
Scenario_Corners_4x1_TrustRid-#0-gcs.csv,TrustRID,min_benign_spoofer_distance_running_min_m,97.25,12.193252447201
Scenario_Corners_4x1_TrustRid-#0-gcs.csv,TrustRID,min_benign_spoofer_distance_running_min_m,97.5,12.193252447201
Scenario_Corners_4x1_TrustRid-#0-gcs.csv,TrustRID,min_benign_spoofer_distance_running_min_m,97.75,12.193252447201
Scenario_Corners_4x1_TrustRid-#0-gcs.csv,TrustRID,min_benign_spoofer_distance_running_min_m,98.0,12.193252447201
Scenario_Corners_4x1_TrustRid-#0-gcs.csv,TrustRID,min_benign_spoofer_distance_running_min_m,98.25,12.193252447201
Scenario_Corners_4x1_TrustRid-#0-gcs.csv,TrustRID,min_benign_spoofer_distance_running_min_m,98.5,12.193252447201
Scenario_Corners_4x1_TrustRid-#0-gcs.csv,TrustRID,min_benign_spoofer_distance_running_min_m,98.75,12.193252447201
Scenario_Corners_4x1_TrustRid-#0-gcs.csv,TrustRID,min_benign_spoofer_distance_running_min_m,99.0,12.193252447201
Scenario_Corners_4x1_TrustRid-#0-gcs.csv,TrustRID,min_benign_spoofer_distance_running_min_m,99.25,12.193252447201
Scenario_Corners_4x1_TrustRid-#0-gcs.csv,TrustRID,min_benign_spoofer_distance_running_min_m,99.5,12.193252447201
Scenario_Corners_4x1_TrustRid-#0-gcs.csv,TrustRID,min_benign_spoofer_distance_running_min_m,99.75,12.193252447201
Scenario_Corners_4x1_TrustRid-#0-gcs.csv,TrustRID,min_benign_spoofer_distance_running_min_m,100.0,12.193252447201
Scenario_Corners_4x1_TrustRid-#0-gcs.csv,TrustRID,nmac_benign_spoofer_total,0.25,0.0
Scenario_Corners_4x1_TrustRid-#0-gcs.csv,TrustRID,nmac_benign_spoofer_total,0.5,0.0
Scenario_Corners_4x1_TrustRid-#0-gcs.csv,TrustRID,nmac_benign_spoofer_total,0.75,0.0
Scenario_Corners_4x1_TrustRid-#0-gcs.csv,TrustRID,nmac_benign_spoofer_total,1.0,0.0
Scenario_Corners_4x1_TrustRid-#0-gcs.csv,TrustRID,nmac_benign_spoofer_total,1.25,0.0
Scenario_Corners_4x1_TrustRid-#0-gcs.csv,TrustRID,nmac_benign_spoofer_total,1.5,0.0
Scenario_Corners_4x1_TrustRid-#0-gcs.csv,TrustRID,nmac_benign_spoofer_total,1.75,0.0
Scenario_Corners_4x1_TrustRid-#0-gcs.csv,TrustRID,nmac_benign_spoofer_total,2.0,0.0
Scenario_Corners_4x1_TrustRid-#0-gcs.csv,TrustRID,nmac_benign_spoofer_total,2.25,0.0
Scenario_Corners_4x1_TrustRid-#0-gcs.csv,TrustRID,nmac_benign_spoofer_total,2.5,0.0
Scenario_Corners_4x1_TrustRid-#0-gcs.csv,TrustRID,nmac_benign_spoofer_total,2.75,0.0
Scenario_Corners_4x1_TrustRid-#0-gcs.csv,TrustRID,nmac_benign_spoofer_total,3.0,0.0
Scenario_Corners_4x1_TrustRid-#0-gcs.csv,TrustRID,nmac_benign_spoofer_total,3.25,0.0
Scenario_Corners_4x1_TrustRid-#0-gcs.csv,TrustRID,nmac_benign_spoofer_total,3.5,0.0
Scenario_Corners_4x1_TrustRid-#0-gcs.csv,TrustRID,nmac_benign_spoofer_total,3.75,0.0
Scenario_Corners_4x1_TrustRid-#0-gcs.csv,TrustRID,nmac_benign_spoofer_total,4.0,0.0
Scenario_Corners_4x1_TrustRid-#0-gcs.csv,TrustRID,nmac_benign_spoofer_total,4.25,0.0
Scenario_Corners_4x1_TrustRid-#0-gcs.csv,TrustRID,nmac_benign_spoofer_total,4.5,0.0
Scenario_Corners_4x1_TrustRid-#0-gcs.csv,TrustRID,nmac_benign_spoofer_total,4.75,0.0
Scenario_Corners_4x1_TrustRid-#0-gcs.csv,TrustRID,nmac_benign_spoofer_total,5.0,0.0
Scenario_Corners_4x1_TrustRid-#0-gcs.csv,TrustRID,nmac_benign_spoofer_total,5.25,0.0
Scenario_Corners_4x1_TrustRid-#0-gcs.csv,TrustRID,nmac_benign_spoofer_total,5.5,0.0
Scenario_Corners_4x1_TrustRid-#0-gcs.csv,TrustRID,nmac_benign_spoofer_total,5.75,0.0
Scenario_Corners_4x1_TrustRid-#0-gcs.csv,TrustRID,nmac_benign_spoofer_total,6.0,0.0
Scenario_Corners_4x1_TrustRid-#0-gcs.csv,TrustRID,nmac_benign_spoofer_total,6.25,0.0
Scenario_Corners_4x1_TrustRid-#0-gcs.csv,TrustRID,nmac_benign_spoofer_total,6.5,0.0
Scenario_Corners_4x1_TrustRid-#0-gcs.csv,TrustRID,nmac_benign_spoofer_total,6.75,0.0
Scenario_Corners_4x1_TrustRid-#0-gcs.csv,TrustRID,nmac_benign_spoofer_total,7.0,0.0
Scenario_Corners_4x1_TrustRid-#0-gcs.csv,TrustRID,nmac_benign_spoofer_total,7.25,0.0
Scenario_Corners_4x1_TrustRid-#0-gcs.csv,TrustRID,nmac_benign_spoofer_total,7.5,0.0
Scenario_Corners_4x1_TrustRid-#0-gcs.csv,TrustRID,nmac_benign_spoofer_total,7.75,0.0
Scenario_Corners_4x1_TrustRid-#0-gcs.csv,TrustRID,nmac_benign_spoofer_total,8.0,0.0
Scenario_Corners_4x1_TrustRid-#0-gcs.csv,TrustRID,nmac_benign_spoofer_total,8.25,0.0
Scenario_Corners_4x1_TrustRid-#0-gcs.csv,TrustRID,nmac_benign_spoofer_total,8.5,0.0
Scenario_Corners_4x1_TrustRid-#0-gcs.csv,TrustRID,nmac_benign_spoofer_total,8.75,0.0
Scenario_Corners_4x1_TrustRid-#0-gcs.csv,TrustRID,nmac_benign_spoofer_total,9.0,0.0
Scenario_Corners_4x1_TrustRid-#0-gcs.csv,TrustRID,nmac_benign_spoofer_total,9.25,0.0
Scenario_Corners_4x1_TrustRid-#0-gcs.csv,TrustRID,nmac_benign_spoofer_total,9.5,0.0
Scenario_Corners_4x1_TrustRid-#0-gcs.csv,TrustRID,nmac_benign_spoofer_total,9.75,0.0
Scenario_Corners_4x1_TrustRid-#0-gcs.csv,TrustRID,nmac_benign_spoofer_total,10.0,0.0
Scenario_Corners_4x1_TrustRid-#0-gcs.csv,TrustRID,nmac_benign_spoofer_total,10.25,0.0
Scenario_Corners_4x1_TrustRid-#0-gcs.csv,TrustRID,nmac_benign_spoofer_total,10.5,0.0
Scenario_Corners_4x1_TrustRid-#0-gcs.csv,TrustRID,nmac_benign_spoofer_total,10.75,0.0
Scenario_Corners_4x1_TrustRid-#0-gcs.csv,TrustRID,nmac_benign_spoofer_total,11.0,0.0
Scenario_Corners_4x1_TrustRid-#0-gcs.csv,TrustRID,nmac_benign_spoofer_total,11.25,0.0
Scenario_Corners_4x1_TrustRid-#0-gcs.csv,TrustRID,nmac_benign_spoofer_total,11.5,0.0
Scenario_Corners_4x1_TrustRid-#0-gcs.csv,TrustRID,nmac_benign_spoofer_total,11.75,0.0
Scenario_Corners_4x1_TrustRid-#0-gcs.csv,TrustRID,nmac_benign_spoofer_total,12.0,0.0
Scenario_Corners_4x1_TrustRid-#0-gcs.csv,TrustRID,nmac_benign_spoofer_total,12.25,0.0
Scenario_Corners_4x1_TrustRid-#0-gcs.csv,TrustRID,nmac_benign_spoofer_total,12.5,0.0
Scenario_Corners_4x1_TrustRid-#0-gcs.csv,TrustRID,nmac_benign_spoofer_total,12.75,0.0
Scenario_Corners_4x1_TrustRid-#0-gcs.csv,TrustRID,nmac_benign_spoofer_total,13.0,0.0
Scenario_Corners_4x1_TrustRid-#0-gcs.csv,TrustRID,nmac_benign_spoofer_total,13.25,0.0
Scenario_Corners_4x1_TrustRid-#0-gcs.csv,TrustRID,nmac_benign_spoofer_total,13.5,0.0
Scenario_Corners_4x1_TrustRid-#0-gcs.csv,TrustRID,nmac_benign_spoofer_total,13.75,0.0
Scenario_Corners_4x1_TrustRid-#0-gcs.csv,TrustRID,nmac_benign_spoofer_total,14.0,0.0
Scenario_Corners_4x1_TrustRid-#0-gcs.csv,TrustRID,nmac_benign_spoofer_total,14.25,0.0
Scenario_Corners_4x1_TrustRid-#0-gcs.csv,TrustRID,nmac_benign_spoofer_total,14.5,0.0
Scenario_Corners_4x1_TrustRid-#0-gcs.csv,TrustRID,nmac_benign_spoofer_total,14.75,0.0
Scenario_Corners_4x1_TrustRid-#0-gcs.csv,TrustRID,nmac_benign_spoofer_total,15.0,0.0
Scenario_Corners_4x1_TrustRid-#0-gcs.csv,TrustRID,nmac_benign_spoofer_total,15.25,0.0
Scenario_Corners_4x1_TrustRid-#0-gcs.csv,TrustRID,nmac_benign_spoofer_total,15.5,0.0
Scenario_Corners_4x1_TrustRid-#0-gcs.csv,TrustRID,nmac_benign_spoofer_total,15.75,0.0
Scenario_Corners_4x1_TrustRid-#0-gcs.csv,TrustRID,nmac_benign_spoofer_total,16.0,0.0
Scenario_Corners_4x1_TrustRid-#0-gcs.csv,TrustRID,nmac_benign_spoofer_total,16.25,0.0
Scenario_Corners_4x1_TrustRid-#0-gcs.csv,TrustRID,nmac_benign_spoofer_total,16.5,0.0
Scenario_Corners_4x1_TrustRid-#0-gcs.csv,TrustRID,nmac_benign_spoofer_total,16.75,0.0
Scenario_Corners_4x1_TrustRid-#0-gcs.csv,TrustRID,nmac_benign_spoofer_total,17.0,0.0
Scenario_Corners_4x1_TrustRid-#0-gcs.csv,TrustRID,nmac_benign_spoofer_total,17.25,0.0
Scenario_Corners_4x1_TrustRid-#0-gcs.csv,TrustRID,nmac_benign_spoofer_total,17.5,0.0
Scenario_Corners_4x1_TrustRid-#0-gcs.csv,TrustRID,nmac_benign_spoofer_total,17.75,0.0
Scenario_Corners_4x1_TrustRid-#0-gcs.csv,TrustRID,nmac_benign_spoofer_total,18.0,0.0
Scenario_Corners_4x1_TrustRid-#0-gcs.csv,TrustRID,nmac_benign_spoofer_total,18.25,0.0
Scenario_Corners_4x1_TrustRid-#0-gcs.csv,TrustRID,nmac_benign_spoofer_total,18.5,0.0
Scenario_Corners_4x1_TrustRid-#0-gcs.csv,TrustRID,nmac_benign_spoofer_total,18.75,0.0
Scenario_Corners_4x1_TrustRid-#0-gcs.csv,TrustRID,nmac_benign_spoofer_total,19.0,0.0
Scenario_Corners_4x1_TrustRid-#0-gcs.csv,TrustRID,nmac_benign_spoofer_total,19.25,0.0
Scenario_Corners_4x1_TrustRid-#0-gcs.csv,TrustRID,nmac_benign_spoofer_total,19.5,0.0
Scenario_Corners_4x1_TrustRid-#0-gcs.csv,TrustRID,nmac_benign_spoofer_total,19.75,0.0
Scenario_Corners_4x1_TrustRid-#0-gcs.csv,TrustRID,nmac_benign_spoofer_total,20.0,0.0
Scenario_Corners_4x1_TrustRid-#0-gcs.csv,TrustRID,nmac_benign_spoofer_total,20.25,0.0
Scenario_Corners_4x1_TrustRid-#0-gcs.csv,TrustRID,nmac_benign_spoofer_total,20.5,0.0
Scenario_Corners_4x1_TrustRid-#0-gcs.csv,TrustRID,nmac_benign_spoofer_total,20.75,0.0
Scenario_Corners_4x1_TrustRid-#0-gcs.csv,TrustRID,nmac_benign_spoofer_total,21.0,0.0
Scenario_Corners_4x1_TrustRid-#0-gcs.csv,TrustRID,nmac_benign_spoofer_total,21.25,0.0
Scenario_Corners_4x1_TrustRid-#0-gcs.csv,TrustRID,nmac_benign_spoofer_total,21.5,0.0
Scenario_Corners_4x1_TrustRid-#0-gcs.csv,TrustRID,nmac_benign_spoofer_total,21.75,0.0
Scenario_Corners_4x1_TrustRid-#0-gcs.csv,TrustRID,nmac_benign_spoofer_total,22.0,0.0
Scenario_Corners_4x1_TrustRid-#0-gcs.csv,TrustRID,nmac_benign_spoofer_total,22.25,0.0
Scenario_Corners_4x1_TrustRid-#0-gcs.csv,TrustRID,nmac_benign_spoofer_total,22.5,0.0
Scenario_Corners_4x1_TrustRid-#0-gcs.csv,TrustRID,nmac_benign_spoofer_total,22.75,0.0
Scenario_Corners_4x1_TrustRid-#0-gcs.csv,TrustRID,nmac_benign_spoofer_total,23.0,0.0
Scenario_Corners_4x1_TrustRid-#0-gcs.csv,TrustRID,nmac_benign_spoofer_total,23.25,0.0
Scenario_Corners_4x1_TrustRid-#0-gcs.csv,TrustRID,nmac_benign_spoofer_total,23.5,0.0
Scenario_Corners_4x1_TrustRid-#0-gcs.csv,TrustRID,nmac_benign_spoofer_total,23.75,0.0
Scenario_Corners_4x1_TrustRid-#0-gcs.csv,TrustRID,nmac_benign_spoofer_total,24.0,0.0
Scenario_Corners_4x1_TrustRid-#0-gcs.csv,TrustRID,nmac_benign_spoofer_total,24.25,0.0
Scenario_Corners_4x1_TrustRid-#0-gcs.csv,TrustRID,nmac_benign_spoofer_total,24.5,0.0
Scenario_Corners_4x1_TrustRid-#0-gcs.csv,TrustRID,nmac_benign_spoofer_total,24.75,0.0
Scenario_Corners_4x1_TrustRid-#0-gcs.csv,TrustRID,nmac_benign_spoofer_total,25.0,0.0
Scenario_Corners_4x1_TrustRid-#0-gcs.csv,TrustRID,nmac_benign_spoofer_total,25.25,0.0
Scenario_Corners_4x1_TrustRid-#0-gcs.csv,TrustRID,nmac_benign_spoofer_total,25.5,0.0
Scenario_Corners_4x1_TrustRid-#0-gcs.csv,TrustRID,nmac_benign_spoofer_total,25.75,0.0
Scenario_Corners_4x1_TrustRid-#0-gcs.csv,TrustRID,nmac_benign_spoofer_total,26.0,0.0
Scenario_Corners_4x1_TrustRid-#0-gcs.csv,TrustRID,nmac_benign_spoofer_total,26.25,0.0
Scenario_Corners_4x1_TrustRid-#0-gcs.csv,TrustRID,nmac_benign_spoofer_total,26.5,0.0
Scenario_Corners_4x1_TrustRid-#0-gcs.csv,TrustRID,nmac_benign_spoofer_total,26.75,0.0
Scenario_Corners_4x1_TrustRid-#0-gcs.csv,TrustRID,nmac_benign_spoofer_total,27.0,0.0
Scenario_Corners_4x1_TrustRid-#0-gcs.csv,TrustRID,nmac_benign_spoofer_total,27.25,0.0
Scenario_Corners_4x1_TrustRid-#0-gcs.csv,TrustRID,nmac_benign_spoofer_total,27.5,0.0
Scenario_Corners_4x1_TrustRid-#0-gcs.csv,TrustRID,nmac_benign_spoofer_total,27.75,0.0
Scenario_Corners_4x1_TrustRid-#0-gcs.csv,TrustRID,nmac_benign_spoofer_total,28.0,0.0
Scenario_Corners_4x1_TrustRid-#0-gcs.csv,TrustRID,nmac_benign_spoofer_total,28.25,0.0
Scenario_Corners_4x1_TrustRid-#0-gcs.csv,TrustRID,nmac_benign_spoofer_total,28.5,0.0
Scenario_Corners_4x1_TrustRid-#0-gcs.csv,TrustRID,nmac_benign_spoofer_total,28.75,0.0
Scenario_Corners_4x1_TrustRid-#0-gcs.csv,TrustRID,nmac_benign_spoofer_total,29.0,0.0
Scenario_Corners_4x1_TrustRid-#0-gcs.csv,TrustRID,nmac_benign_spoofer_total,29.25,0.0
Scenario_Corners_4x1_TrustRid-#0-gcs.csv,TrustRID,nmac_benign_spoofer_total,29.5,0.0
Scenario_Corners_4x1_TrustRid-#0-gcs.csv,TrustRID,nmac_benign_spoofer_total,29.75,0.0
Scenario_Corners_4x1_TrustRid-#0-gcs.csv,TrustRID,nmac_benign_spoofer_total,30.0,0.0
Scenario_Corners_4x1_TrustRid-#0-gcs.csv,TrustRID,nmac_benign_spoofer_total,30.25,0.0
Scenario_Corners_4x1_TrustRid-#0-gcs.csv,TrustRID,nmac_benign_spoofer_total,30.5,0.0
Scenario_Corners_4x1_TrustRid-#0-gcs.csv,TrustRID,nmac_benign_spoofer_total,30.75,0.0
Scenario_Corners_4x1_TrustRid-#0-gcs.csv,TrustRID,nmac_benign_spoofer_total,31.0,0.0
Scenario_Corners_4x1_TrustRid-#0-gcs.csv,TrustRID,nmac_benign_spoofer_total,31.25,0.0
Scenario_Corners_4x1_TrustRid-#0-gcs.csv,TrustRID,nmac_benign_spoofer_total,31.5,0.0
Scenario_Corners_4x1_TrustRid-#0-gcs.csv,TrustRID,nmac_benign_spoofer_total,31.75,0.0
Scenario_Corners_4x1_TrustRid-#0-gcs.csv,TrustRID,nmac_benign_spoofer_total,32.0,0.0
Scenario_Corners_4x1_TrustRid-#0-gcs.csv,TrustRID,nmac_benign_spoofer_total,32.25,0.0
Scenario_Corners_4x1_TrustRid-#0-gcs.csv,TrustRID,nmac_benign_spoofer_total,32.5,0.0
Scenario_Corners_4x1_TrustRid-#0-gcs.csv,TrustRID,nmac_benign_spoofer_total,32.75,0.0
Scenario_Corners_4x1_TrustRid-#0-gcs.csv,TrustRID,nmac_benign_spoofer_total,33.0,0.0
Scenario_Corners_4x1_TrustRid-#0-gcs.csv,TrustRID,nmac_benign_spoofer_total,33.25,0.0
Scenario_Corners_4x1_TrustRid-#0-gcs.csv,TrustRID,nmac_benign_spoofer_total,33.5,0.0
Scenario_Corners_4x1_TrustRid-#0-gcs.csv,TrustRID,nmac_benign_spoofer_total,33.75,0.0
Scenario_Corners_4x1_TrustRid-#0-gcs.csv,TrustRID,nmac_benign_spoofer_total,34.0,0.0
Scenario_Corners_4x1_TrustRid-#0-gcs.csv,TrustRID,nmac_benign_spoofer_total,34.25,0.0
Scenario_Corners_4x1_TrustRid-#0-gcs.csv,TrustRID,nmac_benign_spoofer_total,34.5,0.0
Scenario_Corners_4x1_TrustRid-#0-gcs.csv,TrustRID,nmac_benign_spoofer_total,34.75,0.0
Scenario_Corners_4x1_TrustRid-#0-gcs.csv,TrustRID,nmac_benign_spoofer_total,35.0,0.0
Scenario_Corners_4x1_TrustRid-#0-gcs.csv,TrustRID,nmac_benign_spoofer_total,35.25,0.0
Scenario_Corners_4x1_TrustRid-#0-gcs.csv,TrustRID,nmac_benign_spoofer_total,35.5,0.0
Scenario_Corners_4x1_TrustRid-#0-gcs.csv,TrustRID,nmac_benign_spoofer_total,35.75,0.0
Scenario_Corners_4x1_TrustRid-#0-gcs.csv,TrustRID,nmac_benign_spoofer_total,36.0,0.0
Scenario_Corners_4x1_TrustRid-#0-gcs.csv,TrustRID,nmac_benign_spoofer_total,36.25,0.0
Scenario_Corners_4x1_TrustRid-#0-gcs.csv,TrustRID,nmac_benign_spoofer_total,36.5,0.0
Scenario_Corners_4x1_TrustRid-#0-gcs.csv,TrustRID,nmac_benign_spoofer_total,36.75,0.0
Scenario_Corners_4x1_TrustRid-#0-gcs.csv,TrustRID,nmac_benign_spoofer_total,37.0,0.0
Scenario_Corners_4x1_TrustRid-#0-gcs.csv,TrustRID,nmac_benign_spoofer_total,37.25,0.0
Scenario_Corners_4x1_TrustRid-#0-gcs.csv,TrustRID,nmac_benign_spoofer_total,37.5,0.0
Scenario_Corners_4x1_TrustRid-#0-gcs.csv,TrustRID,nmac_benign_spoofer_total,37.75,0.0
Scenario_Corners_4x1_TrustRid-#0-gcs.csv,TrustRID,nmac_benign_spoofer_total,38.0,0.0
Scenario_Corners_4x1_TrustRid-#0-gcs.csv,TrustRID,nmac_benign_spoofer_total,38.25,0.0
Scenario_Corners_4x1_TrustRid-#0-gcs.csv,TrustRID,nmac_benign_spoofer_total,38.5,0.0
Scenario_Corners_4x1_TrustRid-#0-gcs.csv,TrustRID,nmac_benign_spoofer_total,38.75,0.0
Scenario_Corners_4x1_TrustRid-#0-gcs.csv,TrustRID,nmac_benign_spoofer_total,39.0,0.0
Scenario_Corners_4x1_TrustRid-#0-gcs.csv,TrustRID,nmac_benign_spoofer_total,39.25,0.0
Scenario_Corners_4x1_TrustRid-#0-gcs.csv,TrustRID,nmac_benign_spoofer_total,39.5,0.0
Scenario_Corners_4x1_TrustRid-#0-gcs.csv,TrustRID,nmac_benign_spoofer_total,39.75,0.0
Scenario_Corners_4x1_TrustRid-#0-gcs.csv,TrustRID,nmac_benign_spoofer_total,40.0,0.0
Scenario_Corners_4x1_TrustRid-#0-gcs.csv,TrustRID,nmac_benign_spoofer_total,40.25,0.0
Scenario_Corners_4x1_TrustRid-#0-gcs.csv,TrustRID,nmac_benign_spoofer_total,40.5,0.0
Scenario_Corners_4x1_TrustRid-#0-gcs.csv,TrustRID,nmac_benign_spoofer_total,40.75,0.0
Scenario_Corners_4x1_TrustRid-#0-gcs.csv,TrustRID,nmac_benign_spoofer_total,41.0,0.0
Scenario_Corners_4x1_TrustRid-#0-gcs.csv,TrustRID,nmac_benign_spoofer_total,41.25,0.0
Scenario_Corners_4x1_TrustRid-#0-gcs.csv,TrustRID,nmac_benign_spoofer_total,41.5,0.0
Scenario_Corners_4x1_TrustRid-#0-gcs.csv,TrustRID,nmac_benign_spoofer_total,41.75,0.0
Scenario_Corners_4x1_TrustRid-#0-gcs.csv,TrustRID,nmac_benign_spoofer_total,42.0,0.0
Scenario_Corners_4x1_TrustRid-#0-gcs.csv,TrustRID,nmac_benign_spoofer_total,42.25,0.0
Scenario_Corners_4x1_TrustRid-#0-gcs.csv,TrustRID,nmac_benign_spoofer_total,42.5,0.0
Scenario_Corners_4x1_TrustRid-#0-gcs.csv,TrustRID,nmac_benign_spoofer_total,42.75,0.0
Scenario_Corners_4x1_TrustRid-#0-gcs.csv,TrustRID,nmac_benign_spoofer_total,43.0,0.0
Scenario_Corners_4x1_TrustRid-#0-gcs.csv,TrustRID,nmac_benign_spoofer_total,43.25,0.0
Scenario_Corners_4x1_TrustRid-#0-gcs.csv,TrustRID,nmac_benign_spoofer_total,43.5,0.0
Scenario_Corners_4x1_TrustRid-#0-gcs.csv,TrustRID,nmac_benign_spoofer_total,43.75,0.0
Scenario_Corners_4x1_TrustRid-#0-gcs.csv,TrustRID,nmac_benign_spoofer_total,44.0,0.0
Scenario_Corners_4x1_TrustRid-#0-gcs.csv,TrustRID,nmac_benign_spoofer_total,44.25,0.0
Scenario_Corners_4x1_TrustRid-#0-gcs.csv,TrustRID,nmac_benign_spoofer_total,44.5,0.0
Scenario_Corners_4x1_TrustRid-#0-gcs.csv,TrustRID,nmac_benign_spoofer_total,44.75,0.0
Scenario_Corners_4x1_TrustRid-#0-gcs.csv,TrustRID,nmac_benign_spoofer_total,45.0,0.0
Scenario_Corners_4x1_TrustRid-#0-gcs.csv,TrustRID,nmac_benign_spoofer_total,45.25,0.0
Scenario_Corners_4x1_TrustRid-#0-gcs.csv,TrustRID,nmac_benign_spoofer_total,45.5,0.0
Scenario_Corners_4x1_TrustRid-#0-gcs.csv,TrustRID,nmac_benign_spoofer_total,45.75,0.0
Scenario_Corners_4x1_TrustRid-#0-gcs.csv,TrustRID,nmac_benign_spoofer_total,46.0,0.0
Scenario_Corners_4x1_TrustRid-#0-gcs.csv,TrustRID,nmac_benign_spoofer_total,46.25,0.0
Scenario_Corners_4x1_TrustRid-#0-gcs.csv,TrustRID,nmac_benign_spoofer_total,46.5,0.0
Scenario_Corners_4x1_TrustRid-#0-gcs.csv,TrustRID,nmac_benign_spoofer_total,46.75,0.0
Scenario_Corners_4x1_TrustRid-#0-gcs.csv,TrustRID,nmac_benign_spoofer_total,47.0,0.0
Scenario_Corners_4x1_TrustRid-#0-gcs.csv,TrustRID,nmac_benign_spoofer_total,47.25,0.0
Scenario_Corners_4x1_TrustRid-#0-gcs.csv,TrustRID,nmac_benign_spoofer_total,47.5,0.0
Scenario_Corners_4x1_TrustRid-#0-gcs.csv,TrustRID,nmac_benign_spoofer_total,47.75,0.0
Scenario_Corners_4x1_TrustRid-#0-gcs.csv,TrustRID,nmac_benign_spoofer_total,48.0,0.0
Scenario_Corners_4x1_TrustRid-#0-gcs.csv,TrustRID,nmac_benign_spoofer_total,48.25,0.0
Scenario_Corners_4x1_TrustRid-#0-gcs.csv,TrustRID,nmac_benign_spoofer_total,48.5,0.0
Scenario_Corners_4x1_TrustRid-#0-gcs.csv,TrustRID,nmac_benign_spoofer_total,48.75,0.0
Scenario_Corners_4x1_TrustRid-#0-gcs.csv,TrustRID,nmac_benign_spoofer_total,49.0,0.0
Scenario_Corners_4x1_TrustRid-#0-gcs.csv,TrustRID,nmac_benign_spoofer_total,49.25,0.0
Scenario_Corners_4x1_TrustRid-#0-gcs.csv,TrustRID,nmac_benign_spoofer_total,49.5,0.0
Scenario_Corners_4x1_TrustRid-#0-gcs.csv,TrustRID,nmac_benign_spoofer_total,49.75,0.0
Scenario_Corners_4x1_TrustRid-#0-gcs.csv,TrustRID,nmac_benign_spoofer_total,50.0,0.0
Scenario_Corners_4x1_TrustRid-#0-gcs.csv,TrustRID,nmac_benign_spoofer_total,50.25,0.0
Scenario_Corners_4x1_TrustRid-#0-gcs.csv,TrustRID,nmac_benign_spoofer_total,50.5,0.0
Scenario_Corners_4x1_TrustRid-#0-gcs.csv,TrustRID,nmac_benign_spoofer_total,50.75,0.0
Scenario_Corners_4x1_TrustRid-#0-gcs.csv,TrustRID,nmac_benign_spoofer_total,51.0,0.0
Scenario_Corners_4x1_TrustRid-#0-gcs.csv,TrustRID,nmac_benign_spoofer_total,51.25,0.0
Scenario_Corners_4x1_TrustRid-#0-gcs.csv,TrustRID,nmac_benign_spoofer_total,51.5,0.0
Scenario_Corners_4x1_TrustRid-#0-gcs.csv,TrustRID,nmac_benign_spoofer_total,51.75,0.0
Scenario_Corners_4x1_TrustRid-#0-gcs.csv,TrustRID,nmac_benign_spoofer_total,52.0,0.0
Scenario_Corners_4x1_TrustRid-#0-gcs.csv,TrustRID,nmac_benign_spoofer_total,52.25,0.0
Scenario_Corners_4x1_TrustRid-#0-gcs.csv,TrustRID,nmac_benign_spoofer_total,52.5,0.0
Scenario_Corners_4x1_TrustRid-#0-gcs.csv,TrustRID,nmac_benign_spoofer_total,52.75,0.0
Scenario_Corners_4x1_TrustRid-#0-gcs.csv,TrustRID,nmac_benign_spoofer_total,53.0,0.0
Scenario_Corners_4x1_TrustRid-#0-gcs.csv,TrustRID,nmac_benign_spoofer_total,53.25,0.0
Scenario_Corners_4x1_TrustRid-#0-gcs.csv,TrustRID,nmac_benign_spoofer_total,53.5,0.0
Scenario_Corners_4x1_TrustRid-#0-gcs.csv,TrustRID,nmac_benign_spoofer_total,53.75,0.0
Scenario_Corners_4x1_TrustRid-#0-gcs.csv,TrustRID,nmac_benign_spoofer_total,54.0,0.0
Scenario_Corners_4x1_TrustRid-#0-gcs.csv,TrustRID,nmac_benign_spoofer_total,54.25,0.0
Scenario_Corners_4x1_TrustRid-#0-gcs.csv,TrustRID,nmac_benign_spoofer_total,54.5,0.0
Scenario_Corners_4x1_TrustRid-#0-gcs.csv,TrustRID,nmac_benign_spoofer_total,54.75,0.0
Scenario_Corners_4x1_TrustRid-#0-gcs.csv,TrustRID,nmac_benign_spoofer_total,55.0,0.0
Scenario_Corners_4x1_TrustRid-#0-gcs.csv,TrustRID,nmac_benign_spoofer_total,55.25,0.0
Scenario_Corners_4x1_TrustRid-#0-gcs.csv,TrustRID,nmac_benign_spoofer_total,55.5,0.0
Scenario_Corners_4x1_TrustRid-#0-gcs.csv,TrustRID,nmac_benign_spoofer_total,55.75,0.0
Scenario_Corners_4x1_TrustRid-#0-gcs.csv,TrustRID,nmac_benign_spoofer_total,56.0,0.0
Scenario_Corners_4x1_TrustRid-#0-gcs.csv,TrustRID,nmac_benign_spoofer_total,56.25,0.0
Scenario_Corners_4x1_TrustRid-#0-gcs.csv,TrustRID,nmac_benign_spoofer_total,56.5,0.0
Scenario_Corners_4x1_TrustRid-#0-gcs.csv,TrustRID,nmac_benign_spoofer_total,56.75,0.0
Scenario_Corners_4x1_TrustRid-#0-gcs.csv,TrustRID,nmac_benign_spoofer_total,57.0,0.0
Scenario_Corners_4x1_TrustRid-#0-gcs.csv,TrustRID,nmac_benign_spoofer_total,57.25,0.0
Scenario_Corners_4x1_TrustRid-#0-gcs.csv,TrustRID,nmac_benign_spoofer_total,57.5,0.0
Scenario_Corners_4x1_TrustRid-#0-gcs.csv,TrustRID,nmac_benign_spoofer_total,57.75,0.0
Scenario_Corners_4x1_TrustRid-#0-gcs.csv,TrustRID,nmac_benign_spoofer_total,58.0,0.0
Scenario_Corners_4x1_TrustRid-#0-gcs.csv,TrustRID,nmac_benign_spoofer_total,58.25,0.0
Scenario_Corners_4x1_TrustRid-#0-gcs.csv,TrustRID,nmac_benign_spoofer_total,58.5,0.0
Scenario_Corners_4x1_TrustRid-#0-gcs.csv,TrustRID,nmac_benign_spoofer_total,58.75,0.0
Scenario_Corners_4x1_TrustRid-#0-gcs.csv,TrustRID,nmac_benign_spoofer_total,59.0,0.0
Scenario_Corners_4x1_TrustRid-#0-gcs.csv,TrustRID,nmac_benign_spoofer_total,59.25,0.0
Scenario_Corners_4x1_TrustRid-#0-gcs.csv,TrustRID,nmac_benign_spoofer_total,59.5,0.0
Scenario_Corners_4x1_TrustRid-#0-gcs.csv,TrustRID,nmac_benign_spoofer_total,59.75,0.0
Scenario_Corners_4x1_TrustRid-#0-gcs.csv,TrustRID,nmac_benign_spoofer_total,60.0,0.0
Scenario_Corners_4x1_TrustRid-#0-gcs.csv,TrustRID,nmac_benign_spoofer_total,60.25,0.0
Scenario_Corners_4x1_TrustRid-#0-gcs.csv,TrustRID,nmac_benign_spoofer_total,60.5,0.0
Scenario_Corners_4x1_TrustRid-#0-gcs.csv,TrustRID,nmac_benign_spoofer_total,60.75,0.0
Scenario_Corners_4x1_TrustRid-#0-gcs.csv,TrustRID,nmac_benign_spoofer_total,61.0,0.0
Scenario_Corners_4x1_TrustRid-#0-gcs.csv,TrustRID,nmac_benign_spoofer_total,61.25,0.0
Scenario_Corners_4x1_TrustRid-#0-gcs.csv,TrustRID,nmac_benign_spoofer_total,61.5,0.0
Scenario_Corners_4x1_TrustRid-#0-gcs.csv,TrustRID,nmac_benign_spoofer_total,61.75,0.0
Scenario_Corners_4x1_TrustRid-#0-gcs.csv,TrustRID,nmac_benign_spoofer_total,62.0,0.0
Scenario_Corners_4x1_TrustRid-#0-gcs.csv,TrustRID,nmac_benign_spoofer_total,62.25,0.0
Scenario_Corners_4x1_TrustRid-#0-gcs.csv,TrustRID,nmac_benign_spoofer_total,62.5,0.0
Scenario_Corners_4x1_TrustRid-#0-gcs.csv,TrustRID,nmac_benign_spoofer_total,62.75,0.0
Scenario_Corners_4x1_TrustRid-#0-gcs.csv,TrustRID,nmac_benign_spoofer_total,63.0,0.0
Scenario_Corners_4x1_TrustRid-#0-gcs.csv,TrustRID,nmac_benign_spoofer_total,63.25,0.0
Scenario_Corners_4x1_TrustRid-#0-gcs.csv,TrustRID,nmac_benign_spoofer_total,63.5,0.0
Scenario_Corners_4x1_TrustRid-#0-gcs.csv,TrustRID,nmac_benign_spoofer_total,63.75,0.0
Scenario_Corners_4x1_TrustRid-#0-gcs.csv,TrustRID,nmac_benign_spoofer_total,64.0,0.0
Scenario_Corners_4x1_TrustRid-#0-gcs.csv,TrustRID,nmac_benign_spoofer_total,64.25,0.0
Scenario_Corners_4x1_TrustRid-#0-gcs.csv,TrustRID,nmac_benign_spoofer_total,64.5,0.0
Scenario_Corners_4x1_TrustRid-#0-gcs.csv,TrustRID,nmac_benign_spoofer_total,64.75,0.0
Scenario_Corners_4x1_TrustRid-#0-gcs.csv,TrustRID,nmac_benign_spoofer_total,65.0,0.0
Scenario_Corners_4x1_TrustRid-#0-gcs.csv,TrustRID,nmac_benign_spoofer_total,65.25,0.0
Scenario_Corners_4x1_TrustRid-#0-gcs.csv,TrustRID,nmac_benign_spoofer_total,65.5,0.0
Scenario_Corners_4x1_TrustRid-#0-gcs.csv,TrustRID,nmac_benign_spoofer_total,65.75,0.0
Scenario_Corners_4x1_TrustRid-#0-gcs.csv,TrustRID,nmac_benign_spoofer_total,66.0,0.0
Scenario_Corners_4x1_TrustRid-#0-gcs.csv,TrustRID,nmac_benign_spoofer_total,66.25,0.0
Scenario_Corners_4x1_TrustRid-#0-gcs.csv,TrustRID,nmac_benign_spoofer_total,66.5,0.0
Scenario_Corners_4x1_TrustRid-#0-gcs.csv,TrustRID,nmac_benign_spoofer_total,66.75,0.0
Scenario_Corners_4x1_TrustRid-#0-gcs.csv,TrustRID,nmac_benign_spoofer_total,67.0,0.0
Scenario_Corners_4x1_TrustRid-#0-gcs.csv,TrustRID,nmac_benign_spoofer_total,67.25,0.0
Scenario_Corners_4x1_TrustRid-#0-gcs.csv,TrustRID,nmac_benign_spoofer_total,67.5,0.0
Scenario_Corners_4x1_TrustRid-#0-gcs.csv,TrustRID,nmac_benign_spoofer_total,67.75,0.0
Scenario_Corners_4x1_TrustRid-#0-gcs.csv,TrustRID,nmac_benign_spoofer_total,68.0,0.0
Scenario_Corners_4x1_TrustRid-#0-gcs.csv,TrustRID,nmac_benign_spoofer_total,68.25,0.0
Scenario_Corners_4x1_TrustRid-#0-gcs.csv,TrustRID,nmac_benign_spoofer_total,68.5,0.0
Scenario_Corners_4x1_TrustRid-#0-gcs.csv,TrustRID,nmac_benign_spoofer_total,68.75,0.0
Scenario_Corners_4x1_TrustRid-#0-gcs.csv,TrustRID,nmac_benign_spoofer_total,69.0,0.0
Scenario_Corners_4x1_TrustRid-#0-gcs.csv,TrustRID,nmac_benign_spoofer_total,69.25,0.0
Scenario_Corners_4x1_TrustRid-#0-gcs.csv,TrustRID,nmac_benign_spoofer_total,69.5,0.0
Scenario_Corners_4x1_TrustRid-#0-gcs.csv,TrustRID,nmac_benign_spoofer_total,69.75,0.0
Scenario_Corners_4x1_TrustRid-#0-gcs.csv,TrustRID,nmac_benign_spoofer_total,70.0,0.0
Scenario_Corners_4x1_TrustRid-#0-gcs.csv,TrustRID,nmac_benign_spoofer_total,70.25,0.0
Scenario_Corners_4x1_TrustRid-#0-gcs.csv,TrustRID,nmac_benign_spoofer_total,70.5,0.0
Scenario_Corners_4x1_TrustRid-#0-gcs.csv,TrustRID,nmac_benign_spoofer_total,70.75,0.0
Scenario_Corners_4x1_TrustRid-#0-gcs.csv,TrustRID,nmac_benign_spoofer_total,71.0,0.0
Scenario_Corners_4x1_TrustRid-#0-gcs.csv,TrustRID,nmac_benign_spoofer_total,71.25,0.0
Scenario_Corners_4x1_TrustRid-#0-gcs.csv,TrustRID,nmac_benign_spoofer_total,71.5,0.0
Scenario_Corners_4x1_TrustRid-#0-gcs.csv,TrustRID,nmac_benign_spoofer_total,71.75,0.0
Scenario_Corners_4x1_TrustRid-#0-gcs.csv,TrustRID,nmac_benign_spoofer_total,72.0,0.0
Scenario_Corners_4x1_TrustRid-#0-gcs.csv,TrustRID,nmac_benign_spoofer_total,72.25,0.0
Scenario_Corners_4x1_TrustRid-#0-gcs.csv,TrustRID,nmac_benign_spoofer_total,72.5,0.0
Scenario_Corners_4x1_TrustRid-#0-gcs.csv,TrustRID,nmac_benign_spoofer_total,72.75,0.0
Scenario_Corners_4x1_TrustRid-#0-gcs.csv,TrustRID,nmac_benign_spoofer_total,73.0,0.0
Scenario_Corners_4x1_TrustRid-#0-gcs.csv,TrustRID,nmac_benign_spoofer_total,73.25,0.0
Scenario_Corners_4x1_TrustRid-#0-gcs.csv,TrustRID,nmac_benign_spoofer_total,73.5,0.0
Scenario_Corners_4x1_TrustRid-#0-gcs.csv,TrustRID,nmac_benign_spoofer_total,73.75,0.0
Scenario_Corners_4x1_TrustRid-#0-gcs.csv,TrustRID,nmac_benign_spoofer_total,74.0,0.0
Scenario_Corners_4x1_TrustRid-#0-gcs.csv,TrustRID,nmac_benign_spoofer_total,74.25,0.0
Scenario_Corners_4x1_TrustRid-#0-gcs.csv,TrustRID,nmac_benign_spoofer_total,74.5,0.0
Scenario_Corners_4x1_TrustRid-#0-gcs.csv,TrustRID,nmac_benign_spoofer_total,74.75,0.0
Scenario_Corners_4x1_TrustRid-#0-gcs.csv,TrustRID,nmac_benign_spoofer_total,75.0,0.0
Scenario_Corners_4x1_TrustRid-#0-gcs.csv,TrustRID,nmac_benign_spoofer_total,75.25,0.0
Scenario_Corners_4x1_TrustRid-#0-gcs.csv,TrustRID,nmac_benign_spoofer_total,75.5,0.0
Scenario_Corners_4x1_TrustRid-#0-gcs.csv,TrustRID,nmac_benign_spoofer_total,75.75,0.0
Scenario_Corners_4x1_TrustRid-#0-gcs.csv,TrustRID,nmac_benign_spoofer_total,76.0,0.0
Scenario_Corners_4x1_TrustRid-#0-gcs.csv,TrustRID,nmac_benign_spoofer_total,76.25,0.0
Scenario_Corners_4x1_TrustRid-#0-gcs.csv,TrustRID,nmac_benign_spoofer_total,76.5,0.0
Scenario_Corners_4x1_TrustRid-#0-gcs.csv,TrustRID,nmac_benign_spoofer_total,76.75,0.0
Scenario_Corners_4x1_TrustRid-#0-gcs.csv,TrustRID,nmac_benign_spoofer_total,77.0,0.0
Scenario_Corners_4x1_TrustRid-#0-gcs.csv,TrustRID,nmac_benign_spoofer_total,77.25,0.0
Scenario_Corners_4x1_TrustRid-#0-gcs.csv,TrustRID,nmac_benign_spoofer_total,77.5,0.0
Scenario_Corners_4x1_TrustRid-#0-gcs.csv,TrustRID,nmac_benign_spoofer_total,77.75,0.0
Scenario_Corners_4x1_TrustRid-#0-gcs.csv,TrustRID,nmac_benign_spoofer_total,78.0,0.0
Scenario_Corners_4x1_TrustRid-#0-gcs.csv,TrustRID,nmac_benign_spoofer_total,78.25,0.0
Scenario_Corners_4x1_TrustRid-#0-gcs.csv,TrustRID,nmac_benign_spoofer_total,78.5,0.0
Scenario_Corners_4x1_TrustRid-#0-gcs.csv,TrustRID,nmac_benign_spoofer_total,78.75,0.0
Scenario_Corners_4x1_TrustRid-#0-gcs.csv,TrustRID,nmac_benign_spoofer_total,79.0,0.0
Scenario_Corners_4x1_TrustRid-#0-gcs.csv,TrustRID,nmac_benign_spoofer_total,79.25,0.0
Scenario_Corners_4x1_TrustRid-#0-gcs.csv,TrustRID,nmac_benign_spoofer_total,79.5,0.0
Scenario_Corners_4x1_TrustRid-#0-gcs.csv,TrustRID,nmac_benign_spoofer_total,79.75,0.0
Scenario_Corners_4x1_TrustRid-#0-gcs.csv,TrustRID,nmac_benign_spoofer_total,80.0,0.0
Scenario_Corners_4x1_TrustRid-#0-gcs.csv,TrustRID,nmac_benign_spoofer_total,80.25,0.0
Scenario_Corners_4x1_TrustRid-#0-gcs.csv,TrustRID,nmac_benign_spoofer_total,80.5,0.0
Scenario_Corners_4x1_TrustRid-#0-gcs.csv,TrustRID,nmac_benign_spoofer_total,80.75,0.0
Scenario_Corners_4x1_TrustRid-#0-gcs.csv,TrustRID,nmac_benign_spoofer_total,81.0,0.0
Scenario_Corners_4x1_TrustRid-#0-gcs.csv,TrustRID,nmac_benign_spoofer_total,81.25,0.0
Scenario_Corners_4x1_TrustRid-#0-gcs.csv,TrustRID,nmac_benign_spoofer_total,81.5,0.0
Scenario_Corners_4x1_TrustRid-#0-gcs.csv,TrustRID,nmac_benign_spoofer_total,81.75,0.0
Scenario_Corners_4x1_TrustRid-#0-gcs.csv,TrustRID,nmac_benign_spoofer_total,82.0,0.0
Scenario_Corners_4x1_TrustRid-#0-gcs.csv,TrustRID,nmac_benign_spoofer_total,82.25,0.0
Scenario_Corners_4x1_TrustRid-#0-gcs.csv,TrustRID,nmac_benign_spoofer_total,82.5,0.0
Scenario_Corners_4x1_TrustRid-#0-gcs.csv,TrustRID,nmac_benign_spoofer_total,82.75,0.0
Scenario_Corners_4x1_TrustRid-#0-gcs.csv,TrustRID,nmac_benign_spoofer_total,83.0,0.0
Scenario_Corners_4x1_TrustRid-#0-gcs.csv,TrustRID,nmac_benign_spoofer_total,83.25,0.0
Scenario_Corners_4x1_TrustRid-#0-gcs.csv,TrustRID,nmac_benign_spoofer_total,83.5,0.0
Scenario_Corners_4x1_TrustRid-#0-gcs.csv,TrustRID,nmac_benign_spoofer_total,83.75,0.0
Scenario_Corners_4x1_TrustRid-#0-gcs.csv,TrustRID,nmac_benign_spoofer_total,84.0,0.0
Scenario_Corners_4x1_TrustRid-#0-gcs.csv,TrustRID,nmac_benign_spoofer_total,84.25,0.0
Scenario_Corners_4x1_TrustRid-#0-gcs.csv,TrustRID,nmac_benign_spoofer_total,84.5,0.0
Scenario_Corners_4x1_TrustRid-#0-gcs.csv,TrustRID,nmac_benign_spoofer_total,84.75,0.0
Scenario_Corners_4x1_TrustRid-#0-gcs.csv,TrustRID,nmac_benign_spoofer_total,85.0,0.0
Scenario_Corners_4x1_TrustRid-#0-gcs.csv,TrustRID,nmac_benign_spoofer_total,85.25,0.0
Scenario_Corners_4x1_TrustRid-#0-gcs.csv,TrustRID,nmac_benign_spoofer_total,85.5,0.0
Scenario_Corners_4x1_TrustRid-#0-gcs.csv,TrustRID,nmac_benign_spoofer_total,85.75,0.0
Scenario_Corners_4x1_TrustRid-#0-gcs.csv,TrustRID,nmac_benign_spoofer_total,86.0,0.0
Scenario_Corners_4x1_TrustRid-#0-gcs.csv,TrustRID,nmac_benign_spoofer_total,86.25,0.0
Scenario_Corners_4x1_TrustRid-#0-gcs.csv,TrustRID,nmac_benign_spoofer_total,86.5,0.0
Scenario_Corners_4x1_TrustRid-#0-gcs.csv,TrustRID,nmac_benign_spoofer_total,86.75,0.0
Scenario_Corners_4x1_TrustRid-#0-gcs.csv,TrustRID,nmac_benign_spoofer_total,87.0,0.0
Scenario_Corners_4x1_TrustRid-#0-gcs.csv,TrustRID,nmac_benign_spoofer_total,87.25,0.0
Scenario_Corners_4x1_TrustRid-#0-gcs.csv,TrustRID,nmac_benign_spoofer_total,87.5,0.0
Scenario_Corners_4x1_TrustRid-#0-gcs.csv,TrustRID,nmac_benign_spoofer_total,87.75,0.0
Scenario_Corners_4x1_TrustRid-#0-gcs.csv,TrustRID,nmac_benign_spoofer_total,88.0,0.0
Scenario_Corners_4x1_TrustRid-#0-gcs.csv,TrustRID,nmac_benign_spoofer_total,88.25,0.0
Scenario_Corners_4x1_TrustRid-#0-gcs.csv,TrustRID,nmac_benign_spoofer_total,88.5,0.0
Scenario_Corners_4x1_TrustRid-#0-gcs.csv,TrustRID,nmac_benign_spoofer_total,88.75,0.0
Scenario_Corners_4x1_TrustRid-#0-gcs.csv,TrustRID,nmac_benign_spoofer_total,89.0,0.0
Scenario_Corners_4x1_TrustRid-#0-gcs.csv,TrustRID,nmac_benign_spoofer_total,89.25,0.0
Scenario_Corners_4x1_TrustRid-#0-gcs.csv,TrustRID,nmac_benign_spoofer_total,89.5,0.0
Scenario_Corners_4x1_TrustRid-#0-gcs.csv,TrustRID,nmac_benign_spoofer_total,89.75,0.0
Scenario_Corners_4x1_TrustRid-#0-gcs.csv,TrustRID,nmac_benign_spoofer_total,90.0,0.0
Scenario_Corners_4x1_TrustRid-#0-gcs.csv,TrustRID,nmac_benign_spoofer_total,90.25,0.0
Scenario_Corners_4x1_TrustRid-#0-gcs.csv,TrustRID,nmac_benign_spoofer_total,90.5,0.0
Scenario_Corners_4x1_TrustRid-#0-gcs.csv,TrustRID,nmac_benign_spoofer_total,90.75,0.0
Scenario_Corners_4x1_TrustRid-#0-gcs.csv,TrustRID,nmac_benign_spoofer_total,91.0,0.0
Scenario_Corners_4x1_TrustRid-#0-gcs.csv,TrustRID,nmac_benign_spoofer_total,91.25,0.0
Scenario_Corners_4x1_TrustRid-#0-gcs.csv,TrustRID,nmac_benign_spoofer_total,91.5,0.0
Scenario_Corners_4x1_TrustRid-#0-gcs.csv,TrustRID,nmac_benign_spoofer_total,91.75,0.0
Scenario_Corners_4x1_TrustRid-#0-gcs.csv,TrustRID,nmac_benign_spoofer_total,92.0,0.0
Scenario_Corners_4x1_TrustRid-#0-gcs.csv,TrustRID,nmac_benign_spoofer_total,92.25,0.0
Scenario_Corners_4x1_TrustRid-#0-gcs.csv,TrustRID,nmac_benign_spoofer_total,92.5,0.0
Scenario_Corners_4x1_TrustRid-#0-gcs.csv,TrustRID,nmac_benign_spoofer_total,92.75,0.0
Scenario_Corners_4x1_TrustRid-#0-gcs.csv,TrustRID,nmac_benign_spoofer_total,93.0,0.0
Scenario_Corners_4x1_TrustRid-#0-gcs.csv,TrustRID,nmac_benign_spoofer_total,93.25,0.0
Scenario_Corners_4x1_TrustRid-#0-gcs.csv,TrustRID,nmac_benign_spoofer_total,93.5,0.0
Scenario_Corners_4x1_TrustRid-#0-gcs.csv,TrustRID,nmac_benign_spoofer_total,93.75,0.0
Scenario_Corners_4x1_TrustRid-#0-gcs.csv,TrustRID,nmac_benign_spoofer_total,94.0,0.0
Scenario_Corners_4x1_TrustRid-#0-gcs.csv,TrustRID,nmac_benign_spoofer_total,94.25,0.0
Scenario_Corners_4x1_TrustRid-#0-gcs.csv,TrustRID,nmac_benign_spoofer_total,94.5,0.0
Scenario_Corners_4x1_TrustRid-#0-gcs.csv,TrustRID,nmac_benign_spoofer_total,94.75,0.0
Scenario_Corners_4x1_TrustRid-#0-gcs.csv,TrustRID,nmac_benign_spoofer_total,95.0,0.0
Scenario_Corners_4x1_TrustRid-#0-gcs.csv,TrustRID,nmac_benign_spoofer_total,95.25,0.0
Scenario_Corners_4x1_TrustRid-#0-gcs.csv,TrustRID,nmac_benign_spoofer_total,95.5,0.0
Scenario_Corners_4x1_TrustRid-#0-gcs.csv,TrustRID,nmac_benign_spoofer_total,95.75,0.0
Scenario_Corners_4x1_TrustRid-#0-gcs.csv,TrustRID,nmac_benign_spoofer_total,96.0,0.0
Scenario_Corners_4x1_TrustRid-#0-gcs.csv,TrustRID,nmac_benign_spoofer_total,96.25,0.0
Scenario_Corners_4x1_TrustRid-#0-gcs.csv,TrustRID,nmac_benign_spoofer_total,96.5,0.0
Scenario_Corners_4x1_TrustRid-#0-gcs.csv,TrustRID,nmac_benign_spoofer_total,96.75,0.0
Scenario_Corners_4x1_TrustRid-#0-gcs.csv,TrustRID,nmac_benign_spoofer_total,97.0,0.0
Scenario_Corners_4x1_TrustRid-#0-gcs.csv,TrustRID,nmac_benign_spoofer_total,97.25,0.0
Scenario_Corners_4x1_TrustRid-#0-gcs.csv,TrustRID,nmac_benign_spoofer_total,97.5,0.0
Scenario_Corners_4x1_TrustRid-#0-gcs.csv,TrustRID,nmac_benign_spoofer_total,97.75,0.0
Scenario_Corners_4x1_TrustRid-#0-gcs.csv,TrustRID,nmac_benign_spoofer_total,98.0,0.0
Scenario_Corners_4x1_TrustRid-#0-gcs.csv,TrustRID,nmac_benign_spoofer_total,98.25,0.0
Scenario_Corners_4x1_TrustRid-#0-gcs.csv,TrustRID,nmac_benign_spoofer_total,98.5,0.0
Scenario_Corners_4x1_TrustRid-#0-gcs.csv,TrustRID,nmac_benign_spoofer_total,98.75,0.0
Scenario_Corners_4x1_TrustRid-#0-gcs.csv,TrustRID,nmac_benign_spoofer_total,99.0,0.0
Scenario_Corners_4x1_TrustRid-#0-gcs.csv,TrustRID,nmac_benign_spoofer_total,99.25,0.0
Scenario_Corners_4x1_TrustRid-#0-gcs.csv,TrustRID,nmac_benign_spoofer_total,99.5,0.0
Scenario_Corners_4x1_TrustRid-#0-gcs.csv,TrustRID,nmac_benign_spoofer_total,99.75,0.0
Scenario_Corners_4x1_TrustRid-#0-gcs.csv,TrustRID,nmac_benign_spoofer_total,100.0,0.0
Scenario_Corners_4x1_TrustRid-#0-gcs.csv,TrustRID,nmac_proximity_total,0.25,0.0
Scenario_Corners_4x1_TrustRid-#0-gcs.csv,TrustRID,nmac_proximity_total,0.5,0.0
Scenario_Corners_4x1_TrustRid-#0-gcs.csv,TrustRID,nmac_proximity_total,0.75,0.0
Scenario_Corners_4x1_TrustRid-#0-gcs.csv,TrustRID,nmac_proximity_total,1.0,0.0
Scenario_Corners_4x1_TrustRid-#0-gcs.csv,TrustRID,nmac_proximity_total,1.25,0.0
Scenario_Corners_4x1_TrustRid-#0-gcs.csv,TrustRID,nmac_proximity_total,1.5,0.0
Scenario_Corners_4x1_TrustRid-#0-gcs.csv,TrustRID,nmac_proximity_total,1.75,0.0
Scenario_Corners_4x1_TrustRid-#0-gcs.csv,TrustRID,nmac_proximity_total,2.0,0.0
Scenario_Corners_4x1_TrustRid-#0-gcs.csv,TrustRID,nmac_proximity_total,2.25,0.0
Scenario_Corners_4x1_TrustRid-#0-gcs.csv,TrustRID,nmac_proximity_total,2.5,0.0
Scenario_Corners_4x1_TrustRid-#0-gcs.csv,TrustRID,nmac_proximity_total,2.75,0.0
Scenario_Corners_4x1_TrustRid-#0-gcs.csv,TrustRID,nmac_proximity_total,3.0,0.0
Scenario_Corners_4x1_TrustRid-#0-gcs.csv,TrustRID,nmac_proximity_total,3.25,0.0
Scenario_Corners_4x1_TrustRid-#0-gcs.csv,TrustRID,nmac_proximity_total,3.5,0.0
Scenario_Corners_4x1_TrustRid-#0-gcs.csv,TrustRID,nmac_proximity_total,3.75,0.0
Scenario_Corners_4x1_TrustRid-#0-gcs.csv,TrustRID,nmac_proximity_total,4.0,0.0
Scenario_Corners_4x1_TrustRid-#0-gcs.csv,TrustRID,nmac_proximity_total,4.25,0.0
Scenario_Corners_4x1_TrustRid-#0-gcs.csv,TrustRID,nmac_proximity_total,4.5,0.0
Scenario_Corners_4x1_TrustRid-#0-gcs.csv,TrustRID,nmac_proximity_total,4.75,0.0
Scenario_Corners_4x1_TrustRid-#0-gcs.csv,TrustRID,nmac_proximity_total,5.0,0.0
Scenario_Corners_4x1_TrustRid-#0-gcs.csv,TrustRID,nmac_proximity_total,5.25,0.0
Scenario_Corners_4x1_TrustRid-#0-gcs.csv,TrustRID,nmac_proximity_total,5.5,0.0
Scenario_Corners_4x1_TrustRid-#0-gcs.csv,TrustRID,nmac_proximity_total,5.75,0.0
Scenario_Corners_4x1_TrustRid-#0-gcs.csv,TrustRID,nmac_proximity_total,6.0,0.0
Scenario_Corners_4x1_TrustRid-#0-gcs.csv,TrustRID,nmac_proximity_total,6.25,0.0
Scenario_Corners_4x1_TrustRid-#0-gcs.csv,TrustRID,nmac_proximity_total,6.5,0.0
Scenario_Corners_4x1_TrustRid-#0-gcs.csv,TrustRID,nmac_proximity_total,6.75,0.0
Scenario_Corners_4x1_TrustRid-#0-gcs.csv,TrustRID,nmac_proximity_total,7.0,0.0
Scenario_Corners_4x1_TrustRid-#0-gcs.csv,TrustRID,nmac_proximity_total,7.25,0.0
Scenario_Corners_4x1_TrustRid-#0-gcs.csv,TrustRID,nmac_proximity_total,7.5,0.0
Scenario_Corners_4x1_TrustRid-#0-gcs.csv,TrustRID,nmac_proximity_total,7.75,0.0
Scenario_Corners_4x1_TrustRid-#0-gcs.csv,TrustRID,nmac_proximity_total,8.0,0.0
Scenario_Corners_4x1_TrustRid-#0-gcs.csv,TrustRID,nmac_proximity_total,8.25,0.0
Scenario_Corners_4x1_TrustRid-#0-gcs.csv,TrustRID,nmac_proximity_total,8.5,0.0
Scenario_Corners_4x1_TrustRid-#0-gcs.csv,TrustRID,nmac_proximity_total,8.75,0.0
Scenario_Corners_4x1_TrustRid-#0-gcs.csv,TrustRID,nmac_proximity_total,9.0,0.0
Scenario_Corners_4x1_TrustRid-#0-gcs.csv,TrustRID,nmac_proximity_total,9.25,0.0
Scenario_Corners_4x1_TrustRid-#0-gcs.csv,TrustRID,nmac_proximity_total,9.5,0.0
Scenario_Corners_4x1_TrustRid-#0-gcs.csv,TrustRID,nmac_proximity_total,9.75,0.0
Scenario_Corners_4x1_TrustRid-#0-gcs.csv,TrustRID,nmac_proximity_total,10.0,0.0
Scenario_Corners_4x1_TrustRid-#0-gcs.csv,TrustRID,nmac_proximity_total,10.25,0.0
Scenario_Corners_4x1_TrustRid-#0-gcs.csv,TrustRID,nmac_proximity_total,10.5,0.0
Scenario_Corners_4x1_TrustRid-#0-gcs.csv,TrustRID,nmac_proximity_total,10.75,0.0
Scenario_Corners_4x1_TrustRid-#0-gcs.csv,TrustRID,nmac_proximity_total,11.0,0.0
Scenario_Corners_4x1_TrustRid-#0-gcs.csv,TrustRID,nmac_proximity_total,11.25,0.0
Scenario_Corners_4x1_TrustRid-#0-gcs.csv,TrustRID,nmac_proximity_total,11.5,0.0
Scenario_Corners_4x1_TrustRid-#0-gcs.csv,TrustRID,nmac_proximity_total,11.75,0.0
Scenario_Corners_4x1_TrustRid-#0-gcs.csv,TrustRID,nmac_proximity_total,12.0,0.0
Scenario_Corners_4x1_TrustRid-#0-gcs.csv,TrustRID,nmac_proximity_total,12.25,0.0
Scenario_Corners_4x1_TrustRid-#0-gcs.csv,TrustRID,nmac_proximity_total,12.5,0.0
Scenario_Corners_4x1_TrustRid-#0-gcs.csv,TrustRID,nmac_proximity_total,12.75,0.0
Scenario_Corners_4x1_TrustRid-#0-gcs.csv,TrustRID,nmac_proximity_total,13.0,0.0
Scenario_Corners_4x1_TrustRid-#0-gcs.csv,TrustRID,nmac_proximity_total,13.25,0.0
Scenario_Corners_4x1_TrustRid-#0-gcs.csv,TrustRID,nmac_proximity_total,13.5,0.0
Scenario_Corners_4x1_TrustRid-#0-gcs.csv,TrustRID,nmac_proximity_total,13.75,0.0
Scenario_Corners_4x1_TrustRid-#0-gcs.csv,TrustRID,nmac_proximity_total,14.0,0.0
Scenario_Corners_4x1_TrustRid-#0-gcs.csv,TrustRID,nmac_proximity_total,14.25,0.0
Scenario_Corners_4x1_TrustRid-#0-gcs.csv,TrustRID,nmac_proximity_total,14.5,0.0
Scenario_Corners_4x1_TrustRid-#0-gcs.csv,TrustRID,nmac_proximity_total,14.75,0.0
Scenario_Corners_4x1_TrustRid-#0-gcs.csv,TrustRID,nmac_proximity_total,15.0,0.0
Scenario_Corners_4x1_TrustRid-#0-gcs.csv,TrustRID,nmac_proximity_total,15.25,0.0
Scenario_Corners_4x1_TrustRid-#0-gcs.csv,TrustRID,nmac_proximity_total,15.5,0.0
Scenario_Corners_4x1_TrustRid-#0-gcs.csv,TrustRID,nmac_proximity_total,15.75,0.0
Scenario_Corners_4x1_TrustRid-#0-gcs.csv,TrustRID,nmac_proximity_total,16.0,0.0
Scenario_Corners_4x1_TrustRid-#0-gcs.csv,TrustRID,nmac_proximity_total,16.25,0.0
Scenario_Corners_4x1_TrustRid-#0-gcs.csv,TrustRID,nmac_proximity_total,16.5,0.0
Scenario_Corners_4x1_TrustRid-#0-gcs.csv,TrustRID,nmac_proximity_total,16.75,0.0
Scenario_Corners_4x1_TrustRid-#0-gcs.csv,TrustRID,nmac_proximity_total,17.0,0.0
Scenario_Corners_4x1_TrustRid-#0-gcs.csv,TrustRID,nmac_proximity_total,17.25,0.0
Scenario_Corners_4x1_TrustRid-#0-gcs.csv,TrustRID,nmac_proximity_total,17.5,0.0
Scenario_Corners_4x1_TrustRid-#0-gcs.csv,TrustRID,nmac_proximity_total,17.75,0.0
Scenario_Corners_4x1_TrustRid-#0-gcs.csv,TrustRID,nmac_proximity_total,18.0,0.0
Scenario_Corners_4x1_TrustRid-#0-gcs.csv,TrustRID,nmac_proximity_total,18.25,0.0
Scenario_Corners_4x1_TrustRid-#0-gcs.csv,TrustRID,nmac_proximity_total,18.5,0.0
Scenario_Corners_4x1_TrustRid-#0-gcs.csv,TrustRID,nmac_proximity_total,18.75,0.0
Scenario_Corners_4x1_TrustRid-#0-gcs.csv,TrustRID,nmac_proximity_total,19.0,0.0
Scenario_Corners_4x1_TrustRid-#0-gcs.csv,TrustRID,nmac_proximity_total,19.25,0.0
Scenario_Corners_4x1_TrustRid-#0-gcs.csv,TrustRID,nmac_proximity_total,19.5,0.0
Scenario_Corners_4x1_TrustRid-#0-gcs.csv,TrustRID,nmac_proximity_total,19.75,0.0
Scenario_Corners_4x1_TrustRid-#0-gcs.csv,TrustRID,nmac_proximity_total,20.0,0.0
Scenario_Corners_4x1_TrustRid-#0-gcs.csv,TrustRID,nmac_proximity_total,20.25,0.0
Scenario_Corners_4x1_TrustRid-#0-gcs.csv,TrustRID,nmac_proximity_total,20.5,0.0
Scenario_Corners_4x1_TrustRid-#0-gcs.csv,TrustRID,nmac_proximity_total,20.75,0.0
Scenario_Corners_4x1_TrustRid-#0-gcs.csv,TrustRID,nmac_proximity_total,21.0,0.0
Scenario_Corners_4x1_TrustRid-#0-gcs.csv,TrustRID,nmac_proximity_total,21.25,0.0
Scenario_Corners_4x1_TrustRid-#0-gcs.csv,TrustRID,nmac_proximity_total,21.5,0.0
Scenario_Corners_4x1_TrustRid-#0-gcs.csv,TrustRID,nmac_proximity_total,21.75,0.0
Scenario_Corners_4x1_TrustRid-#0-gcs.csv,TrustRID,nmac_proximity_total,22.0,0.0
Scenario_Corners_4x1_TrustRid-#0-gcs.csv,TrustRID,nmac_proximity_total,22.25,0.0
Scenario_Corners_4x1_TrustRid-#0-gcs.csv,TrustRID,nmac_proximity_total,22.5,0.0
Scenario_Corners_4x1_TrustRid-#0-gcs.csv,TrustRID,nmac_proximity_total,22.75,0.0
Scenario_Corners_4x1_TrustRid-#0-gcs.csv,TrustRID,nmac_proximity_total,23.0,0.0
Scenario_Corners_4x1_TrustRid-#0-gcs.csv,TrustRID,nmac_proximity_total,23.25,0.0
Scenario_Corners_4x1_TrustRid-#0-gcs.csv,TrustRID,nmac_proximity_total,23.5,0.0
Scenario_Corners_4x1_TrustRid-#0-gcs.csv,TrustRID,nmac_proximity_total,23.75,0.0
Scenario_Corners_4x1_TrustRid-#0-gcs.csv,TrustRID,nmac_proximity_total,24.0,0.0
Scenario_Corners_4x1_TrustRid-#0-gcs.csv,TrustRID,nmac_proximity_total,24.25,0.0
Scenario_Corners_4x1_TrustRid-#0-gcs.csv,TrustRID,nmac_proximity_total,24.5,0.0
Scenario_Corners_4x1_TrustRid-#0-gcs.csv,TrustRID,nmac_proximity_total,24.75,0.0
Scenario_Corners_4x1_TrustRid-#0-gcs.csv,TrustRID,nmac_proximity_total,25.0,0.0
Scenario_Corners_4x1_TrustRid-#0-gcs.csv,TrustRID,nmac_proximity_total,25.25,0.0
Scenario_Corners_4x1_TrustRid-#0-gcs.csv,TrustRID,nmac_proximity_total,25.5,0.0
Scenario_Corners_4x1_TrustRid-#0-gcs.csv,TrustRID,nmac_proximity_total,25.75,0.0
Scenario_Corners_4x1_TrustRid-#0-gcs.csv,TrustRID,nmac_proximity_total,26.0,0.0
Scenario_Corners_4x1_TrustRid-#0-gcs.csv,TrustRID,nmac_proximity_total,26.25,0.0
Scenario_Corners_4x1_TrustRid-#0-gcs.csv,TrustRID,nmac_proximity_total,26.5,0.0
Scenario_Corners_4x1_TrustRid-#0-gcs.csv,TrustRID,nmac_proximity_total,26.75,0.0
Scenario_Corners_4x1_TrustRid-#0-gcs.csv,TrustRID,nmac_proximity_total,27.0,0.0
Scenario_Corners_4x1_TrustRid-#0-gcs.csv,TrustRID,nmac_proximity_total,27.25,0.0
Scenario_Corners_4x1_TrustRid-#0-gcs.csv,TrustRID,nmac_proximity_total,27.5,0.0
Scenario_Corners_4x1_TrustRid-#0-gcs.csv,TrustRID,nmac_proximity_total,27.75,0.0
Scenario_Corners_4x1_TrustRid-#0-gcs.csv,TrustRID,nmac_proximity_total,28.0,0.0
Scenario_Corners_4x1_TrustRid-#0-gcs.csv,TrustRID,nmac_proximity_total,28.25,0.0
Scenario_Corners_4x1_TrustRid-#0-gcs.csv,TrustRID,nmac_proximity_total,28.5,0.0
Scenario_Corners_4x1_TrustRid-#0-gcs.csv,TrustRID,nmac_proximity_total,28.75,0.0
Scenario_Corners_4x1_TrustRid-#0-gcs.csv,TrustRID,nmac_proximity_total,29.0,0.0
Scenario_Corners_4x1_TrustRid-#0-gcs.csv,TrustRID,nmac_proximity_total,29.25,0.0
Scenario_Corners_4x1_TrustRid-#0-gcs.csv,TrustRID,nmac_proximity_total,29.5,0.0
Scenario_Corners_4x1_TrustRid-#0-gcs.csv,TrustRID,nmac_proximity_total,29.75,0.0
Scenario_Corners_4x1_TrustRid-#0-gcs.csv,TrustRID,nmac_proximity_total,30.0,0.0
Scenario_Corners_4x1_TrustRid-#0-gcs.csv,TrustRID,nmac_proximity_total,30.25,0.0
Scenario_Corners_4x1_TrustRid-#0-gcs.csv,TrustRID,nmac_proximity_total,30.5,0.0
Scenario_Corners_4x1_TrustRid-#0-gcs.csv,TrustRID,nmac_proximity_total,30.75,0.0
Scenario_Corners_4x1_TrustRid-#0-gcs.csv,TrustRID,nmac_proximity_total,31.0,0.0
Scenario_Corners_4x1_TrustRid-#0-gcs.csv,TrustRID,nmac_proximity_total,31.25,0.0
Scenario_Corners_4x1_TrustRid-#0-gcs.csv,TrustRID,nmac_proximity_total,31.5,0.0
Scenario_Corners_4x1_TrustRid-#0-gcs.csv,TrustRID,nmac_proximity_total,31.75,0.0
Scenario_Corners_4x1_TrustRid-#0-gcs.csv,TrustRID,nmac_proximity_total,32.0,0.0
Scenario_Corners_4x1_TrustRid-#0-gcs.csv,TrustRID,nmac_proximity_total,32.25,0.0
Scenario_Corners_4x1_TrustRid-#0-gcs.csv,TrustRID,nmac_proximity_total,32.5,0.0
Scenario_Corners_4x1_TrustRid-#0-gcs.csv,TrustRID,nmac_proximity_total,32.75,0.0
Scenario_Corners_4x1_TrustRid-#0-gcs.csv,TrustRID,nmac_proximity_total,33.0,0.0
Scenario_Corners_4x1_TrustRid-#0-gcs.csv,TrustRID,nmac_proximity_total,33.25,0.0
Scenario_Corners_4x1_TrustRid-#0-gcs.csv,TrustRID,nmac_proximity_total,33.5,0.0
Scenario_Corners_4x1_TrustRid-#0-gcs.csv,TrustRID,nmac_proximity_total,33.75,0.0
Scenario_Corners_4x1_TrustRid-#0-gcs.csv,TrustRID,nmac_proximity_total,34.0,0.0
Scenario_Corners_4x1_TrustRid-#0-gcs.csv,TrustRID,nmac_proximity_total,34.25,0.0
Scenario_Corners_4x1_TrustRid-#0-gcs.csv,TrustRID,nmac_proximity_total,34.5,0.0
Scenario_Corners_4x1_TrustRid-#0-gcs.csv,TrustRID,nmac_proximity_total,34.75,0.0
Scenario_Corners_4x1_TrustRid-#0-gcs.csv,TrustRID,nmac_proximity_total,35.0,0.0
Scenario_Corners_4x1_TrustRid-#0-gcs.csv,TrustRID,nmac_proximity_total,35.25,0.0
Scenario_Corners_4x1_TrustRid-#0-gcs.csv,TrustRID,nmac_proximity_total,35.5,0.0
Scenario_Corners_4x1_TrustRid-#0-gcs.csv,TrustRID,nmac_proximity_total,35.75,0.0
Scenario_Corners_4x1_TrustRid-#0-gcs.csv,TrustRID,nmac_proximity_total,36.0,0.0
Scenario_Corners_4x1_TrustRid-#0-gcs.csv,TrustRID,nmac_proximity_total,36.25,0.0
Scenario_Corners_4x1_TrustRid-#0-gcs.csv,TrustRID,nmac_proximity_total,36.5,0.0
Scenario_Corners_4x1_TrustRid-#0-gcs.csv,TrustRID,nmac_proximity_total,36.75,0.0
Scenario_Corners_4x1_TrustRid-#0-gcs.csv,TrustRID,nmac_proximity_total,37.0,0.0
Scenario_Corners_4x1_TrustRid-#0-gcs.csv,TrustRID,nmac_proximity_total,37.25,0.0
Scenario_Corners_4x1_TrustRid-#0-gcs.csv,TrustRID,nmac_proximity_total,37.5,0.0
Scenario_Corners_4x1_TrustRid-#0-gcs.csv,TrustRID,nmac_proximity_total,37.75,0.0
Scenario_Corners_4x1_TrustRid-#0-gcs.csv,TrustRID,nmac_proximity_total,38.0,0.0
Scenario_Corners_4x1_TrustRid-#0-gcs.csv,TrustRID,nmac_proximity_total,38.25,0.0
Scenario_Corners_4x1_TrustRid-#0-gcs.csv,TrustRID,nmac_proximity_total,38.5,0.0
Scenario_Corners_4x1_TrustRid-#0-gcs.csv,TrustRID,nmac_proximity_total,38.75,0.0
Scenario_Corners_4x1_TrustRid-#0-gcs.csv,TrustRID,nmac_proximity_total,39.0,0.0
Scenario_Corners_4x1_TrustRid-#0-gcs.csv,TrustRID,nmac_proximity_total,39.25,0.0
Scenario_Corners_4x1_TrustRid-#0-gcs.csv,TrustRID,nmac_proximity_total,39.5,0.0
Scenario_Corners_4x1_TrustRid-#0-gcs.csv,TrustRID,nmac_proximity_total,39.75,0.0
Scenario_Corners_4x1_TrustRid-#0-gcs.csv,TrustRID,nmac_proximity_total,40.0,0.0
Scenario_Corners_4x1_TrustRid-#0-gcs.csv,TrustRID,nmac_proximity_total,40.25,0.0
Scenario_Corners_4x1_TrustRid-#0-gcs.csv,TrustRID,nmac_proximity_total,40.5,0.0
Scenario_Corners_4x1_TrustRid-#0-gcs.csv,TrustRID,nmac_proximity_total,40.75,0.0
Scenario_Corners_4x1_TrustRid-#0-gcs.csv,TrustRID,nmac_proximity_total,41.0,0.0
Scenario_Corners_4x1_TrustRid-#0-gcs.csv,TrustRID,nmac_proximity_total,41.25,0.0
Scenario_Corners_4x1_TrustRid-#0-gcs.csv,TrustRID,nmac_proximity_total,41.5,0.0
Scenario_Corners_4x1_TrustRid-#0-gcs.csv,TrustRID,nmac_proximity_total,41.75,0.0
Scenario_Corners_4x1_TrustRid-#0-gcs.csv,TrustRID,nmac_proximity_total,42.0,0.0
Scenario_Corners_4x1_TrustRid-#0-gcs.csv,TrustRID,nmac_proximity_total,42.25,0.0
Scenario_Corners_4x1_TrustRid-#0-gcs.csv,TrustRID,nmac_proximity_total,42.5,0.0
Scenario_Corners_4x1_TrustRid-#0-gcs.csv,TrustRID,nmac_proximity_total,42.75,0.0
Scenario_Corners_4x1_TrustRid-#0-gcs.csv,TrustRID,nmac_proximity_total,43.0,0.0
Scenario_Corners_4x1_TrustRid-#0-gcs.csv,TrustRID,nmac_proximity_total,43.25,0.0
Scenario_Corners_4x1_TrustRid-#0-gcs.csv,TrustRID,nmac_proximity_total,43.5,0.0
Scenario_Corners_4x1_TrustRid-#0-gcs.csv,TrustRID,nmac_proximity_total,43.75,0.0
Scenario_Corners_4x1_TrustRid-#0-gcs.csv,TrustRID,nmac_proximity_total,44.0,0.0
Scenario_Corners_4x1_TrustRid-#0-gcs.csv,TrustRID,nmac_proximity_total,44.25,0.0
Scenario_Corners_4x1_TrustRid-#0-gcs.csv,TrustRID,nmac_proximity_total,44.5,0.0
Scenario_Corners_4x1_TrustRid-#0-gcs.csv,TrustRID,nmac_proximity_total,44.75,0.0
Scenario_Corners_4x1_TrustRid-#0-gcs.csv,TrustRID,nmac_proximity_total,45.0,0.0
Scenario_Corners_4x1_TrustRid-#0-gcs.csv,TrustRID,nmac_proximity_total,45.25,0.0
Scenario_Corners_4x1_TrustRid-#0-gcs.csv,TrustRID,nmac_proximity_total,45.5,0.0
Scenario_Corners_4x1_TrustRid-#0-gcs.csv,TrustRID,nmac_proximity_total,45.75,0.0
Scenario_Corners_4x1_TrustRid-#0-gcs.csv,TrustRID,nmac_proximity_total,46.0,0.0
Scenario_Corners_4x1_TrustRid-#0-gcs.csv,TrustRID,nmac_proximity_total,46.25,0.0
Scenario_Corners_4x1_TrustRid-#0-gcs.csv,TrustRID,nmac_proximity_total,46.5,0.0
Scenario_Corners_4x1_TrustRid-#0-gcs.csv,TrustRID,nmac_proximity_total,46.75,0.0
Scenario_Corners_4x1_TrustRid-#0-gcs.csv,TrustRID,nmac_proximity_total,47.0,0.0
Scenario_Corners_4x1_TrustRid-#0-gcs.csv,TrustRID,nmac_proximity_total,47.25,0.0
Scenario_Corners_4x1_TrustRid-#0-gcs.csv,TrustRID,nmac_proximity_total,47.5,0.0
Scenario_Corners_4x1_TrustRid-#0-gcs.csv,TrustRID,nmac_proximity_total,47.75,0.0
Scenario_Corners_4x1_TrustRid-#0-gcs.csv,TrustRID,nmac_proximity_total,48.0,0.0
Scenario_Corners_4x1_TrustRid-#0-gcs.csv,TrustRID,nmac_proximity_total,48.25,0.0
Scenario_Corners_4x1_TrustRid-#0-gcs.csv,TrustRID,nmac_proximity_total,48.5,0.0
Scenario_Corners_4x1_TrustRid-#0-gcs.csv,TrustRID,nmac_proximity_total,48.75,0.0
Scenario_Corners_4x1_TrustRid-#0-gcs.csv,TrustRID,nmac_proximity_total,49.0,0.0
Scenario_Corners_4x1_TrustRid-#0-gcs.csv,TrustRID,nmac_proximity_total,49.25,0.0
Scenario_Corners_4x1_TrustRid-#0-gcs.csv,TrustRID,nmac_proximity_total,49.5,0.0
Scenario_Corners_4x1_TrustRid-#0-gcs.csv,TrustRID,nmac_proximity_total,49.75,0.0
Scenario_Corners_4x1_TrustRid-#0-gcs.csv,TrustRID,nmac_proximity_total,50.0,0.0
Scenario_Corners_4x1_TrustRid-#0-gcs.csv,TrustRID,nmac_proximity_total,50.25,0.0
Scenario_Corners_4x1_TrustRid-#0-gcs.csv,TrustRID,nmac_proximity_total,50.5,0.0
Scenario_Corners_4x1_TrustRid-#0-gcs.csv,TrustRID,nmac_proximity_total,50.75,0.0
Scenario_Corners_4x1_TrustRid-#0-gcs.csv,TrustRID,nmac_proximity_total,51.0,0.0
Scenario_Corners_4x1_TrustRid-#0-gcs.csv,TrustRID,nmac_proximity_total,51.25,0.0
Scenario_Corners_4x1_TrustRid-#0-gcs.csv,TrustRID,nmac_proximity_total,51.5,0.0
Scenario_Corners_4x1_TrustRid-#0-gcs.csv,TrustRID,nmac_proximity_total,51.75,0.0
Scenario_Corners_4x1_TrustRid-#0-gcs.csv,TrustRID,nmac_proximity_total,52.0,0.0
Scenario_Corners_4x1_TrustRid-#0-gcs.csv,TrustRID,nmac_proximity_total,52.25,0.0
Scenario_Corners_4x1_TrustRid-#0-gcs.csv,TrustRID,nmac_proximity_total,52.5,0.0
Scenario_Corners_4x1_TrustRid-#0-gcs.csv,TrustRID,nmac_proximity_total,52.75,0.0
Scenario_Corners_4x1_TrustRid-#0-gcs.csv,TrustRID,nmac_proximity_total,53.0,0.0
Scenario_Corners_4x1_TrustRid-#0-gcs.csv,TrustRID,nmac_proximity_total,53.25,0.0
Scenario_Corners_4x1_TrustRid-#0-gcs.csv,TrustRID,nmac_proximity_total,53.5,0.0
Scenario_Corners_4x1_TrustRid-#0-gcs.csv,TrustRID,nmac_proximity_total,53.75,0.0
Scenario_Corners_4x1_TrustRid-#0-gcs.csv,TrustRID,nmac_proximity_total,54.0,0.0
Scenario_Corners_4x1_TrustRid-#0-gcs.csv,TrustRID,nmac_proximity_total,54.25,0.0
Scenario_Corners_4x1_TrustRid-#0-gcs.csv,TrustRID,nmac_proximity_total,54.5,0.0
Scenario_Corners_4x1_TrustRid-#0-gcs.csv,TrustRID,nmac_proximity_total,54.75,0.0
Scenario_Corners_4x1_TrustRid-#0-gcs.csv,TrustRID,nmac_proximity_total,55.0,0.0
Scenario_Corners_4x1_TrustRid-#0-gcs.csv,TrustRID,nmac_proximity_total,55.25,0.0
Scenario_Corners_4x1_TrustRid-#0-gcs.csv,TrustRID,nmac_proximity_total,55.5,0.0
Scenario_Corners_4x1_TrustRid-#0-gcs.csv,TrustRID,nmac_proximity_total,55.75,0.0
Scenario_Corners_4x1_TrustRid-#0-gcs.csv,TrustRID,nmac_proximity_total,56.0,0.0
Scenario_Corners_4x1_TrustRid-#0-gcs.csv,TrustRID,nmac_proximity_total,56.25,0.0
Scenario_Corners_4x1_TrustRid-#0-gcs.csv,TrustRID,nmac_proximity_total,56.5,0.0
Scenario_Corners_4x1_TrustRid-#0-gcs.csv,TrustRID,nmac_proximity_total,56.75,0.0
Scenario_Corners_4x1_TrustRid-#0-gcs.csv,TrustRID,nmac_proximity_total,57.0,0.0
Scenario_Corners_4x1_TrustRid-#0-gcs.csv,TrustRID,nmac_proximity_total,57.25,0.0
Scenario_Corners_4x1_TrustRid-#0-gcs.csv,TrustRID,nmac_proximity_total,57.5,0.0
Scenario_Corners_4x1_TrustRid-#0-gcs.csv,TrustRID,nmac_proximity_total,57.75,0.0
Scenario_Corners_4x1_TrustRid-#0-gcs.csv,TrustRID,nmac_proximity_total,58.0,0.0
Scenario_Corners_4x1_TrustRid-#0-gcs.csv,TrustRID,nmac_proximity_total,58.25,0.0
Scenario_Corners_4x1_TrustRid-#0-gcs.csv,TrustRID,nmac_proximity_total,58.5,0.0
Scenario_Corners_4x1_TrustRid-#0-gcs.csv,TrustRID,nmac_proximity_total,58.75,0.0
Scenario_Corners_4x1_TrustRid-#0-gcs.csv,TrustRID,nmac_proximity_total,59.0,0.0
Scenario_Corners_4x1_TrustRid-#0-gcs.csv,TrustRID,nmac_proximity_total,59.25,0.0
Scenario_Corners_4x1_TrustRid-#0-gcs.csv,TrustRID,nmac_proximity_total,59.5,0.0
Scenario_Corners_4x1_TrustRid-#0-gcs.csv,TrustRID,nmac_proximity_total,59.75,0.0
Scenario_Corners_4x1_TrustRid-#0-gcs.csv,TrustRID,nmac_proximity_total,60.0,0.0
Scenario_Corners_4x1_TrustRid-#0-gcs.csv,TrustRID,nmac_proximity_total,60.25,0.0
Scenario_Corners_4x1_TrustRid-#0-gcs.csv,TrustRID,nmac_proximity_total,60.5,0.0
Scenario_Corners_4x1_TrustRid-#0-gcs.csv,TrustRID,nmac_proximity_total,60.75,0.0
Scenario_Corners_4x1_TrustRid-#0-gcs.csv,TrustRID,nmac_proximity_total,61.0,0.0
Scenario_Corners_4x1_TrustRid-#0-gcs.csv,TrustRID,nmac_proximity_total,61.25,0.0
Scenario_Corners_4x1_TrustRid-#0-gcs.csv,TrustRID,nmac_proximity_total,61.5,0.0
Scenario_Corners_4x1_TrustRid-#0-gcs.csv,TrustRID,nmac_proximity_total,61.75,0.0
Scenario_Corners_4x1_TrustRid-#0-gcs.csv,TrustRID,nmac_proximity_total,62.0,0.0
Scenario_Corners_4x1_TrustRid-#0-gcs.csv,TrustRID,nmac_proximity_total,62.25,0.0
Scenario_Corners_4x1_TrustRid-#0-gcs.csv,TrustRID,nmac_proximity_total,62.5,0.0
Scenario_Corners_4x1_TrustRid-#0-gcs.csv,TrustRID,nmac_proximity_total,62.75,0.0
Scenario_Corners_4x1_TrustRid-#0-gcs.csv,TrustRID,nmac_proximity_total,63.0,0.0
Scenario_Corners_4x1_TrustRid-#0-gcs.csv,TrustRID,nmac_proximity_total,63.25,0.0
Scenario_Corners_4x1_TrustRid-#0-gcs.csv,TrustRID,nmac_proximity_total,63.5,0.0
Scenario_Corners_4x1_TrustRid-#0-gcs.csv,TrustRID,nmac_proximity_total,63.75,0.0
Scenario_Corners_4x1_TrustRid-#0-gcs.csv,TrustRID,nmac_proximity_total,64.0,0.0
Scenario_Corners_4x1_TrustRid-#0-gcs.csv,TrustRID,nmac_proximity_total,64.25,0.0
Scenario_Corners_4x1_TrustRid-#0-gcs.csv,TrustRID,nmac_proximity_total,64.5,0.0
Scenario_Corners_4x1_TrustRid-#0-gcs.csv,TrustRID,nmac_proximity_total,64.75,0.0
Scenario_Corners_4x1_TrustRid-#0-gcs.csv,TrustRID,nmac_proximity_total,65.0,0.0
Scenario_Corners_4x1_TrustRid-#0-gcs.csv,TrustRID,nmac_proximity_total,65.25,0.0
Scenario_Corners_4x1_TrustRid-#0-gcs.csv,TrustRID,nmac_proximity_total,65.5,0.0
Scenario_Corners_4x1_TrustRid-#0-gcs.csv,TrustRID,nmac_proximity_total,65.75,0.0
Scenario_Corners_4x1_TrustRid-#0-gcs.csv,TrustRID,nmac_proximity_total,66.0,0.0
Scenario_Corners_4x1_TrustRid-#0-gcs.csv,TrustRID,nmac_proximity_total,66.25,0.0
Scenario_Corners_4x1_TrustRid-#0-gcs.csv,TrustRID,nmac_proximity_total,66.5,0.0
Scenario_Corners_4x1_TrustRid-#0-gcs.csv,TrustRID,nmac_proximity_total,66.75,0.0
Scenario_Corners_4x1_TrustRid-#0-gcs.csv,TrustRID,nmac_proximity_total,67.0,0.0
Scenario_Corners_4x1_TrustRid-#0-gcs.csv,TrustRID,nmac_proximity_total,67.25,0.0
Scenario_Corners_4x1_TrustRid-#0-gcs.csv,TrustRID,nmac_proximity_total,67.5,0.0
Scenario_Corners_4x1_TrustRid-#0-gcs.csv,TrustRID,nmac_proximity_total,67.75,0.0
Scenario_Corners_4x1_TrustRid-#0-gcs.csv,TrustRID,nmac_proximity_total,68.0,0.0
Scenario_Corners_4x1_TrustRid-#0-gcs.csv,TrustRID,nmac_proximity_total,68.25,0.0
Scenario_Corners_4x1_TrustRid-#0-gcs.csv,TrustRID,nmac_proximity_total,68.5,0.0
Scenario_Corners_4x1_TrustRid-#0-gcs.csv,TrustRID,nmac_proximity_total,68.75,0.0
Scenario_Corners_4x1_TrustRid-#0-gcs.csv,TrustRID,nmac_proximity_total,69.0,0.0
Scenario_Corners_4x1_TrustRid-#0-gcs.csv,TrustRID,nmac_proximity_total,69.25,0.0
Scenario_Corners_4x1_TrustRid-#0-gcs.csv,TrustRID,nmac_proximity_total,69.5,0.0
Scenario_Corners_4x1_TrustRid-#0-gcs.csv,TrustRID,nmac_proximity_total,69.75,0.0
Scenario_Corners_4x1_TrustRid-#0-gcs.csv,TrustRID,nmac_proximity_total,70.0,0.0
Scenario_Corners_4x1_TrustRid-#0-gcs.csv,TrustRID,nmac_proximity_total,70.25,0.0
Scenario_Corners_4x1_TrustRid-#0-gcs.csv,TrustRID,nmac_proximity_total,70.5,0.0
Scenario_Corners_4x1_TrustRid-#0-gcs.csv,TrustRID,nmac_proximity_total,70.75,0.0
Scenario_Corners_4x1_TrustRid-#0-gcs.csv,TrustRID,nmac_proximity_total,71.0,0.0
Scenario_Corners_4x1_TrustRid-#0-gcs.csv,TrustRID,nmac_proximity_total,71.25,0.0
Scenario_Corners_4x1_TrustRid-#0-gcs.csv,TrustRID,nmac_proximity_total,71.5,0.0
Scenario_Corners_4x1_TrustRid-#0-gcs.csv,TrustRID,nmac_proximity_total,71.75,0.0
Scenario_Corners_4x1_TrustRid-#0-gcs.csv,TrustRID,nmac_proximity_total,72.0,0.0
Scenario_Corners_4x1_TrustRid-#0-gcs.csv,TrustRID,nmac_proximity_total,72.25,0.0
Scenario_Corners_4x1_TrustRid-#0-gcs.csv,TrustRID,nmac_proximity_total,72.5,0.0
Scenario_Corners_4x1_TrustRid-#0-gcs.csv,TrustRID,nmac_proximity_total,72.75,0.0
Scenario_Corners_4x1_TrustRid-#0-gcs.csv,TrustRID,nmac_proximity_total,73.0,0.0
Scenario_Corners_4x1_TrustRid-#0-gcs.csv,TrustRID,nmac_proximity_total,73.25,0.0
Scenario_Corners_4x1_TrustRid-#0-gcs.csv,TrustRID,nmac_proximity_total,73.5,0.0
Scenario_Corners_4x1_TrustRid-#0-gcs.csv,TrustRID,nmac_proximity_total,73.75,0.0
Scenario_Corners_4x1_TrustRid-#0-gcs.csv,TrustRID,nmac_proximity_total,74.0,0.0
Scenario_Corners_4x1_TrustRid-#0-gcs.csv,TrustRID,nmac_proximity_total,74.25,0.0
Scenario_Corners_4x1_TrustRid-#0-gcs.csv,TrustRID,nmac_proximity_total,74.5,0.0
Scenario_Corners_4x1_TrustRid-#0-gcs.csv,TrustRID,nmac_proximity_total,74.75,0.0
Scenario_Corners_4x1_TrustRid-#0-gcs.csv,TrustRID,nmac_proximity_total,75.0,0.0
Scenario_Corners_4x1_TrustRid-#0-gcs.csv,TrustRID,nmac_proximity_total,75.25,0.0
Scenario_Corners_4x1_TrustRid-#0-gcs.csv,TrustRID,nmac_proximity_total,75.5,0.0
Scenario_Corners_4x1_TrustRid-#0-gcs.csv,TrustRID,nmac_proximity_total,75.75,0.0
Scenario_Corners_4x1_TrustRid-#0-gcs.csv,TrustRID,nmac_proximity_total,76.0,0.0
Scenario_Corners_4x1_TrustRid-#0-gcs.csv,TrustRID,nmac_proximity_total,76.25,0.0
Scenario_Corners_4x1_TrustRid-#0-gcs.csv,TrustRID,nmac_proximity_total,76.5,0.0
Scenario_Corners_4x1_TrustRid-#0-gcs.csv,TrustRID,nmac_proximity_total,76.75,0.0
Scenario_Corners_4x1_TrustRid-#0-gcs.csv,TrustRID,nmac_proximity_total,77.0,0.0
Scenario_Corners_4x1_TrustRid-#0-gcs.csv,TrustRID,nmac_proximity_total,77.25,0.0
Scenario_Corners_4x1_TrustRid-#0-gcs.csv,TrustRID,nmac_proximity_total,77.5,0.0
Scenario_Corners_4x1_TrustRid-#0-gcs.csv,TrustRID,nmac_proximity_total,77.75,0.0
Scenario_Corners_4x1_TrustRid-#0-gcs.csv,TrustRID,nmac_proximity_total,78.0,0.0
Scenario_Corners_4x1_TrustRid-#0-gcs.csv,TrustRID,nmac_proximity_total,78.25,0.0
Scenario_Corners_4x1_TrustRid-#0-gcs.csv,TrustRID,nmac_proximity_total,78.5,0.0
Scenario_Corners_4x1_TrustRid-#0-gcs.csv,TrustRID,nmac_proximity_total,78.75,0.0
Scenario_Corners_4x1_TrustRid-#0-gcs.csv,TrustRID,nmac_proximity_total,79.0,0.0
Scenario_Corners_4x1_TrustRid-#0-gcs.csv,TrustRID,nmac_proximity_total,79.25,0.0
Scenario_Corners_4x1_TrustRid-#0-gcs.csv,TrustRID,nmac_proximity_total,79.5,0.0
Scenario_Corners_4x1_TrustRid-#0-gcs.csv,TrustRID,nmac_proximity_total,79.75,0.0
Scenario_Corners_4x1_TrustRid-#0-gcs.csv,TrustRID,nmac_proximity_total,80.0,0.0
Scenario_Corners_4x1_TrustRid-#0-gcs.csv,TrustRID,nmac_proximity_total,80.25,0.0
Scenario_Corners_4x1_TrustRid-#0-gcs.csv,TrustRID,nmac_proximity_total,80.5,0.0
Scenario_Corners_4x1_TrustRid-#0-gcs.csv,TrustRID,nmac_proximity_total,80.75,0.0
Scenario_Corners_4x1_TrustRid-#0-gcs.csv,TrustRID,nmac_proximity_total,81.0,0.0
Scenario_Corners_4x1_TrustRid-#0-gcs.csv,TrustRID,nmac_proximity_total,81.25,0.0
Scenario_Corners_4x1_TrustRid-#0-gcs.csv,TrustRID,nmac_proximity_total,81.5,0.0
Scenario_Corners_4x1_TrustRid-#0-gcs.csv,TrustRID,nmac_proximity_total,81.75,0.0
Scenario_Corners_4x1_TrustRid-#0-gcs.csv,TrustRID,nmac_proximity_total,82.0,0.0
Scenario_Corners_4x1_TrustRid-#0-gcs.csv,TrustRID,nmac_proximity_total,82.25,0.0
Scenario_Corners_4x1_TrustRid-#0-gcs.csv,TrustRID,nmac_proximity_total,82.5,0.0
Scenario_Corners_4x1_TrustRid-#0-gcs.csv,TrustRID,nmac_proximity_total,82.75,0.0
Scenario_Corners_4x1_TrustRid-#0-gcs.csv,TrustRID,nmac_proximity_total,83.0,0.0
Scenario_Corners_4x1_TrustRid-#0-gcs.csv,TrustRID,nmac_proximity_total,83.25,0.0
Scenario_Corners_4x1_TrustRid-#0-gcs.csv,TrustRID,nmac_proximity_total,83.5,0.0
Scenario_Corners_4x1_TrustRid-#0-gcs.csv,TrustRID,nmac_proximity_total,83.75,0.0
Scenario_Corners_4x1_TrustRid-#0-gcs.csv,TrustRID,nmac_proximity_total,84.0,0.0
Scenario_Corners_4x1_TrustRid-#0-gcs.csv,TrustRID,nmac_proximity_total,84.25,0.0
Scenario_Corners_4x1_TrustRid-#0-gcs.csv,TrustRID,nmac_proximity_total,84.5,0.0
Scenario_Corners_4x1_TrustRid-#0-gcs.csv,TrustRID,nmac_proximity_total,84.75,0.0
Scenario_Corners_4x1_TrustRid-#0-gcs.csv,TrustRID,nmac_proximity_total,85.0,0.0
Scenario_Corners_4x1_TrustRid-#0-gcs.csv,TrustRID,nmac_proximity_total,85.25,0.0
Scenario_Corners_4x1_TrustRid-#0-gcs.csv,TrustRID,nmac_proximity_total,85.5,0.0
Scenario_Corners_4x1_TrustRid-#0-gcs.csv,TrustRID,nmac_proximity_total,85.75,0.0
Scenario_Corners_4x1_TrustRid-#0-gcs.csv,TrustRID,nmac_proximity_total,86.0,0.0
Scenario_Corners_4x1_TrustRid-#0-gcs.csv,TrustRID,nmac_proximity_total,86.25,0.0
Scenario_Corners_4x1_TrustRid-#0-gcs.csv,TrustRID,nmac_proximity_total,86.5,0.0
Scenario_Corners_4x1_TrustRid-#0-gcs.csv,TrustRID,nmac_proximity_total,86.75,0.0
Scenario_Corners_4x1_TrustRid-#0-gcs.csv,TrustRID,nmac_proximity_total,87.0,0.0
Scenario_Corners_4x1_TrustRid-#0-gcs.csv,TrustRID,nmac_proximity_total,87.25,0.0
Scenario_Corners_4x1_TrustRid-#0-gcs.csv,TrustRID,nmac_proximity_total,87.5,0.0
Scenario_Corners_4x1_TrustRid-#0-gcs.csv,TrustRID,nmac_proximity_total,87.75,0.0
Scenario_Corners_4x1_TrustRid-#0-gcs.csv,TrustRID,nmac_proximity_total,88.0,0.0
Scenario_Corners_4x1_TrustRid-#0-gcs.csv,TrustRID,nmac_proximity_total,88.25,0.0
Scenario_Corners_4x1_TrustRid-#0-gcs.csv,TrustRID,nmac_proximity_total,88.5,0.0
Scenario_Corners_4x1_TrustRid-#0-gcs.csv,TrustRID,nmac_proximity_total,88.75,0.0
Scenario_Corners_4x1_TrustRid-#0-gcs.csv,TrustRID,nmac_proximity_total,89.0,0.0
Scenario_Corners_4x1_TrustRid-#0-gcs.csv,TrustRID,nmac_proximity_total,89.25,0.0
Scenario_Corners_4x1_TrustRid-#0-gcs.csv,TrustRID,nmac_proximity_total,89.5,0.0
Scenario_Corners_4x1_TrustRid-#0-gcs.csv,TrustRID,nmac_proximity_total,89.75,0.0
Scenario_Corners_4x1_TrustRid-#0-gcs.csv,TrustRID,nmac_proximity_total,90.0,0.0
Scenario_Corners_4x1_TrustRid-#0-gcs.csv,TrustRID,nmac_proximity_total,90.25,0.0
Scenario_Corners_4x1_TrustRid-#0-gcs.csv,TrustRID,nmac_proximity_total,90.5,0.0
Scenario_Corners_4x1_TrustRid-#0-gcs.csv,TrustRID,nmac_proximity_total,90.75,0.0
Scenario_Corners_4x1_TrustRid-#0-gcs.csv,TrustRID,nmac_proximity_total,91.0,0.0
Scenario_Corners_4x1_TrustRid-#0-gcs.csv,TrustRID,nmac_proximity_total,91.25,0.0
Scenario_Corners_4x1_TrustRid-#0-gcs.csv,TrustRID,nmac_proximity_total,91.5,0.0
Scenario_Corners_4x1_TrustRid-#0-gcs.csv,TrustRID,nmac_proximity_total,91.75,0.0
Scenario_Corners_4x1_TrustRid-#0-gcs.csv,TrustRID,nmac_proximity_total,92.0,0.0
Scenario_Corners_4x1_TrustRid-#0-gcs.csv,TrustRID,nmac_proximity_total,92.25,0.0
Scenario_Corners_4x1_TrustRid-#0-gcs.csv,TrustRID,nmac_proximity_total,92.5,0.0
Scenario_Corners_4x1_TrustRid-#0-gcs.csv,TrustRID,nmac_proximity_total,92.75,0.0
Scenario_Corners_4x1_TrustRid-#0-gcs.csv,TrustRID,nmac_proximity_total,93.0,0.0
Scenario_Corners_4x1_TrustRid-#0-gcs.csv,TrustRID,nmac_proximity_total,93.25,0.0
Scenario_Corners_4x1_TrustRid-#0-gcs.csv,TrustRID,nmac_proximity_total,93.5,0.0
Scenario_Corners_4x1_TrustRid-#0-gcs.csv,TrustRID,nmac_proximity_total,93.75,0.0
Scenario_Corners_4x1_TrustRid-#0-gcs.csv,TrustRID,nmac_proximity_total,94.0,0.0
Scenario_Corners_4x1_TrustRid-#0-gcs.csv,TrustRID,nmac_proximity_total,94.25,0.0
Scenario_Corners_4x1_TrustRid-#0-gcs.csv,TrustRID,nmac_proximity_total,94.5,0.0
Scenario_Corners_4x1_TrustRid-#0-gcs.csv,TrustRID,nmac_proximity_total,94.75,0.0
Scenario_Corners_4x1_TrustRid-#0-gcs.csv,TrustRID,nmac_proximity_total,95.0,0.0
Scenario_Corners_4x1_TrustRid-#0-gcs.csv,TrustRID,nmac_proximity_total,95.25,0.0
Scenario_Corners_4x1_TrustRid-#0-gcs.csv,TrustRID,nmac_proximity_total,95.5,0.0
Scenario_Corners_4x1_TrustRid-#0-gcs.csv,TrustRID,nmac_proximity_total,95.75,0.0
Scenario_Corners_4x1_TrustRid-#0-gcs.csv,TrustRID,nmac_proximity_total,96.0,0.0
Scenario_Corners_4x1_TrustRid-#0-gcs.csv,TrustRID,nmac_proximity_total,96.25,0.0
Scenario_Corners_4x1_TrustRid-#0-gcs.csv,TrustRID,nmac_proximity_total,96.5,0.0
Scenario_Corners_4x1_TrustRid-#0-gcs.csv,TrustRID,nmac_proximity_total,96.75,0.0
Scenario_Corners_4x1_TrustRid-#0-gcs.csv,TrustRID,nmac_proximity_total,97.0,0.0
Scenario_Corners_4x1_TrustRid-#0-gcs.csv,TrustRID,nmac_proximity_total,97.25,0.0
Scenario_Corners_4x1_TrustRid-#0-gcs.csv,TrustRID,nmac_proximity_total,97.5,0.0
Scenario_Corners_4x1_TrustRid-#0-gcs.csv,TrustRID,nmac_proximity_total,97.75,0.0
Scenario_Corners_4x1_TrustRid-#0-gcs.csv,TrustRID,nmac_proximity_total,98.0,0.0
Scenario_Corners_4x1_TrustRid-#0-gcs.csv,TrustRID,nmac_proximity_total,98.25,0.0
Scenario_Corners_4x1_TrustRid-#0-gcs.csv,TrustRID,nmac_proximity_total,98.5,0.0
Scenario_Corners_4x1_TrustRid-#0-gcs.csv,TrustRID,nmac_proximity_total,98.75,0.0
Scenario_Corners_4x1_TrustRid-#0-gcs.csv,TrustRID,nmac_proximity_total,99.0,0.0
Scenario_Corners_4x1_TrustRid-#0-gcs.csv,TrustRID,nmac_proximity_total,99.25,0.0
Scenario_Corners_4x1_TrustRid-#0-gcs.csv,TrustRID,nmac_proximity_total,99.5,0.0
Scenario_Corners_4x1_TrustRid-#0-gcs.csv,TrustRID,nmac_proximity_total,99.75,0.0
Scenario_Corners_4x1_TrustRid-#0-gcs.csv,TrustRID,nmac_proximity_total,100.0,0.0
Scenario_Corners_4x1_TrustRid-#0-gcs.csv,TrustRID,nmac_spoofer_unsafe_total,0.25,0.0
Scenario_Corners_4x1_TrustRid-#0-gcs.csv,TrustRID,nmac_spoofer_unsafe_total,0.5,0.0
Scenario_Corners_4x1_TrustRid-#0-gcs.csv,TrustRID,nmac_spoofer_unsafe_total,0.75,0.0
Scenario_Corners_4x1_TrustRid-#0-gcs.csv,TrustRID,nmac_spoofer_unsafe_total,1.0,0.0
Scenario_Corners_4x1_TrustRid-#0-gcs.csv,TrustRID,nmac_spoofer_unsafe_total,1.25,0.0
Scenario_Corners_4x1_TrustRid-#0-gcs.csv,TrustRID,nmac_spoofer_unsafe_total,1.5,0.0
Scenario_Corners_4x1_TrustRid-#0-gcs.csv,TrustRID,nmac_spoofer_unsafe_total,1.75,0.0
Scenario_Corners_4x1_TrustRid-#0-gcs.csv,TrustRID,nmac_spoofer_unsafe_total,2.0,0.0
Scenario_Corners_4x1_TrustRid-#0-gcs.csv,TrustRID,nmac_spoofer_unsafe_total,2.25,0.0
Scenario_Corners_4x1_TrustRid-#0-gcs.csv,TrustRID,nmac_spoofer_unsafe_total,2.5,0.0
Scenario_Corners_4x1_TrustRid-#0-gcs.csv,TrustRID,nmac_spoofer_unsafe_total,2.75,0.0
Scenario_Corners_4x1_TrustRid-#0-gcs.csv,TrustRID,nmac_spoofer_unsafe_total,3.0,0.0
Scenario_Corners_4x1_TrustRid-#0-gcs.csv,TrustRID,nmac_spoofer_unsafe_total,3.25,0.0
Scenario_Corners_4x1_TrustRid-#0-gcs.csv,TrustRID,nmac_spoofer_unsafe_total,3.5,0.0
Scenario_Corners_4x1_TrustRid-#0-gcs.csv,TrustRID,nmac_spoofer_unsafe_total,3.75,0.0
Scenario_Corners_4x1_TrustRid-#0-gcs.csv,TrustRID,nmac_spoofer_unsafe_total,4.0,0.0
Scenario_Corners_4x1_TrustRid-#0-gcs.csv,TrustRID,nmac_spoofer_unsafe_total,4.25,0.0
Scenario_Corners_4x1_TrustRid-#0-gcs.csv,TrustRID,nmac_spoofer_unsafe_total,4.5,0.0
Scenario_Corners_4x1_TrustRid-#0-gcs.csv,TrustRID,nmac_spoofer_unsafe_total,4.75,0.0
Scenario_Corners_4x1_TrustRid-#0-gcs.csv,TrustRID,nmac_spoofer_unsafe_total,5.0,0.0
Scenario_Corners_4x1_TrustRid-#0-gcs.csv,TrustRID,nmac_spoofer_unsafe_total,5.25,0.0
Scenario_Corners_4x1_TrustRid-#0-gcs.csv,TrustRID,nmac_spoofer_unsafe_total,5.5,0.0
Scenario_Corners_4x1_TrustRid-#0-gcs.csv,TrustRID,nmac_spoofer_unsafe_total,5.75,0.0
Scenario_Corners_4x1_TrustRid-#0-gcs.csv,TrustRID,nmac_spoofer_unsafe_total,6.0,0.0
Scenario_Corners_4x1_TrustRid-#0-gcs.csv,TrustRID,nmac_spoofer_unsafe_total,6.25,0.0
Scenario_Corners_4x1_TrustRid-#0-gcs.csv,TrustRID,nmac_spoofer_unsafe_total,6.5,0.0
Scenario_Corners_4x1_TrustRid-#0-gcs.csv,TrustRID,nmac_spoofer_unsafe_total,6.75,0.0
Scenario_Corners_4x1_TrustRid-#0-gcs.csv,TrustRID,nmac_spoofer_unsafe_total,7.0,0.0
Scenario_Corners_4x1_TrustRid-#0-gcs.csv,TrustRID,nmac_spoofer_unsafe_total,7.25,0.0
Scenario_Corners_4x1_TrustRid-#0-gcs.csv,TrustRID,nmac_spoofer_unsafe_total,7.5,0.0
Scenario_Corners_4x1_TrustRid-#0-gcs.csv,TrustRID,nmac_spoofer_unsafe_total,7.75,0.0
Scenario_Corners_4x1_TrustRid-#0-gcs.csv,TrustRID,nmac_spoofer_unsafe_total,8.0,0.0
Scenario_Corners_4x1_TrustRid-#0-gcs.csv,TrustRID,nmac_spoofer_unsafe_total,8.25,0.0
Scenario_Corners_4x1_TrustRid-#0-gcs.csv,TrustRID,nmac_spoofer_unsafe_total,8.5,0.0
Scenario_Corners_4x1_TrustRid-#0-gcs.csv,TrustRID,nmac_spoofer_unsafe_total,8.75,0.0
Scenario_Corners_4x1_TrustRid-#0-gcs.csv,TrustRID,nmac_spoofer_unsafe_total,9.0,0.0
Scenario_Corners_4x1_TrustRid-#0-gcs.csv,TrustRID,nmac_spoofer_unsafe_total,9.25,0.0
Scenario_Corners_4x1_TrustRid-#0-gcs.csv,TrustRID,nmac_spoofer_unsafe_total,9.5,0.0
Scenario_Corners_4x1_TrustRid-#0-gcs.csv,TrustRID,nmac_spoofer_unsafe_total,9.75,0.0
Scenario_Corners_4x1_TrustRid-#0-gcs.csv,TrustRID,nmac_spoofer_unsafe_total,10.0,0.0
Scenario_Corners_4x1_TrustRid-#0-gcs.csv,TrustRID,nmac_spoofer_unsafe_total,10.25,0.0
Scenario_Corners_4x1_TrustRid-#0-gcs.csv,TrustRID,nmac_spoofer_unsafe_total,10.5,0.0
Scenario_Corners_4x1_TrustRid-#0-gcs.csv,TrustRID,nmac_spoofer_unsafe_total,10.75,0.0
Scenario_Corners_4x1_TrustRid-#0-gcs.csv,TrustRID,nmac_spoofer_unsafe_total,11.0,0.0
Scenario_Corners_4x1_TrustRid-#0-gcs.csv,TrustRID,nmac_spoofer_unsafe_total,11.25,0.0
Scenario_Corners_4x1_TrustRid-#0-gcs.csv,TrustRID,nmac_spoofer_unsafe_total,11.5,0.0
Scenario_Corners_4x1_TrustRid-#0-gcs.csv,TrustRID,nmac_spoofer_unsafe_total,11.75,0.0
Scenario_Corners_4x1_TrustRid-#0-gcs.csv,TrustRID,nmac_spoofer_unsafe_total,12.0,0.0
Scenario_Corners_4x1_TrustRid-#0-gcs.csv,TrustRID,nmac_spoofer_unsafe_total,12.25,0.0
Scenario_Corners_4x1_TrustRid-#0-gcs.csv,TrustRID,nmac_spoofer_unsafe_total,12.5,0.0
Scenario_Corners_4x1_TrustRid-#0-gcs.csv,TrustRID,nmac_spoofer_unsafe_total,12.75,0.0
Scenario_Corners_4x1_TrustRid-#0-gcs.csv,TrustRID,nmac_spoofer_unsafe_total,13.0,0.0
Scenario_Corners_4x1_TrustRid-#0-gcs.csv,TrustRID,nmac_spoofer_unsafe_total,13.25,0.0
Scenario_Corners_4x1_TrustRid-#0-gcs.csv,TrustRID,nmac_spoofer_unsafe_total,13.5,0.0
Scenario_Corners_4x1_TrustRid-#0-gcs.csv,TrustRID,nmac_spoofer_unsafe_total,13.75,0.0
Scenario_Corners_4x1_TrustRid-#0-gcs.csv,TrustRID,nmac_spoofer_unsafe_total,14.0,0.0
Scenario_Corners_4x1_TrustRid-#0-gcs.csv,TrustRID,nmac_spoofer_unsafe_total,14.25,0.0
Scenario_Corners_4x1_TrustRid-#0-gcs.csv,TrustRID,nmac_spoofer_unsafe_total,14.5,0.0
Scenario_Corners_4x1_TrustRid-#0-gcs.csv,TrustRID,nmac_spoofer_unsafe_total,14.75,0.0
Scenario_Corners_4x1_TrustRid-#0-gcs.csv,TrustRID,nmac_spoofer_unsafe_total,15.0,0.0
Scenario_Corners_4x1_TrustRid-#0-gcs.csv,TrustRID,nmac_spoofer_unsafe_total,15.25,0.0
Scenario_Corners_4x1_TrustRid-#0-gcs.csv,TrustRID,nmac_spoofer_unsafe_total,15.5,0.0
Scenario_Corners_4x1_TrustRid-#0-gcs.csv,TrustRID,nmac_spoofer_unsafe_total,15.75,0.0
Scenario_Corners_4x1_TrustRid-#0-gcs.csv,TrustRID,nmac_spoofer_unsafe_total,16.0,0.0
Scenario_Corners_4x1_TrustRid-#0-gcs.csv,TrustRID,nmac_spoofer_unsafe_total,16.25,0.0
Scenario_Corners_4x1_TrustRid-#0-gcs.csv,TrustRID,nmac_spoofer_unsafe_total,16.5,0.0
Scenario_Corners_4x1_TrustRid-#0-gcs.csv,TrustRID,nmac_spoofer_unsafe_total,16.75,0.0
Scenario_Corners_4x1_TrustRid-#0-gcs.csv,TrustRID,nmac_spoofer_unsafe_total,17.0,0.0
Scenario_Corners_4x1_TrustRid-#0-gcs.csv,TrustRID,nmac_spoofer_unsafe_total,17.25,0.0
Scenario_Corners_4x1_TrustRid-#0-gcs.csv,TrustRID,nmac_spoofer_unsafe_total,17.5,0.0
Scenario_Corners_4x1_TrustRid-#0-gcs.csv,TrustRID,nmac_spoofer_unsafe_total,17.75,0.0
Scenario_Corners_4x1_TrustRid-#0-gcs.csv,TrustRID,nmac_spoofer_unsafe_total,18.0,0.0
Scenario_Corners_4x1_TrustRid-#0-gcs.csv,TrustRID,nmac_spoofer_unsafe_total,18.25,0.0
Scenario_Corners_4x1_TrustRid-#0-gcs.csv,TrustRID,nmac_spoofer_unsafe_total,18.5,0.0
Scenario_Corners_4x1_TrustRid-#0-gcs.csv,TrustRID,nmac_spoofer_unsafe_total,18.75,0.0
Scenario_Corners_4x1_TrustRid-#0-gcs.csv,TrustRID,nmac_spoofer_unsafe_total,19.0,0.0
Scenario_Corners_4x1_TrustRid-#0-gcs.csv,TrustRID,nmac_spoofer_unsafe_total,19.25,0.0
Scenario_Corners_4x1_TrustRid-#0-gcs.csv,TrustRID,nmac_spoofer_unsafe_total,19.5,0.0
Scenario_Corners_4x1_TrustRid-#0-gcs.csv,TrustRID,nmac_spoofer_unsafe_total,19.75,0.0
Scenario_Corners_4x1_TrustRid-#0-gcs.csv,TrustRID,nmac_spoofer_unsafe_total,20.0,0.0
Scenario_Corners_4x1_TrustRid-#0-gcs.csv,TrustRID,nmac_spoofer_unsafe_total,20.25,0.0
Scenario_Corners_4x1_TrustRid-#0-gcs.csv,TrustRID,nmac_spoofer_unsafe_total,20.5,0.0
Scenario_Corners_4x1_TrustRid-#0-gcs.csv,TrustRID,nmac_spoofer_unsafe_total,20.75,0.0
Scenario_Corners_4x1_TrustRid-#0-gcs.csv,TrustRID,nmac_spoofer_unsafe_total,21.0,0.0
Scenario_Corners_4x1_TrustRid-#0-gcs.csv,TrustRID,nmac_spoofer_unsafe_total,21.25,0.0
Scenario_Corners_4x1_TrustRid-#0-gcs.csv,TrustRID,nmac_spoofer_unsafe_total,21.5,0.0
Scenario_Corners_4x1_TrustRid-#0-gcs.csv,TrustRID,nmac_spoofer_unsafe_total,21.75,0.0
Scenario_Corners_4x1_TrustRid-#0-gcs.csv,TrustRID,nmac_spoofer_unsafe_total,22.0,0.0
Scenario_Corners_4x1_TrustRid-#0-gcs.csv,TrustRID,nmac_spoofer_unsafe_total,22.25,0.0
Scenario_Corners_4x1_TrustRid-#0-gcs.csv,TrustRID,nmac_spoofer_unsafe_total,22.5,0.0
Scenario_Corners_4x1_TrustRid-#0-gcs.csv,TrustRID,nmac_spoofer_unsafe_total,22.75,0.0
Scenario_Corners_4x1_TrustRid-#0-gcs.csv,TrustRID,nmac_spoofer_unsafe_total,23.0,0.0
Scenario_Corners_4x1_TrustRid-#0-gcs.csv,TrustRID,nmac_spoofer_unsafe_total,23.25,0.0
Scenario_Corners_4x1_TrustRid-#0-gcs.csv,TrustRID,nmac_spoofer_unsafe_total,23.5,0.0
Scenario_Corners_4x1_TrustRid-#0-gcs.csv,TrustRID,nmac_spoofer_unsafe_total,23.75,0.0
Scenario_Corners_4x1_TrustRid-#0-gcs.csv,TrustRID,nmac_spoofer_unsafe_total,24.0,0.0
Scenario_Corners_4x1_TrustRid-#0-gcs.csv,TrustRID,nmac_spoofer_unsafe_total,24.25,0.0
Scenario_Corners_4x1_TrustRid-#0-gcs.csv,TrustRID,nmac_spoofer_unsafe_total,24.5,0.0
Scenario_Corners_4x1_TrustRid-#0-gcs.csv,TrustRID,nmac_spoofer_unsafe_total,24.75,0.0
Scenario_Corners_4x1_TrustRid-#0-gcs.csv,TrustRID,nmac_spoofer_unsafe_total,25.0,0.0
Scenario_Corners_4x1_TrustRid-#0-gcs.csv,TrustRID,nmac_spoofer_unsafe_total,25.25,0.0
Scenario_Corners_4x1_TrustRid-#0-gcs.csv,TrustRID,nmac_spoofer_unsafe_total,25.5,0.0
Scenario_Corners_4x1_TrustRid-#0-gcs.csv,TrustRID,nmac_spoofer_unsafe_total,25.75,0.0
Scenario_Corners_4x1_TrustRid-#0-gcs.csv,TrustRID,nmac_spoofer_unsafe_total,26.0,0.0
Scenario_Corners_4x1_TrustRid-#0-gcs.csv,TrustRID,nmac_spoofer_unsafe_total,26.25,0.0
Scenario_Corners_4x1_TrustRid-#0-gcs.csv,TrustRID,nmac_spoofer_unsafe_total,26.5,0.0
Scenario_Corners_4x1_TrustRid-#0-gcs.csv,TrustRID,nmac_spoofer_unsafe_total,26.75,0.0
Scenario_Corners_4x1_TrustRid-#0-gcs.csv,TrustRID,nmac_spoofer_unsafe_total,27.0,0.0
Scenario_Corners_4x1_TrustRid-#0-gcs.csv,TrustRID,nmac_spoofer_unsafe_total,27.25,0.0
Scenario_Corners_4x1_TrustRid-#0-gcs.csv,TrustRID,nmac_spoofer_unsafe_total,27.5,0.0
Scenario_Corners_4x1_TrustRid-#0-gcs.csv,TrustRID,nmac_spoofer_unsafe_total,27.75,0.0
Scenario_Corners_4x1_TrustRid-#0-gcs.csv,TrustRID,nmac_spoofer_unsafe_total,28.0,0.0
Scenario_Corners_4x1_TrustRid-#0-gcs.csv,TrustRID,nmac_spoofer_unsafe_total,28.25,0.0
Scenario_Corners_4x1_TrustRid-#0-gcs.csv,TrustRID,nmac_spoofer_unsafe_total,28.5,0.0
Scenario_Corners_4x1_TrustRid-#0-gcs.csv,TrustRID,nmac_spoofer_unsafe_total,28.75,0.0
Scenario_Corners_4x1_TrustRid-#0-gcs.csv,TrustRID,nmac_spoofer_unsafe_total,29.0,0.0
Scenario_Corners_4x1_TrustRid-#0-gcs.csv,TrustRID,nmac_spoofer_unsafe_total,29.25,0.0
Scenario_Corners_4x1_TrustRid-#0-gcs.csv,TrustRID,nmac_spoofer_unsafe_total,29.5,0.0
Scenario_Corners_4x1_TrustRid-#0-gcs.csv,TrustRID,nmac_spoofer_unsafe_total,29.75,0.0
Scenario_Corners_4x1_TrustRid-#0-gcs.csv,TrustRID,nmac_spoofer_unsafe_total,30.0,0.0
Scenario_Corners_4x1_TrustRid-#0-gcs.csv,TrustRID,nmac_spoofer_unsafe_total,30.25,0.0
Scenario_Corners_4x1_TrustRid-#0-gcs.csv,TrustRID,nmac_spoofer_unsafe_total,30.5,0.0
Scenario_Corners_4x1_TrustRid-#0-gcs.csv,TrustRID,nmac_spoofer_unsafe_total,30.75,0.0
Scenario_Corners_4x1_TrustRid-#0-gcs.csv,TrustRID,nmac_spoofer_unsafe_total,31.0,0.0
Scenario_Corners_4x1_TrustRid-#0-gcs.csv,TrustRID,nmac_spoofer_unsafe_total,31.25,0.0
Scenario_Corners_4x1_TrustRid-#0-gcs.csv,TrustRID,nmac_spoofer_unsafe_total,31.5,0.0
Scenario_Corners_4x1_TrustRid-#0-gcs.csv,TrustRID,nmac_spoofer_unsafe_total,31.75,0.0
Scenario_Corners_4x1_TrustRid-#0-gcs.csv,TrustRID,nmac_spoofer_unsafe_total,32.0,0.0
Scenario_Corners_4x1_TrustRid-#0-gcs.csv,TrustRID,nmac_spoofer_unsafe_total,32.25,0.0
Scenario_Corners_4x1_TrustRid-#0-gcs.csv,TrustRID,nmac_spoofer_unsafe_total,32.5,0.0
Scenario_Corners_4x1_TrustRid-#0-gcs.csv,TrustRID,nmac_spoofer_unsafe_total,32.75,0.0
Scenario_Corners_4x1_TrustRid-#0-gcs.csv,TrustRID,nmac_spoofer_unsafe_total,33.0,0.0
Scenario_Corners_4x1_TrustRid-#0-gcs.csv,TrustRID,nmac_spoofer_unsafe_total,33.25,0.0
Scenario_Corners_4x1_TrustRid-#0-gcs.csv,TrustRID,nmac_spoofer_unsafe_total,33.5,0.0
Scenario_Corners_4x1_TrustRid-#0-gcs.csv,TrustRID,nmac_spoofer_unsafe_total,33.75,0.0
Scenario_Corners_4x1_TrustRid-#0-gcs.csv,TrustRID,nmac_spoofer_unsafe_total,34.0,0.0
Scenario_Corners_4x1_TrustRid-#0-gcs.csv,TrustRID,nmac_spoofer_unsafe_total,34.25,0.0
Scenario_Corners_4x1_TrustRid-#0-gcs.csv,TrustRID,nmac_spoofer_unsafe_total,34.5,0.0
Scenario_Corners_4x1_TrustRid-#0-gcs.csv,TrustRID,nmac_spoofer_unsafe_total,34.75,0.0
Scenario_Corners_4x1_TrustRid-#0-gcs.csv,TrustRID,nmac_spoofer_unsafe_total,35.0,0.0
Scenario_Corners_4x1_TrustRid-#0-gcs.csv,TrustRID,nmac_spoofer_unsafe_total,35.25,0.0
Scenario_Corners_4x1_TrustRid-#0-gcs.csv,TrustRID,nmac_spoofer_unsafe_total,35.5,0.0
Scenario_Corners_4x1_TrustRid-#0-gcs.csv,TrustRID,nmac_spoofer_unsafe_total,35.75,0.0
Scenario_Corners_4x1_TrustRid-#0-gcs.csv,TrustRID,nmac_spoofer_unsafe_total,36.0,0.0
Scenario_Corners_4x1_TrustRid-#0-gcs.csv,TrustRID,nmac_spoofer_unsafe_total,36.25,0.0
Scenario_Corners_4x1_TrustRid-#0-gcs.csv,TrustRID,nmac_spoofer_unsafe_total,36.5,0.0
Scenario_Corners_4x1_TrustRid-#0-gcs.csv,TrustRID,nmac_spoofer_unsafe_total,36.75,0.0
Scenario_Corners_4x1_TrustRid-#0-gcs.csv,TrustRID,nmac_spoofer_unsafe_total,37.0,0.0
Scenario_Corners_4x1_TrustRid-#0-gcs.csv,TrustRID,nmac_spoofer_unsafe_total,37.25,0.0
Scenario_Corners_4x1_TrustRid-#0-gcs.csv,TrustRID,nmac_spoofer_unsafe_total,37.5,0.0
Scenario_Corners_4x1_TrustRid-#0-gcs.csv,TrustRID,nmac_spoofer_unsafe_total,37.75,0.0
Scenario_Corners_4x1_TrustRid-#0-gcs.csv,TrustRID,nmac_spoofer_unsafe_total,38.0,0.0
Scenario_Corners_4x1_TrustRid-#0-gcs.csv,TrustRID,nmac_spoofer_unsafe_total,38.25,0.0
Scenario_Corners_4x1_TrustRid-#0-gcs.csv,TrustRID,nmac_spoofer_unsafe_total,38.5,0.0
Scenario_Corners_4x1_TrustRid-#0-gcs.csv,TrustRID,nmac_spoofer_unsafe_total,38.75,0.0
Scenario_Corners_4x1_TrustRid-#0-gcs.csv,TrustRID,nmac_spoofer_unsafe_total,39.0,0.0
Scenario_Corners_4x1_TrustRid-#0-gcs.csv,TrustRID,nmac_spoofer_unsafe_total,39.25,0.0
Scenario_Corners_4x1_TrustRid-#0-gcs.csv,TrustRID,nmac_spoofer_unsafe_total,39.5,0.0
Scenario_Corners_4x1_TrustRid-#0-gcs.csv,TrustRID,nmac_spoofer_unsafe_total,39.75,0.0
Scenario_Corners_4x1_TrustRid-#0-gcs.csv,TrustRID,nmac_spoofer_unsafe_total,40.0,0.0
Scenario_Corners_4x1_TrustRid-#0-gcs.csv,TrustRID,nmac_spoofer_unsafe_total,40.25,0.0
Scenario_Corners_4x1_TrustRid-#0-gcs.csv,TrustRID,nmac_spoofer_unsafe_total,40.5,0.0
Scenario_Corners_4x1_TrustRid-#0-gcs.csv,TrustRID,nmac_spoofer_unsafe_total,40.75,0.0
Scenario_Corners_4x1_TrustRid-#0-gcs.csv,TrustRID,nmac_spoofer_unsafe_total,41.0,0.0
Scenario_Corners_4x1_TrustRid-#0-gcs.csv,TrustRID,nmac_spoofer_unsafe_total,41.25,0.0
Scenario_Corners_4x1_TrustRid-#0-gcs.csv,TrustRID,nmac_spoofer_unsafe_total,41.5,0.0
Scenario_Corners_4x1_TrustRid-#0-gcs.csv,TrustRID,nmac_spoofer_unsafe_total,41.75,0.0
Scenario_Corners_4x1_TrustRid-#0-gcs.csv,TrustRID,nmac_spoofer_unsafe_total,42.0,0.0
Scenario_Corners_4x1_TrustRid-#0-gcs.csv,TrustRID,nmac_spoofer_unsafe_total,42.25,0.0
Scenario_Corners_4x1_TrustRid-#0-gcs.csv,TrustRID,nmac_spoofer_unsafe_total,42.5,0.0
Scenario_Corners_4x1_TrustRid-#0-gcs.csv,TrustRID,nmac_spoofer_unsafe_total,42.75,0.0
Scenario_Corners_4x1_TrustRid-#0-gcs.csv,TrustRID,nmac_spoofer_unsafe_total,43.0,0.0
Scenario_Corners_4x1_TrustRid-#0-gcs.csv,TrustRID,nmac_spoofer_unsafe_total,43.25,0.0
Scenario_Corners_4x1_TrustRid-#0-gcs.csv,TrustRID,nmac_spoofer_unsafe_total,43.5,0.0
Scenario_Corners_4x1_TrustRid-#0-gcs.csv,TrustRID,nmac_spoofer_unsafe_total,43.75,0.0
Scenario_Corners_4x1_TrustRid-#0-gcs.csv,TrustRID,nmac_spoofer_unsafe_total,44.0,0.0
Scenario_Corners_4x1_TrustRid-#0-gcs.csv,TrustRID,nmac_spoofer_unsafe_total,44.25,0.0
Scenario_Corners_4x1_TrustRid-#0-gcs.csv,TrustRID,nmac_spoofer_unsafe_total,44.5,0.0
Scenario_Corners_4x1_TrustRid-#0-gcs.csv,TrustRID,nmac_spoofer_unsafe_total,44.75,0.0
Scenario_Corners_4x1_TrustRid-#0-gcs.csv,TrustRID,nmac_spoofer_unsafe_total,45.0,0.0
Scenario_Corners_4x1_TrustRid-#0-gcs.csv,TrustRID,nmac_spoofer_unsafe_total,45.25,0.0
Scenario_Corners_4x1_TrustRid-#0-gcs.csv,TrustRID,nmac_spoofer_unsafe_total,45.5,0.0
Scenario_Corners_4x1_TrustRid-#0-gcs.csv,TrustRID,nmac_spoofer_unsafe_total,45.75,0.0
Scenario_Corners_4x1_TrustRid-#0-gcs.csv,TrustRID,nmac_spoofer_unsafe_total,46.0,0.0
Scenario_Corners_4x1_TrustRid-#0-gcs.csv,TrustRID,nmac_spoofer_unsafe_total,46.25,0.0
Scenario_Corners_4x1_TrustRid-#0-gcs.csv,TrustRID,nmac_spoofer_unsafe_total,46.5,0.0
Scenario_Corners_4x1_TrustRid-#0-gcs.csv,TrustRID,nmac_spoofer_unsafe_total,46.75,0.0
Scenario_Corners_4x1_TrustRid-#0-gcs.csv,TrustRID,nmac_spoofer_unsafe_total,47.0,0.0
Scenario_Corners_4x1_TrustRid-#0-gcs.csv,TrustRID,nmac_spoofer_unsafe_total,47.25,0.0
Scenario_Corners_4x1_TrustRid-#0-gcs.csv,TrustRID,nmac_spoofer_unsafe_total,47.5,0.0
Scenario_Corners_4x1_TrustRid-#0-gcs.csv,TrustRID,nmac_spoofer_unsafe_total,47.75,0.0
Scenario_Corners_4x1_TrustRid-#0-gcs.csv,TrustRID,nmac_spoofer_unsafe_total,48.0,0.0
Scenario_Corners_4x1_TrustRid-#0-gcs.csv,TrustRID,nmac_spoofer_unsafe_total,48.25,0.0
Scenario_Corners_4x1_TrustRid-#0-gcs.csv,TrustRID,nmac_spoofer_unsafe_total,48.5,0.0
Scenario_Corners_4x1_TrustRid-#0-gcs.csv,TrustRID,nmac_spoofer_unsafe_total,48.75,0.0
Scenario_Corners_4x1_TrustRid-#0-gcs.csv,TrustRID,nmac_spoofer_unsafe_total,49.0,0.0
Scenario_Corners_4x1_TrustRid-#0-gcs.csv,TrustRID,nmac_spoofer_unsafe_total,49.25,0.0
Scenario_Corners_4x1_TrustRid-#0-gcs.csv,TrustRID,nmac_spoofer_unsafe_total,49.5,0.0
Scenario_Corners_4x1_TrustRid-#0-gcs.csv,TrustRID,nmac_spoofer_unsafe_total,49.75,0.0
Scenario_Corners_4x1_TrustRid-#0-gcs.csv,TrustRID,nmac_spoofer_unsafe_total,50.0,0.0
Scenario_Corners_4x1_TrustRid-#0-gcs.csv,TrustRID,nmac_spoofer_unsafe_total,50.25,0.0
Scenario_Corners_4x1_TrustRid-#0-gcs.csv,TrustRID,nmac_spoofer_unsafe_total,50.5,0.0
Scenario_Corners_4x1_TrustRid-#0-gcs.csv,TrustRID,nmac_spoofer_unsafe_total,50.75,0.0
Scenario_Corners_4x1_TrustRid-#0-gcs.csv,TrustRID,nmac_spoofer_unsafe_total,51.0,0.0
Scenario_Corners_4x1_TrustRid-#0-gcs.csv,TrustRID,nmac_spoofer_unsafe_total,51.25,0.0
Scenario_Corners_4x1_TrustRid-#0-gcs.csv,TrustRID,nmac_spoofer_unsafe_total,51.5,0.0
Scenario_Corners_4x1_TrustRid-#0-gcs.csv,TrustRID,nmac_spoofer_unsafe_total,51.75,0.0
Scenario_Corners_4x1_TrustRid-#0-gcs.csv,TrustRID,nmac_spoofer_unsafe_total,52.0,0.0
Scenario_Corners_4x1_TrustRid-#0-gcs.csv,TrustRID,nmac_spoofer_unsafe_total,52.25,0.0
Scenario_Corners_4x1_TrustRid-#0-gcs.csv,TrustRID,nmac_spoofer_unsafe_total,52.5,0.0
Scenario_Corners_4x1_TrustRid-#0-gcs.csv,TrustRID,nmac_spoofer_unsafe_total,52.75,0.0
Scenario_Corners_4x1_TrustRid-#0-gcs.csv,TrustRID,nmac_spoofer_unsafe_total,53.0,0.0
Scenario_Corners_4x1_TrustRid-#0-gcs.csv,TrustRID,nmac_spoofer_unsafe_total,53.25,0.0
Scenario_Corners_4x1_TrustRid-#0-gcs.csv,TrustRID,nmac_spoofer_unsafe_total,53.5,0.0
Scenario_Corners_4x1_TrustRid-#0-gcs.csv,TrustRID,nmac_spoofer_unsafe_total,53.75,0.0
Scenario_Corners_4x1_TrustRid-#0-gcs.csv,TrustRID,nmac_spoofer_unsafe_total,54.0,0.0
Scenario_Corners_4x1_TrustRid-#0-gcs.csv,TrustRID,nmac_spoofer_unsafe_total,54.25,0.0
Scenario_Corners_4x1_TrustRid-#0-gcs.csv,TrustRID,nmac_spoofer_unsafe_total,54.5,0.0
Scenario_Corners_4x1_TrustRid-#0-gcs.csv,TrustRID,nmac_spoofer_unsafe_total,54.75,0.0
Scenario_Corners_4x1_TrustRid-#0-gcs.csv,TrustRID,nmac_spoofer_unsafe_total,55.0,0.0
Scenario_Corners_4x1_TrustRid-#0-gcs.csv,TrustRID,nmac_spoofer_unsafe_total,55.25,0.0
Scenario_Corners_4x1_TrustRid-#0-gcs.csv,TrustRID,nmac_spoofer_unsafe_total,55.5,0.0
Scenario_Corners_4x1_TrustRid-#0-gcs.csv,TrustRID,nmac_spoofer_unsafe_total,55.75,0.0
Scenario_Corners_4x1_TrustRid-#0-gcs.csv,TrustRID,nmac_spoofer_unsafe_total,56.0,0.0
Scenario_Corners_4x1_TrustRid-#0-gcs.csv,TrustRID,nmac_spoofer_unsafe_total,56.25,0.0
Scenario_Corners_4x1_TrustRid-#0-gcs.csv,TrustRID,nmac_spoofer_unsafe_total,56.5,0.0
Scenario_Corners_4x1_TrustRid-#0-gcs.csv,TrustRID,nmac_spoofer_unsafe_total,56.75,0.0
Scenario_Corners_4x1_TrustRid-#0-gcs.csv,TrustRID,nmac_spoofer_unsafe_total,57.0,0.0
Scenario_Corners_4x1_TrustRid-#0-gcs.csv,TrustRID,nmac_spoofer_unsafe_total,57.25,0.0
Scenario_Corners_4x1_TrustRid-#0-gcs.csv,TrustRID,nmac_spoofer_unsafe_total,57.5,0.0
Scenario_Corners_4x1_TrustRid-#0-gcs.csv,TrustRID,nmac_spoofer_unsafe_total,57.75,0.0
Scenario_Corners_4x1_TrustRid-#0-gcs.csv,TrustRID,nmac_spoofer_unsafe_total,58.0,0.0
Scenario_Corners_4x1_TrustRid-#0-gcs.csv,TrustRID,nmac_spoofer_unsafe_total,58.25,0.0
Scenario_Corners_4x1_TrustRid-#0-gcs.csv,TrustRID,nmac_spoofer_unsafe_total,58.5,0.0
Scenario_Corners_4x1_TrustRid-#0-gcs.csv,TrustRID,nmac_spoofer_unsafe_total,58.75,0.0
Scenario_Corners_4x1_TrustRid-#0-gcs.csv,TrustRID,nmac_spoofer_unsafe_total,59.0,0.0
Scenario_Corners_4x1_TrustRid-#0-gcs.csv,TrustRID,nmac_spoofer_unsafe_total,59.25,0.0
Scenario_Corners_4x1_TrustRid-#0-gcs.csv,TrustRID,nmac_spoofer_unsafe_total,59.5,0.0
Scenario_Corners_4x1_TrustRid-#0-gcs.csv,TrustRID,nmac_spoofer_unsafe_total,59.75,0.0
Scenario_Corners_4x1_TrustRid-#0-gcs.csv,TrustRID,nmac_spoofer_unsafe_total,60.0,0.0
Scenario_Corners_4x1_TrustRid-#0-gcs.csv,TrustRID,nmac_spoofer_unsafe_total,60.25,0.0
Scenario_Corners_4x1_TrustRid-#0-gcs.csv,TrustRID,nmac_spoofer_unsafe_total,60.5,0.0
Scenario_Corners_4x1_TrustRid-#0-gcs.csv,TrustRID,nmac_spoofer_unsafe_total,60.75,0.0
Scenario_Corners_4x1_TrustRid-#0-gcs.csv,TrustRID,nmac_spoofer_unsafe_total,61.0,0.0
Scenario_Corners_4x1_TrustRid-#0-gcs.csv,TrustRID,nmac_spoofer_unsafe_total,61.25,0.0
Scenario_Corners_4x1_TrustRid-#0-gcs.csv,TrustRID,nmac_spoofer_unsafe_total,61.5,0.0
Scenario_Corners_4x1_TrustRid-#0-gcs.csv,TrustRID,nmac_spoofer_unsafe_total,61.75,0.0
Scenario_Corners_4x1_TrustRid-#0-gcs.csv,TrustRID,nmac_spoofer_unsafe_total,62.0,0.0
Scenario_Corners_4x1_TrustRid-#0-gcs.csv,TrustRID,nmac_spoofer_unsafe_total,62.25,0.0
Scenario_Corners_4x1_TrustRid-#0-gcs.csv,TrustRID,nmac_spoofer_unsafe_total,62.5,0.0
Scenario_Corners_4x1_TrustRid-#0-gcs.csv,TrustRID,nmac_spoofer_unsafe_total,62.75,0.0
Scenario_Corners_4x1_TrustRid-#0-gcs.csv,TrustRID,nmac_spoofer_unsafe_total,63.0,0.0
Scenario_Corners_4x1_TrustRid-#0-gcs.csv,TrustRID,nmac_spoofer_unsafe_total,63.25,0.0
Scenario_Corners_4x1_TrustRid-#0-gcs.csv,TrustRID,nmac_spoofer_unsafe_total,63.5,0.0
Scenario_Corners_4x1_TrustRid-#0-gcs.csv,TrustRID,nmac_spoofer_unsafe_total,63.75,0.0
Scenario_Corners_4x1_TrustRid-#0-gcs.csv,TrustRID,nmac_spoofer_unsafe_total,64.0,0.0
Scenario_Corners_4x1_TrustRid-#0-gcs.csv,TrustRID,nmac_spoofer_unsafe_total,64.25,0.0
Scenario_Corners_4x1_TrustRid-#0-gcs.csv,TrustRID,nmac_spoofer_unsafe_total,64.5,0.0
Scenario_Corners_4x1_TrustRid-#0-gcs.csv,TrustRID,nmac_spoofer_unsafe_total,64.75,0.0
Scenario_Corners_4x1_TrustRid-#0-gcs.csv,TrustRID,nmac_spoofer_unsafe_total,65.0,0.0
Scenario_Corners_4x1_TrustRid-#0-gcs.csv,TrustRID,nmac_spoofer_unsafe_total,65.25,0.0
Scenario_Corners_4x1_TrustRid-#0-gcs.csv,TrustRID,nmac_spoofer_unsafe_total,65.5,0.0
Scenario_Corners_4x1_TrustRid-#0-gcs.csv,TrustRID,nmac_spoofer_unsafe_total,65.75,0.0
Scenario_Corners_4x1_TrustRid-#0-gcs.csv,TrustRID,nmac_spoofer_unsafe_total,66.0,0.0
Scenario_Corners_4x1_TrustRid-#0-gcs.csv,TrustRID,nmac_spoofer_unsafe_total,66.25,0.0
Scenario_Corners_4x1_TrustRid-#0-gcs.csv,TrustRID,nmac_spoofer_unsafe_total,66.5,0.0
Scenario_Corners_4x1_TrustRid-#0-gcs.csv,TrustRID,nmac_spoofer_unsafe_total,66.75,0.0
Scenario_Corners_4x1_TrustRid-#0-gcs.csv,TrustRID,nmac_spoofer_unsafe_total,67.0,0.0
Scenario_Corners_4x1_TrustRid-#0-gcs.csv,TrustRID,nmac_spoofer_unsafe_total,67.25,0.0
Scenario_Corners_4x1_TrustRid-#0-gcs.csv,TrustRID,nmac_spoofer_unsafe_total,67.5,0.0
Scenario_Corners_4x1_TrustRid-#0-gcs.csv,TrustRID,nmac_spoofer_unsafe_total,67.75,0.0
Scenario_Corners_4x1_TrustRid-#0-gcs.csv,TrustRID,nmac_spoofer_unsafe_total,68.0,0.0
Scenario_Corners_4x1_TrustRid-#0-gcs.csv,TrustRID,nmac_spoofer_unsafe_total,68.25,0.0
Scenario_Corners_4x1_TrustRid-#0-gcs.csv,TrustRID,nmac_spoofer_unsafe_total,68.5,0.0
Scenario_Corners_4x1_TrustRid-#0-gcs.csv,TrustRID,nmac_spoofer_unsafe_total,68.75,0.0
Scenario_Corners_4x1_TrustRid-#0-gcs.csv,TrustRID,nmac_spoofer_unsafe_total,69.0,0.0
Scenario_Corners_4x1_TrustRid-#0-gcs.csv,TrustRID,nmac_spoofer_unsafe_total,69.25,0.0
Scenario_Corners_4x1_TrustRid-#0-gcs.csv,TrustRID,nmac_spoofer_unsafe_total,69.5,0.0
Scenario_Corners_4x1_TrustRid-#0-gcs.csv,TrustRID,nmac_spoofer_unsafe_total,69.75,0.0
Scenario_Corners_4x1_TrustRid-#0-gcs.csv,TrustRID,nmac_spoofer_unsafe_total,70.0,0.0
Scenario_Corners_4x1_TrustRid-#0-gcs.csv,TrustRID,nmac_spoofer_unsafe_total,70.25,0.0
Scenario_Corners_4x1_TrustRid-#0-gcs.csv,TrustRID,nmac_spoofer_unsafe_total,70.5,0.0
Scenario_Corners_4x1_TrustRid-#0-gcs.csv,TrustRID,nmac_spoofer_unsafe_total,70.75,0.0
Scenario_Corners_4x1_TrustRid-#0-gcs.csv,TrustRID,nmac_spoofer_unsafe_total,71.0,0.0
Scenario_Corners_4x1_TrustRid-#0-gcs.csv,TrustRID,nmac_spoofer_unsafe_total,71.25,0.0
Scenario_Corners_4x1_TrustRid-#0-gcs.csv,TrustRID,nmac_spoofer_unsafe_total,71.5,0.0
Scenario_Corners_4x1_TrustRid-#0-gcs.csv,TrustRID,nmac_spoofer_unsafe_total,71.75,0.0
Scenario_Corners_4x1_TrustRid-#0-gcs.csv,TrustRID,nmac_spoofer_unsafe_total,72.0,0.0
Scenario_Corners_4x1_TrustRid-#0-gcs.csv,TrustRID,nmac_spoofer_unsafe_total,72.25,0.0
Scenario_Corners_4x1_TrustRid-#0-gcs.csv,TrustRID,nmac_spoofer_unsafe_total,72.5,0.0
Scenario_Corners_4x1_TrustRid-#0-gcs.csv,TrustRID,nmac_spoofer_unsafe_total,72.75,0.0
Scenario_Corners_4x1_TrustRid-#0-gcs.csv,TrustRID,nmac_spoofer_unsafe_total,73.0,0.0
Scenario_Corners_4x1_TrustRid-#0-gcs.csv,TrustRID,nmac_spoofer_unsafe_total,73.25,0.0
Scenario_Corners_4x1_TrustRid-#0-gcs.csv,TrustRID,nmac_spoofer_unsafe_total,73.5,0.0
Scenario_Corners_4x1_TrustRid-#0-gcs.csv,TrustRID,nmac_spoofer_unsafe_total,73.75,0.0
Scenario_Corners_4x1_TrustRid-#0-gcs.csv,TrustRID,nmac_spoofer_unsafe_total,74.0,0.0
Scenario_Corners_4x1_TrustRid-#0-gcs.csv,TrustRID,nmac_spoofer_unsafe_total,74.25,0.0
Scenario_Corners_4x1_TrustRid-#0-gcs.csv,TrustRID,nmac_spoofer_unsafe_total,74.5,0.0
Scenario_Corners_4x1_TrustRid-#0-gcs.csv,TrustRID,nmac_spoofer_unsafe_total,74.75,0.0
Scenario_Corners_4x1_TrustRid-#0-gcs.csv,TrustRID,nmac_spoofer_unsafe_total,75.0,0.0
Scenario_Corners_4x1_TrustRid-#0-gcs.csv,TrustRID,nmac_spoofer_unsafe_total,75.25,0.0
Scenario_Corners_4x1_TrustRid-#0-gcs.csv,TrustRID,nmac_spoofer_unsafe_total,75.5,0.0
Scenario_Corners_4x1_TrustRid-#0-gcs.csv,TrustRID,nmac_spoofer_unsafe_total,75.75,0.0
Scenario_Corners_4x1_TrustRid-#0-gcs.csv,TrustRID,nmac_spoofer_unsafe_total,76.0,0.0
Scenario_Corners_4x1_TrustRid-#0-gcs.csv,TrustRID,nmac_spoofer_unsafe_total,76.25,0.0
Scenario_Corners_4x1_TrustRid-#0-gcs.csv,TrustRID,nmac_spoofer_unsafe_total,76.5,0.0
Scenario_Corners_4x1_TrustRid-#0-gcs.csv,TrustRID,nmac_spoofer_unsafe_total,76.75,0.0
Scenario_Corners_4x1_TrustRid-#0-gcs.csv,TrustRID,nmac_spoofer_unsafe_total,77.0,0.0
Scenario_Corners_4x1_TrustRid-#0-gcs.csv,TrustRID,nmac_spoofer_unsafe_total,77.25,0.0
Scenario_Corners_4x1_TrustRid-#0-gcs.csv,TrustRID,nmac_spoofer_unsafe_total,77.5,0.0
Scenario_Corners_4x1_TrustRid-#0-gcs.csv,TrustRID,nmac_spoofer_unsafe_total,77.75,0.0
Scenario_Corners_4x1_TrustRid-#0-gcs.csv,TrustRID,nmac_spoofer_unsafe_total,78.0,0.0
Scenario_Corners_4x1_TrustRid-#0-gcs.csv,TrustRID,nmac_spoofer_unsafe_total,78.25,0.0
Scenario_Corners_4x1_TrustRid-#0-gcs.csv,TrustRID,nmac_spoofer_unsafe_total,78.5,0.0
Scenario_Corners_4x1_TrustRid-#0-gcs.csv,TrustRID,nmac_spoofer_unsafe_total,78.75,0.0
Scenario_Corners_4x1_TrustRid-#0-gcs.csv,TrustRID,nmac_spoofer_unsafe_total,79.0,0.0
Scenario_Corners_4x1_TrustRid-#0-gcs.csv,TrustRID,nmac_spoofer_unsafe_total,79.25,0.0
Scenario_Corners_4x1_TrustRid-#0-gcs.csv,TrustRID,nmac_spoofer_unsafe_total,79.5,0.0
Scenario_Corners_4x1_TrustRid-#0-gcs.csv,TrustRID,nmac_spoofer_unsafe_total,79.75,0.0
Scenario_Corners_4x1_TrustRid-#0-gcs.csv,TrustRID,nmac_spoofer_unsafe_total,80.0,0.0
Scenario_Corners_4x1_TrustRid-#0-gcs.csv,TrustRID,nmac_spoofer_unsafe_total,80.25,0.0
Scenario_Corners_4x1_TrustRid-#0-gcs.csv,TrustRID,nmac_spoofer_unsafe_total,80.5,0.0
Scenario_Corners_4x1_TrustRid-#0-gcs.csv,TrustRID,nmac_spoofer_unsafe_total,80.75,0.0
Scenario_Corners_4x1_TrustRid-#0-gcs.csv,TrustRID,nmac_spoofer_unsafe_total,81.0,0.0
Scenario_Corners_4x1_TrustRid-#0-gcs.csv,TrustRID,nmac_spoofer_unsafe_total,81.25,0.0
Scenario_Corners_4x1_TrustRid-#0-gcs.csv,TrustRID,nmac_spoofer_unsafe_total,81.5,0.0
Scenario_Corners_4x1_TrustRid-#0-gcs.csv,TrustRID,nmac_spoofer_unsafe_total,81.75,0.0
Scenario_Corners_4x1_TrustRid-#0-gcs.csv,TrustRID,nmac_spoofer_unsafe_total,82.0,0.0
Scenario_Corners_4x1_TrustRid-#0-gcs.csv,TrustRID,nmac_spoofer_unsafe_total,82.25,0.0
Scenario_Corners_4x1_TrustRid-#0-gcs.csv,TrustRID,nmac_spoofer_unsafe_total,82.5,0.0
Scenario_Corners_4x1_TrustRid-#0-gcs.csv,TrustRID,nmac_spoofer_unsafe_total,82.75,0.0
Scenario_Corners_4x1_TrustRid-#0-gcs.csv,TrustRID,nmac_spoofer_unsafe_total,83.0,0.0
Scenario_Corners_4x1_TrustRid-#0-gcs.csv,TrustRID,nmac_spoofer_unsafe_total,83.25,0.0
Scenario_Corners_4x1_TrustRid-#0-gcs.csv,TrustRID,nmac_spoofer_unsafe_total,83.5,0.0
Scenario_Corners_4x1_TrustRid-#0-gcs.csv,TrustRID,nmac_spoofer_unsafe_total,83.75,0.0
Scenario_Corners_4x1_TrustRid-#0-gcs.csv,TrustRID,nmac_spoofer_unsafe_total,84.0,0.0
Scenario_Corners_4x1_TrustRid-#0-gcs.csv,TrustRID,nmac_spoofer_unsafe_total,84.25,0.0
Scenario_Corners_4x1_TrustRid-#0-gcs.csv,TrustRID,nmac_spoofer_unsafe_total,84.5,0.0
Scenario_Corners_4x1_TrustRid-#0-gcs.csv,TrustRID,nmac_spoofer_unsafe_total,84.75,0.0
Scenario_Corners_4x1_TrustRid-#0-gcs.csv,TrustRID,nmac_spoofer_unsafe_total,85.0,0.0
Scenario_Corners_4x1_TrustRid-#0-gcs.csv,TrustRID,nmac_spoofer_unsafe_total,85.25,0.0
Scenario_Corners_4x1_TrustRid-#0-gcs.csv,TrustRID,nmac_spoofer_unsafe_total,85.5,0.0
Scenario_Corners_4x1_TrustRid-#0-gcs.csv,TrustRID,nmac_spoofer_unsafe_total,85.75,0.0
Scenario_Corners_4x1_TrustRid-#0-gcs.csv,TrustRID,nmac_spoofer_unsafe_total,86.0,0.0
Scenario_Corners_4x1_TrustRid-#0-gcs.csv,TrustRID,nmac_spoofer_unsafe_total,86.25,0.0
Scenario_Corners_4x1_TrustRid-#0-gcs.csv,TrustRID,nmac_spoofer_unsafe_total,86.5,0.0
Scenario_Corners_4x1_TrustRid-#0-gcs.csv,TrustRID,nmac_spoofer_unsafe_total,86.75,0.0
Scenario_Corners_4x1_TrustRid-#0-gcs.csv,TrustRID,nmac_spoofer_unsafe_total,87.0,0.0
Scenario_Corners_4x1_TrustRid-#0-gcs.csv,TrustRID,nmac_spoofer_unsafe_total,87.25,0.0
Scenario_Corners_4x1_TrustRid-#0-gcs.csv,TrustRID,nmac_spoofer_unsafe_total,87.5,0.0
Scenario_Corners_4x1_TrustRid-#0-gcs.csv,TrustRID,nmac_spoofer_unsafe_total,87.75,0.0
Scenario_Corners_4x1_TrustRid-#0-gcs.csv,TrustRID,nmac_spoofer_unsafe_total,88.0,0.0
Scenario_Corners_4x1_TrustRid-#0-gcs.csv,TrustRID,nmac_spoofer_unsafe_total,88.25,0.0
Scenario_Corners_4x1_TrustRid-#0-gcs.csv,TrustRID,nmac_spoofer_unsafe_total,88.5,0.0
Scenario_Corners_4x1_TrustRid-#0-gcs.csv,TrustRID,nmac_spoofer_unsafe_total,88.75,0.0
Scenario_Corners_4x1_TrustRid-#0-gcs.csv,TrustRID,nmac_spoofer_unsafe_total,89.0,0.0
Scenario_Corners_4x1_TrustRid-#0-gcs.csv,TrustRID,nmac_spoofer_unsafe_total,89.25,0.0
Scenario_Corners_4x1_TrustRid-#0-gcs.csv,TrustRID,nmac_spoofer_unsafe_total,89.5,0.0
Scenario_Corners_4x1_TrustRid-#0-gcs.csv,TrustRID,nmac_spoofer_unsafe_total,89.75,0.0
Scenario_Corners_4x1_TrustRid-#0-gcs.csv,TrustRID,nmac_spoofer_unsafe_total,90.0,0.0
Scenario_Corners_4x1_TrustRid-#0-gcs.csv,TrustRID,nmac_spoofer_unsafe_total,90.25,0.0
Scenario_Corners_4x1_TrustRid-#0-gcs.csv,TrustRID,nmac_spoofer_unsafe_total,90.5,0.0
Scenario_Corners_4x1_TrustRid-#0-gcs.csv,TrustRID,nmac_spoofer_unsafe_total,90.75,0.0
Scenario_Corners_4x1_TrustRid-#0-gcs.csv,TrustRID,nmac_spoofer_unsafe_total,91.0,0.0
Scenario_Corners_4x1_TrustRid-#0-gcs.csv,TrustRID,nmac_spoofer_unsafe_total,91.25,0.0
Scenario_Corners_4x1_TrustRid-#0-gcs.csv,TrustRID,nmac_spoofer_unsafe_total,91.5,0.0
Scenario_Corners_4x1_TrustRid-#0-gcs.csv,TrustRID,nmac_spoofer_unsafe_total,91.75,0.0
Scenario_Corners_4x1_TrustRid-#0-gcs.csv,TrustRID,nmac_spoofer_unsafe_total,92.0,0.0
Scenario_Corners_4x1_TrustRid-#0-gcs.csv,TrustRID,nmac_spoofer_unsafe_total,92.25,0.0
Scenario_Corners_4x1_TrustRid-#0-gcs.csv,TrustRID,nmac_spoofer_unsafe_total,92.5,0.0
Scenario_Corners_4x1_TrustRid-#0-gcs.csv,TrustRID,nmac_spoofer_unsafe_total,92.75,0.0
Scenario_Corners_4x1_TrustRid-#0-gcs.csv,TrustRID,nmac_spoofer_unsafe_total,93.0,0.0
Scenario_Corners_4x1_TrustRid-#0-gcs.csv,TrustRID,nmac_spoofer_unsafe_total,93.25,0.0
Scenario_Corners_4x1_TrustRid-#0-gcs.csv,TrustRID,nmac_spoofer_unsafe_total,93.5,0.0
Scenario_Corners_4x1_TrustRid-#0-gcs.csv,TrustRID,nmac_spoofer_unsafe_total,93.75,0.0
Scenario_Corners_4x1_TrustRid-#0-gcs.csv,TrustRID,nmac_spoofer_unsafe_total,94.0,0.0
Scenario_Corners_4x1_TrustRid-#0-gcs.csv,TrustRID,nmac_spoofer_unsafe_total,94.25,0.0
Scenario_Corners_4x1_TrustRid-#0-gcs.csv,TrustRID,nmac_spoofer_unsafe_total,94.5,0.0
Scenario_Corners_4x1_TrustRid-#0-gcs.csv,TrustRID,nmac_spoofer_unsafe_total,94.75,0.0
Scenario_Corners_4x1_TrustRid-#0-gcs.csv,TrustRID,nmac_spoofer_unsafe_total,95.0,0.0
Scenario_Corners_4x1_TrustRid-#0-gcs.csv,TrustRID,nmac_spoofer_unsafe_total,95.25,0.0
Scenario_Corners_4x1_TrustRid-#0-gcs.csv,TrustRID,nmac_spoofer_unsafe_total,95.5,0.0
Scenario_Corners_4x1_TrustRid-#0-gcs.csv,TrustRID,nmac_spoofer_unsafe_total,95.75,0.0
Scenario_Corners_4x1_TrustRid-#0-gcs.csv,TrustRID,nmac_spoofer_unsafe_total,96.0,0.0
Scenario_Corners_4x1_TrustRid-#0-gcs.csv,TrustRID,nmac_spoofer_unsafe_total,96.25,0.0
Scenario_Corners_4x1_TrustRid-#0-gcs.csv,TrustRID,nmac_spoofer_unsafe_total,96.5,0.0
Scenario_Corners_4x1_TrustRid-#0-gcs.csv,TrustRID,nmac_spoofer_unsafe_total,96.75,0.0
Scenario_Corners_4x1_TrustRid-#0-gcs.csv,TrustRID,nmac_spoofer_unsafe_total,97.0,0.0
Scenario_Corners_4x1_TrustRid-#0-gcs.csv,TrustRID,nmac_spoofer_unsafe_total,97.25,0.0
Scenario_Corners_4x1_TrustRid-#0-gcs.csv,TrustRID,nmac_spoofer_unsafe_total,97.5,0.0
Scenario_Corners_4x1_TrustRid-#0-gcs.csv,TrustRID,nmac_spoofer_unsafe_total,97.75,0.0
Scenario_Corners_4x1_TrustRid-#0-gcs.csv,TrustRID,nmac_spoofer_unsafe_total,98.0,0.0
Scenario_Corners_4x1_TrustRid-#0-gcs.csv,TrustRID,nmac_spoofer_unsafe_total,98.25,0.0
Scenario_Corners_4x1_TrustRid-#0-gcs.csv,TrustRID,nmac_spoofer_unsafe_total,98.5,0.0
Scenario_Corners_4x1_TrustRid-#0-gcs.csv,TrustRID,nmac_spoofer_unsafe_total,98.75,0.0
Scenario_Corners_4x1_TrustRid-#0-gcs.csv,TrustRID,nmac_spoofer_unsafe_total,99.0,0.0
Scenario_Corners_4x1_TrustRid-#0-gcs.csv,TrustRID,nmac_spoofer_unsafe_total,99.25,0.0
Scenario_Corners_4x1_TrustRid-#0-gcs.csv,TrustRID,nmac_spoofer_unsafe_total,99.5,0.0
Scenario_Corners_4x1_TrustRid-#0-gcs.csv,TrustRID,nmac_spoofer_unsafe_total,99.75,0.0
Scenario_Corners_4x1_TrustRid-#0-gcs.csv,TrustRID,nmac_spoofer_unsafe_total,100.0,0.0
