nohup: ignoring input
== Config ==
Scenarios:     Scenario_Corners_4x1 Scenario_Hub_4x1 Scenario_Circle_8x1 Scenario_Hub_8x1 Scenario_Hub_12x1 Scenario_SteepZ_8x1
Seeds:         0 1 2 3 4 5 6 7 8 9 10 11 12 13 14 15 16 17 18 19 20 21 22 23 24 25 26 27 28 29
Run root:      simulations/spoofing_aware_with_planning/sweeps/charts_store/paper_suite_30seeds_plus_steepz_v2
Parallel jobs: 8
== Cleaning prior artifacts for run root ==
== Writing isolated INI: simulations/spoofing_aware_with_planning/sweeps/charts_store/paper_suite_30seeds_plus_steepz_v2/generated/corners_4x1_s00000/omnetpp.ini ==
Wrote simulations/spoofing_aware_with_planning/sweeps/charts_store/paper_suite_30seeds_plus_steepz_v2/generated/corners_4x1_s00000/omnetpp.ini
== Running Scenario_Corners_4x1_s00000 comparison ==
== Writing isolated INI: simulations/spoofing_aware_with_planning/sweeps/charts_store/paper_suite_30seeds_plus_steepz_v2/generated/corners_4x1_s00001/omnetpp.ini ==
Wrote simulations/spoofing_aware_with_planning/sweeps/charts_store/paper_suite_30seeds_plus_steepz_v2/generated/corners_4x1_s00001/omnetpp.ini
== Running Scenario_Corners_4x1_s00001 comparison ==
== Writing isolated INI: simulations/spoofing_aware_with_planning/sweeps/charts_store/paper_suite_30seeds_plus_steepz_v2/generated/corners_4x1_s00002/omnetpp.ini ==
Wrote simulations/spoofing_aware_with_planning/sweeps/charts_store/paper_suite_30seeds_plus_steepz_v2/generated/corners_4x1_s00002/omnetpp.ini
== Running Scenario_Corners_4x1_s00002 comparison ==
== Writing isolated INI: simulations/spoofing_aware_with_planning/sweeps/charts_store/paper_suite_30seeds_plus_steepz_v2/generated/corners_4x1_s00003/omnetpp.ini ==
Wrote simulations/spoofing_aware_with_planning/sweeps/charts_store/paper_suite_30seeds_plus_steepz_v2/generated/corners_4x1_s00003/omnetpp.ini
== Running Scenario_Corners_4x1_s00003 comparison ==
== Writing isolated INI: simulations/spoofing_aware_with_planning/sweeps/charts_store/paper_suite_30seeds_plus_steepz_v2/generated/corners_4x1_s00004/omnetpp.ini ==
Wrote simulations/spoofing_aware_with_planning/sweeps/charts_store/paper_suite_30seeds_plus_steepz_v2/generated/corners_4x1_s00004/omnetpp.ini
== Running Scenario_Corners_4x1_s00004 comparison ==
== Writing isolated INI: simulations/spoofing_aware_with_planning/sweeps/charts_store/paper_suite_30seeds_plus_steepz_v2/generated/corners_4x1_s00005/omnetpp.ini ==
Wrote simulations/spoofing_aware_with_planning/sweeps/charts_store/paper_suite_30seeds_plus_steepz_v2/generated/corners_4x1_s00005/omnetpp.ini
== Running Scenario_Corners_4x1_s00005 comparison ==
== Writing isolated INI: simulations/spoofing_aware_with_planning/sweeps/charts_store/paper_suite_30seeds_plus_steepz_v2/generated/corners_4x1_s00006/omnetpp.ini ==
Wrote simulations/spoofing_aware_with_planning/sweeps/charts_store/paper_suite_30seeds_plus_steepz_v2/generated/corners_4x1_s00006/omnetpp.ini
== Running Scenario_Corners_4x1_s00006 comparison ==
== Writing isolated INI: simulations/spoofing_aware_with_planning/sweeps/charts_store/paper_suite_30seeds_plus_steepz_v2/generated/corners_4x1_s00007/omnetpp.ini ==
Wrote simulations/spoofing_aware_with_planning/sweeps/charts_store/paper_suite_30seeds_plus_steepz_v2/generated/corners_4x1_s00007/omnetpp.ini
== Running Scenario_Corners_4x1_s00007 comparison ==
Running 1 scenario(s), 2 config(s), parallel=1
(Each scenario = one INI directory; progress prints when that directory finishes.)

[1/1] corners_4x1_s00000 ...
Running 1 scenario(s), 2 config(s), parallel=1
(Each scenario = one INI directory; progress prints when that directory finishes.)

[1/1] corners_4x1_s00002 ...
Running 1 scenario(s), 2 config(s), parallel=1
(Each scenario = one INI directory; progress prints when that directory finishes.)

[1/1] corners_4x1_s00001 ...
Running 1 scenario(s), 2 config(s), parallel=1
(Each scenario = one INI directory; progress prints when that directory finishes.)

[1/1] corners_4x1_s00003 ...
Running 1 scenario(s), 2 config(s), parallel=1
(Each scenario = one INI directory; progress prints when that directory finishes.)

[1/1] corners_4x1_s00004 ...
Running 1 scenario(s), 2 config(s), parallel=1
(Each scenario = one INI directory; progress prints when that directory finishes.)

[1/1] corners_4x1_s00005 ...
Running 1 scenario(s), 2 config(s), parallel=1
(Each scenario = one INI directory; progress prints when that directory finishes.)

[1/1] corners_4x1_s00007 ...
Running 1 scenario(s), 2 config(s), parallel=1
(Each scenario = one INI directory; progress prints when that directory finishes.)

[1/1] corners_4x1_s00006 ...
  [corners_4x1_s00000] Running Scenario_Corners_4x1_s00000_Aware...
  [corners_4x1_s00000:Scenario_Corners_4x1_s00000_Aware:sim] still running... 30s elapsed
  [corners_4x1_s00002] Running Scenario_Corners_4x1_s00002_Aware...
  [corners_4x1_s00002:Scenario_Corners_4x1_s00002_Aware:sim] still running... 30s elapsed
  [corners_4x1_s00001] Running Scenario_Corners_4x1_s00001_Aware...
  [corners_4x1_s00001:Scenario_Corners_4x1_s00001_Aware:sim] still running... 30s elapsed
  [corners_4x1_s00003] Running Scenario_Corners_4x1_s00003_Aware...
  [corners_4x1_s00003:Scenario_Corners_4x1_s00003_Aware:sim] still running... 30s elapsed
  [corners_4x1_s00004] Running Scenario_Corners_4x1_s00004_Aware...
  [corners_4x1_s00004:Scenario_Corners_4x1_s00004_Aware:sim] still running... 30s elapsed
  [corners_4x1_s00005] Running Scenario_Corners_4x1_s00005_Aware...
  [corners_4x1_s00005:Scenario_Corners_4x1_s00005_Aware:sim] still running... 30s elapsed
  [corners_4x1_s00007] Running Scenario_Corners_4x1_s00007_Aware...
  [corners_4x1_s00007:Scenario_Corners_4x1_s00007_Aware:sim] still running... 30s elapsed
  [corners_4x1_s00006] Running Scenario_Corners_4x1_s00006_Aware...
  [corners_4x1_s00006:Scenario_Corners_4x1_s00006_Aware:sim] still running... 30s elapsed
  [corners_4x1_s00000:Scenario_Corners_4x1_s00000_Aware:sim] still running... 60s elapsed
  [corners_4x1_s00002:Scenario_Corners_4x1_s00002_Aware:sim] still running... 60s elapsed
  [corners_4x1_s00001:Scenario_Corners_4x1_s00001_Aware:sim] still running... 60s elapsed
  [corners_4x1_s00003:Scenario_Corners_4x1_s00003_Aware:sim] still running... 60s elapsed
  [corners_4x1_s00004:Scenario_Corners_4x1_s00004_Aware:sim] still running... 60s elapsed
  [corners_4x1_s00005:Scenario_Corners_4x1_s00005_Aware:sim] still running... 60s elapsed
  [corners_4x1_s00007:Scenario_Corners_4x1_s00007_Aware:sim] still running... 60s elapsed
  [corners_4x1_s00006:Scenario_Corners_4x1_s00006_Aware:sim] still running... 60s elapsed
  [corners_4x1_s00000:Scenario_Corners_4x1_s00000_Aware:sim] still running... 90s elapsed
  [corners_4x1_s00002:Scenario_Corners_4x1_s00002_Aware:sim] still running... 90s elapsed
  [corners_4x1_s00001:Scenario_Corners_4x1_s00001_Aware:sim] still running... 90s elapsed
  [corners_4x1_s00003:Scenario_Corners_4x1_s00003_Aware:sim] still running... 90s elapsed
  [corners_4x1_s00004:Scenario_Corners_4x1_s00004_Aware:sim] still running... 90s elapsed
  [corners_4x1_s00005:Scenario_Corners_4x1_s00005_Aware:sim] still running... 90s elapsed
  [corners_4x1_s00007:Scenario_Corners_4x1_s00007_Aware:sim] still running... 90s elapsed
  [corners_4x1_s00006:Scenario_Corners_4x1_s00006_Aware:sim] still running... 90s elapsed
  [corners_4x1_s00000:Scenario_Corners_4x1_s00000_Aware:sim] still running... 120s elapsed
  [corners_4x1_s00002:Scenario_Corners_4x1_s00002_Aware:sim] still running... 120s elapsed
  [corners_4x1_s00001:Scenario_Corners_4x1_s00001_Aware:sim] still running... 120s elapsed
  [corners_4x1_s00003:Scenario_Corners_4x1_s00003_Aware:sim] still running... 120s elapsed
  [corners_4x1_s00004:Scenario_Corners_4x1_s00004_Aware:sim] still running... 120s elapsed
  [corners_4x1_s00005:Scenario_Corners_4x1_s00005_Aware:sim] still running... 120s elapsed
  [corners_4x1_s00007:Scenario_Corners_4x1_s00007_Aware:sim] still running... 120s elapsed
  [corners_4x1_s00006:Scenario_Corners_4x1_s00006_Aware:sim] still running... 120s elapsed
  [corners_4x1_s00000:Scenario_Corners_4x1_s00000_Aware:sim] still running... 150s elapsed
  [corners_4x1_s00001:Scenario_Corners_4x1_s00001_Aware:sim] still running... 150s elapsed
  [corners_4x1_s00003:Scenario_Corners_4x1_s00003_Aware:sim] still running... 150s elapsed
  [corners_4x1_s00005:Scenario_Corners_4x1_s00005_Aware:sim] still running... 150s elapsed
  [corners_4x1_s00007:Scenario_Corners_4x1_s00007_Aware:sim] still running... 150s elapsed
  [corners_4x1_s00006:Scenario_Corners_4x1_s00006_Aware:sim] still running... 150s elapsed
  [corners_4x1_s00004] Copied scalars: ffb22b79-Scenario_Corners_4x1_s00004_Aware.sca
  [corners_4x1_s00004] Converting to Parquet...
  [corners_4x1_s00004] Created: ffb22b79-Scenario_Corners_4x1_s00004_Aware.parquet
  [corners_4x1_s00004] Running Scenario_Corners_4x1_s00004_TrustRid...
  [corners_4x1_s00004] Copied scalars: ffb22b79-Scenario_Corners_4x1_s00004_TrustRid.sca
  [corners_4x1_s00004] Converting to Parquet...
  [corners_4x1_s00004] Created: ffb22b79-Scenario_Corners_4x1_s00004_TrustRid.parquet
  [corners_4x1_s00004] Complete
[1/1] corners_4x1_s00004 done (2 parquet)

Done — 2 parquet file(s) produced.
  [corners_4x1_s00002] Copied scalars: 8ea459b3-Scenario_Corners_4x1_s00002_Aware.sca
  [corners_4x1_s00002] Converting to Parquet...
  [corners_4x1_s00002] Created: 8ea459b3-Scenario_Corners_4x1_s00002_Aware.parquet
  [corners_4x1_s00002] Running Scenario_Corners_4x1_s00002_TrustRid...
  [corners_4x1_s00002] Copied scalars: 8ea459b3-Scenario_Corners_4x1_s00002_TrustRid.sca
  [corners_4x1_s00002] Converting to Parquet...
  [corners_4x1_s00002] Created: 8ea459b3-Scenario_Corners_4x1_s00002_TrustRid.parquet
  [corners_4x1_s00002] Complete
[1/1] corners_4x1_s00002 done (2 parquet)

Done — 2 parquet file(s) produced.
== Completed Scenario_Corners_4x1_s00004 in 158s ==
== Writing isolated INI: simulations/spoofing_aware_with_planning/sweeps/charts_store/paper_suite_30seeds_plus_steepz_v2/generated/corners_4x1_s00008/omnetpp.ini ==
== Completed Scenario_Corners_4x1_s00002 in 158s ==
Wrote simulations/spoofing_aware_with_planning/sweeps/charts_store/paper_suite_30seeds_plus_steepz_v2/generated/corners_4x1_s00008/omnetpp.ini
== Running Scenario_Corners_4x1_s00008 comparison ==
== Writing isolated INI: simulations/spoofing_aware_with_planning/sweeps/charts_store/paper_suite_30seeds_plus_steepz_v2/generated/corners_4x1_s00009/omnetpp.ini ==
Wrote simulations/spoofing_aware_with_planning/sweeps/charts_store/paper_suite_30seeds_plus_steepz_v2/generated/corners_4x1_s00009/omnetpp.ini
== Running Scenario_Corners_4x1_s00009 comparison ==
Running 1 scenario(s), 2 config(s), parallel=1
(Each scenario = one INI directory; progress prints when that directory finishes.)

[1/1] corners_4x1_s00008 ...
Running 1 scenario(s), 2 config(s), parallel=1
(Each scenario = one INI directory; progress prints when that directory finishes.)

[1/1] corners_4x1_s00009 ...
  [corners_4x1_s00007] Copied scalars: dcf9135b-Scenario_Corners_4x1_s00007_Aware.sca
  [corners_4x1_s00007] Converting to Parquet...
  [corners_4x1_s00007] Created: dcf9135b-Scenario_Corners_4x1_s00007_Aware.parquet
  [corners_4x1_s00007] Running Scenario_Corners_4x1_s00007_TrustRid...
  [corners_4x1_s00007] Copied scalars: dcf9135b-Scenario_Corners_4x1_s00007_TrustRid.sca
  [corners_4x1_s00007] Converting to Parquet...
  [corners_4x1_s00007] Created: dcf9135b-Scenario_Corners_4x1_s00007_TrustRid.parquet
  [corners_4x1_s00007] Complete
[1/1] corners_4x1_s00007 done (2 parquet)

Done — 2 parquet file(s) produced.
== Completed Scenario_Corners_4x1_s00007 in 175s ==
== Writing isolated INI: simulations/spoofing_aware_with_planning/sweeps/charts_store/paper_suite_30seeds_plus_steepz_v2/generated/corners_4x1_s00010/omnetpp.ini ==
Wrote simulations/spoofing_aware_with_planning/sweeps/charts_store/paper_suite_30seeds_plus_steepz_v2/generated/corners_4x1_s00010/omnetpp.ini
== Running Scenario_Corners_4x1_s00010 comparison ==
  [corners_4x1_s00006] Copied scalars: 7457ad40-Scenario_Corners_4x1_s00006_Aware.sca
  [corners_4x1_s00006] Converting to Parquet...
  [corners_4x1_s00006] Created: 7457ad40-Scenario_Corners_4x1_s00006_Aware.parquet
  [corners_4x1_s00006] Running Scenario_Corners_4x1_s00006_TrustRid...
  [corners_4x1_s00006] Copied scalars: 7457ad40-Scenario_Corners_4x1_s00006_TrustRid.sca
  [corners_4x1_s00006] Converting to Parquet...
  [corners_4x1_s00006] Created: 7457ad40-Scenario_Corners_4x1_s00006_TrustRid.parquet
  [corners_4x1_s00006] Complete
[1/1] corners_4x1_s00006 done (2 parquet)

Done — 2 parquet file(s) produced.
== Completed Scenario_Corners_4x1_s00006 in 176s ==
== Writing isolated INI: simulations/spoofing_aware_with_planning/sweeps/charts_store/paper_suite_30seeds_plus_steepz_v2/generated/corners_4x1_s00011/omnetpp.ini ==
Wrote simulations/spoofing_aware_with_planning/sweeps/charts_store/paper_suite_30seeds_plus_steepz_v2/generated/corners_4x1_s00011/omnetpp.ini
== Running Scenario_Corners_4x1_s00011 comparison ==
Running 1 scenario(s), 2 config(s), parallel=1
(Each scenario = one INI directory; progress prints when that directory finishes.)

[1/1] corners_4x1_s00010 ...
  [corners_4x1_s00005] Copied scalars: b1b95322-Scenario_Corners_4x1_s00005_Aware.sca
  [corners_4x1_s00005] Converting to Parquet...
  [corners_4x1_s00005] Created: b1b95322-Scenario_Corners_4x1_s00005_Aware.parquet
  [corners_4x1_s00005] Running Scenario_Corners_4x1_s00005_TrustRid...
  [corners_4x1_s00005] Copied scalars: b1b95322-Scenario_Corners_4x1_s00005_TrustRid.sca
  [corners_4x1_s00005] Converting to Parquet...
  [corners_4x1_s00005] Created: b1b95322-Scenario_Corners_4x1_s00005_TrustRid.parquet
  [corners_4x1_s00005] Complete
[1/1] corners_4x1_s00005 done (2 parquet)

Done — 2 parquet file(s) produced.
== Completed Scenario_Corners_4x1_s00005 in 176s ==
== Writing isolated INI: simulations/spoofing_aware_with_planning/sweeps/charts_store/paper_suite_30seeds_plus_steepz_v2/generated/corners_4x1_s00012/omnetpp.ini ==
Wrote simulations/spoofing_aware_with_planning/sweeps/charts_store/paper_suite_30seeds_plus_steepz_v2/generated/corners_4x1_s00012/omnetpp.ini
== Running Scenario_Corners_4x1_s00012 comparison ==
  [corners_4x1_s00001] Copied scalars: fd99a239-Scenario_Corners_4x1_s00001_Aware.sca
  [corners_4x1_s00001] Converting to Parquet...
  [corners_4x1_s00001] Created: fd99a239-Scenario_Corners_4x1_s00001_Aware.parquet
  [corners_4x1_s00001] Running Scenario_Corners_4x1_s00001_TrustRid...
  [corners_4x1_s00001] Copied scalars: fd99a239-Scenario_Corners_4x1_s00001_TrustRid.sca
  [corners_4x1_s00001] Converting to Parquet...
  [corners_4x1_s00001] Created: fd99a239-Scenario_Corners_4x1_s00001_TrustRid.parquet
  [corners_4x1_s00001] Complete
[1/1] corners_4x1_s00001 done (2 parquet)

Done — 2 parquet file(s) produced.
Running 1 scenario(s), 2 config(s), parallel=1
(Each scenario = one INI directory; progress prints when that directory finishes.)

[1/1] corners_4x1_s00011 ...
== Completed Scenario_Corners_4x1_s00001 in 177s ==
== Writing isolated INI: simulations/spoofing_aware_with_planning/sweeps/charts_store/paper_suite_30seeds_plus_steepz_v2/generated/corners_4x1_s00013/omnetpp.ini ==
Wrote simulations/spoofing_aware_with_planning/sweeps/charts_store/paper_suite_30seeds_plus_steepz_v2/generated/corners_4x1_s00013/omnetpp.ini
== Running Scenario_Corners_4x1_s00013 comparison ==
  [corners_4x1_s00000] Copied scalars: 38771ec5-Scenario_Corners_4x1_s00000_Aware.sca
  [corners_4x1_s00000] Converting to Parquet...
  [corners_4x1_s00000] Created: 38771ec5-Scenario_Corners_4x1_s00000_Aware.parquet
  [corners_4x1_s00000] Running Scenario_Corners_4x1_s00000_TrustRid...
  [corners_4x1_s00000] Copied scalars: 38771ec5-Scenario_Corners_4x1_s00000_TrustRid.sca
  [corners_4x1_s00000] Converting to Parquet...
  [corners_4x1_s00000] Created: 38771ec5-Scenario_Corners_4x1_s00000_TrustRid.parquet
  [corners_4x1_s00000] Complete
[1/1] corners_4x1_s00000 done (2 parquet)

Done — 2 parquet file(s) produced.
== Completed Scenario_Corners_4x1_s00000 in 177s ==
== Writing isolated INI: simulations/spoofing_aware_with_planning/sweeps/charts_store/paper_suite_30seeds_plus_steepz_v2/generated/corners_4x1_s00014/omnetpp.ini ==
Wrote simulations/spoofing_aware_with_planning/sweeps/charts_store/paper_suite_30seeds_plus_steepz_v2/generated/corners_4x1_s00014/omnetpp.ini
== Running Scenario_Corners_4x1_s00014 comparison ==
Running 1 scenario(s), 2 config(s), parallel=1
(Each scenario = one INI directory; progress prints when that directory finishes.)

[1/1] corners_4x1_s00012 ...
Running 1 scenario(s), 2 config(s), parallel=1
(Each scenario = one INI directory; progress prints when that directory finishes.)

[1/1] corners_4x1_s00013 ...
Running 1 scenario(s), 2 config(s), parallel=1
(Each scenario = one INI directory; progress prints when that directory finishes.)

[1/1] corners_4x1_s00014 ...
  [corners_4x1_s00003] Copied scalars: f7e452b0-Scenario_Corners_4x1_s00003_Aware.sca
  [corners_4x1_s00003] Converting to Parquet...
  [corners_4x1_s00003] Created: f7e452b0-Scenario_Corners_4x1_s00003_Aware.parquet
  [corners_4x1_s00003] Running Scenario_Corners_4x1_s00003_TrustRid...
  [corners_4x1_s00003] Copied scalars: f7e452b0-Scenario_Corners_4x1_s00003_TrustRid.sca
  [corners_4x1_s00003] Converting to Parquet...
  [corners_4x1_s00003] Created: f7e452b0-Scenario_Corners_4x1_s00003_TrustRid.parquet
  [corners_4x1_s00003] Complete
[1/1] corners_4x1_s00003 done (2 parquet)

Done — 2 parquet file(s) produced.
== Completed Scenario_Corners_4x1_s00003 in 178s ==
== Writing isolated INI: simulations/spoofing_aware_with_planning/sweeps/charts_store/paper_suite_30seeds_plus_steepz_v2/generated/corners_4x1_s00015/omnetpp.ini ==
Wrote simulations/spoofing_aware_with_planning/sweeps/charts_store/paper_suite_30seeds_plus_steepz_v2/generated/corners_4x1_s00015/omnetpp.ini
== Running Scenario_Corners_4x1_s00015 comparison ==
Running 1 scenario(s), 2 config(s), parallel=1
(Each scenario = one INI directory; progress prints when that directory finishes.)

[1/1] corners_4x1_s00015 ...
  [corners_4x1_s00008] Running Scenario_Corners_4x1_s00008_Aware...
  [corners_4x1_s00008:Scenario_Corners_4x1_s00008_Aware:sim] still running... 30s elapsed
  [corners_4x1_s00009] Running Scenario_Corners_4x1_s00009_Aware...
  [corners_4x1_s00009:Scenario_Corners_4x1_s00009_Aware:sim] still running... 30s elapsed
  [corners_4x1_s00010] Running Scenario_Corners_4x1_s00010_Aware...
  [corners_4x1_s00010:Scenario_Corners_4x1_s00010_Aware:sim] still running... 30s elapsed
  [corners_4x1_s00011] Running Scenario_Corners_4x1_s00011_Aware...
  [corners_4x1_s00011:Scenario_Corners_4x1_s00011_Aware:sim] still running... 30s elapsed
  [corners_4x1_s00012] Running Scenario_Corners_4x1_s00012_Aware...
  [corners_4x1_s00012:Scenario_Corners_4x1_s00012_Aware:sim] still running... 30s elapsed
  [corners_4x1_s00013] Running Scenario_Corners_4x1_s00013_Aware...
  [corners_4x1_s00013:Scenario_Corners_4x1_s00013_Aware:sim] still running... 30s elapsed
  [corners_4x1_s00014] Running Scenario_Corners_4x1_s00014_Aware...
  [corners_4x1_s00014:Scenario_Corners_4x1_s00014_Aware:sim] still running... 30s elapsed
  [corners_4x1_s00015] Running Scenario_Corners_4x1_s00015_Aware...
  [corners_4x1_s00015:Scenario_Corners_4x1_s00015_Aware:sim] still running... 30s elapsed
  [corners_4x1_s00008:Scenario_Corners_4x1_s00008_Aware:sim] still running... 60s elapsed
  [corners_4x1_s00009:Scenario_Corners_4x1_s00009_Aware:sim] still running... 60s elapsed
  [corners_4x1_s00010:Scenario_Corners_4x1_s00010_Aware:sim] still running... 60s elapsed
  [corners_4x1_s00011:Scenario_Corners_4x1_s00011_Aware:sim] still running... 60s elapsed
  [corners_4x1_s00012:Scenario_Corners_4x1_s00012_Aware:sim] still running... 60s elapsed
  [corners_4x1_s00013:Scenario_Corners_4x1_s00013_Aware:sim] still running... 60s elapsed
  [corners_4x1_s00014:Scenario_Corners_4x1_s00014_Aware:sim] still running... 60s elapsed
  [corners_4x1_s00015:Scenario_Corners_4x1_s00015_Aware:sim] still running... 60s elapsed
  [corners_4x1_s00008:Scenario_Corners_4x1_s00008_Aware:sim] still running... 90s elapsed
  [corners_4x1_s00009:Scenario_Corners_4x1_s00009_Aware:sim] still running... 90s elapsed
  [corners_4x1_s00010:Scenario_Corners_4x1_s00010_Aware:sim] still running... 90s elapsed
  [corners_4x1_s00011:Scenario_Corners_4x1_s00011_Aware:sim] still running... 90s elapsed
  [corners_4x1_s00012:Scenario_Corners_4x1_s00012_Aware:sim] still running... 90s elapsed
  [corners_4x1_s00013:Scenario_Corners_4x1_s00013_Aware:sim] still running... 90s elapsed
  [corners_4x1_s00014:Scenario_Corners_4x1_s00014_Aware:sim] still running... 90s elapsed
  [corners_4x1_s00015:Scenario_Corners_4x1_s00015_Aware:sim] still running... 90s elapsed
  [corners_4x1_s00008:Scenario_Corners_4x1_s00008_Aware:sim] still running... 120s elapsed
  [corners_4x1_s00009:Scenario_Corners_4x1_s00009_Aware:sim] still running... 120s elapsed
  [corners_4x1_s00010:Scenario_Corners_4x1_s00010_Aware:sim] still running... 120s elapsed
  [corners_4x1_s00011:Scenario_Corners_4x1_s00011_Aware:sim] still running... 120s elapsed
  [corners_4x1_s00012:Scenario_Corners_4x1_s00012_Aware:sim] still running... 120s elapsed
  [corners_4x1_s00013:Scenario_Corners_4x1_s00013_Aware:sim] still running... 120s elapsed
  [corners_4x1_s00014:Scenario_Corners_4x1_s00014_Aware:sim] still running... 120s elapsed
  [corners_4x1_s00015:Scenario_Corners_4x1_s00015_Aware:sim] still running... 120s elapsed
  [corners_4x1_s00008:Scenario_Corners_4x1_s00008_Aware:sim] still running... 150s elapsed
  [corners_4x1_s00009:Scenario_Corners_4x1_s00009_Aware:sim] still running... 150s elapsed
  [corners_4x1_s00008] Copied scalars: fcf83375-Scenario_Corners_4x1_s00008_Aware.sca
  [corners_4x1_s00008] Converting to Parquet...
  [corners_4x1_s00008] Created: fcf83375-Scenario_Corners_4x1_s00008_Aware.parquet
  [corners_4x1_s00008] Running Scenario_Corners_4x1_s00008_TrustRid...
  [corners_4x1_s00008] Copied scalars: fcf83375-Scenario_Corners_4x1_s00008_TrustRid.sca
  [corners_4x1_s00008] Converting to Parquet...
  [corners_4x1_s00008] Created: fcf83375-Scenario_Corners_4x1_s00008_TrustRid.parquet
  [corners_4x1_s00008] Complete
[1/1] corners_4x1_s00008 done (2 parquet)

Done — 2 parquet file(s) produced.
== Completed Scenario_Corners_4x1_s00008 in 167s ==
== Writing isolated INI: simulations/spoofing_aware_with_planning/sweeps/charts_store/paper_suite_30seeds_plus_steepz_v2/generated/corners_4x1_s00016/omnetpp.ini ==
Wrote simulations/spoofing_aware_with_planning/sweeps/charts_store/paper_suite_30seeds_plus_steepz_v2/generated/corners_4x1_s00016/omnetpp.ini
== Running Scenario_Corners_4x1_s00016 comparison ==
Running 1 scenario(s), 2 config(s), parallel=1
(Each scenario = one INI directory; progress prints when that directory finishes.)

[1/1] corners_4x1_s00016 ...
  [corners_4x1_s00010:Scenario_Corners_4x1_s00010_Aware:sim] still running... 150s elapsed
  [corners_4x1_s00011:Scenario_Corners_4x1_s00011_Aware:sim] still running... 150s elapsed
  [corners_4x1_s00012:Scenario_Corners_4x1_s00012_Aware:sim] still running... 150s elapsed
  [corners_4x1_s00013:Scenario_Corners_4x1_s00013_Aware:sim] still running... 150s elapsed
  [corners_4x1_s00014:Scenario_Corners_4x1_s00014_Aware:sim] still running... 150s elapsed
  [corners_4x1_s00015:Scenario_Corners_4x1_s00015_Aware:sim] still running... 150s elapsed
  [corners_4x1_s00009] Copied scalars: 935e43ee-Scenario_Corners_4x1_s00009_Aware.sca
  [corners_4x1_s00009] Converting to Parquet...
  [corners_4x1_s00009] Created: 935e43ee-Scenario_Corners_4x1_s00009_Aware.parquet
  [corners_4x1_s00009] Running Scenario_Corners_4x1_s00009_TrustRid...
  [corners_4x1_s00009] Copied scalars: 935e43ee-Scenario_Corners_4x1_s00009_TrustRid.sca
  [corners_4x1_s00009] Converting to Parquet...
  [corners_4x1_s00009] Created: 935e43ee-Scenario_Corners_4x1_s00009_TrustRid.parquet
  [corners_4x1_s00009] Complete
[1/1] corners_4x1_s00009 done (2 parquet)

Done — 2 parquet file(s) produced.
== Completed Scenario_Corners_4x1_s00009 in 177s ==
== Writing isolated INI: simulations/spoofing_aware_with_planning/sweeps/charts_store/paper_suite_30seeds_plus_steepz_v2/generated/corners_4x1_s00017/omnetpp.ini ==
Wrote simulations/spoofing_aware_with_planning/sweeps/charts_store/paper_suite_30seeds_plus_steepz_v2/generated/corners_4x1_s00017/omnetpp.ini
== Running Scenario_Corners_4x1_s00017 comparison ==
Running 1 scenario(s), 2 config(s), parallel=1
(Each scenario = one INI directory; progress prints when that directory finishes.)

[1/1] corners_4x1_s00017 ...
  [corners_4x1_s00012] Copied scalars: 499f7a5f-Scenario_Corners_4x1_s00012_Aware.sca
  [corners_4x1_s00012] Converting to Parquet...
  [corners_4x1_s00012] Created: 499f7a5f-Scenario_Corners_4x1_s00012_Aware.parquet
  [corners_4x1_s00012] Running Scenario_Corners_4x1_s00012_TrustRid...
  [corners_4x1_s00012] Copied scalars: 499f7a5f-Scenario_Corners_4x1_s00012_TrustRid.sca
  [corners_4x1_s00012] Converting to Parquet...
  [corners_4x1_s00012] Created: 499f7a5f-Scenario_Corners_4x1_s00012_TrustRid.parquet
  [corners_4x1_s00012] Complete
[1/1] corners_4x1_s00012 done (2 parquet)

Done — 2 parquet file(s) produced.
== Completed Scenario_Corners_4x1_s00012 in 169s ==
== Writing isolated INI: simulations/spoofing_aware_with_planning/sweeps/charts_store/paper_suite_30seeds_plus_steepz_v2/generated/corners_4x1_s00018/omnetpp.ini ==
Wrote simulations/spoofing_aware_with_planning/sweeps/charts_store/paper_suite_30seeds_plus_steepz_v2/generated/corners_4x1_s00018/omnetpp.ini
== Running Scenario_Corners_4x1_s00018 comparison ==
Running 1 scenario(s), 2 config(s), parallel=1
(Each scenario = one INI directory; progress prints when that directory finishes.)

[1/1] corners_4x1_s00018 ...
  [corners_4x1_s00010] Copied scalars: ed87c93d-Scenario_Corners_4x1_s00010_Aware.sca
  [corners_4x1_s00010] Converting to Parquet...
  [corners_4x1_s00010] Created: ed87c93d-Scenario_Corners_4x1_s00010_Aware.parquet
  [corners_4x1_s00010] Running Scenario_Corners_4x1_s00010_TrustRid...
  [corners_4x1_s00010] Copied scalars: ed87c93d-Scenario_Corners_4x1_s00010_TrustRid.sca
  [corners_4x1_s00010] Converting to Parquet...
  [corners_4x1_s00010] Created: ed87c93d-Scenario_Corners_4x1_s00010_TrustRid.parquet
  [corners_4x1_s00010] Complete
[1/1] corners_4x1_s00010 done (2 parquet)

Done — 2 parquet file(s) produced.
== Completed Scenario_Corners_4x1_s00010 in 175s ==
== Writing isolated INI: simulations/spoofing_aware_with_planning/sweeps/charts_store/paper_suite_30seeds_plus_steepz_v2/generated/corners_4x1_s00019/omnetpp.ini ==
Wrote simulations/spoofing_aware_with_planning/sweeps/charts_store/paper_suite_30seeds_plus_steepz_v2/generated/corners_4x1_s00019/omnetpp.ini
== Running Scenario_Corners_4x1_s00019 comparison ==
  [corners_4x1_s00011] Copied scalars: 0a5d768c-Scenario_Corners_4x1_s00011_Aware.sca
  [corners_4x1_s00011] Converting to Parquet...
  [corners_4x1_s00011] Created: 0a5d768c-Scenario_Corners_4x1_s00011_Aware.parquet
  [corners_4x1_s00011] Running Scenario_Corners_4x1_s00011_TrustRid...
  [corners_4x1_s00011] Copied scalars: 0a5d768c-Scenario_Corners_4x1_s00011_TrustRid.sca
  [corners_4x1_s00011] Converting to Parquet...
  [corners_4x1_s00011] Created: 0a5d768c-Scenario_Corners_4x1_s00011_TrustRid.parquet
  [corners_4x1_s00011] Complete
[1/1] corners_4x1_s00011 done (2 parquet)

Done — 2 parquet file(s) produced.
Running 1 scenario(s), 2 config(s), parallel=1
(Each scenario = one INI directory; progress prints when that directory finishes.)

[1/1] corners_4x1_s00019 ...
== Completed Scenario_Corners_4x1_s00011 in 175s ==
== Writing isolated INI: simulations/spoofing_aware_with_planning/sweeps/charts_store/paper_suite_30seeds_plus_steepz_v2/generated/corners_4x1_s00020/omnetpp.ini ==
Wrote simulations/spoofing_aware_with_planning/sweeps/charts_store/paper_suite_30seeds_plus_steepz_v2/generated/corners_4x1_s00020/omnetpp.ini
== Running Scenario_Corners_4x1_s00020 comparison ==
Running 1 scenario(s), 2 config(s), parallel=1
(Each scenario = one INI directory; progress prints when that directory finishes.)

[1/1] corners_4x1_s00020 ...
  [corners_4x1_s00014] Copied scalars: 9fa3d090-Scenario_Corners_4x1_s00014_Aware.sca
  [corners_4x1_s00014] Converting to Parquet...
  [corners_4x1_s00014] Created: 9fa3d090-Scenario_Corners_4x1_s00014_Aware.parquet
  [corners_4x1_s00014] Running Scenario_Corners_4x1_s00014_TrustRid...
  [corners_4x1_s00014] Copied scalars: 9fa3d090-Scenario_Corners_4x1_s00014_TrustRid.sca
  [corners_4x1_s00014] Converting to Parquet...
  [corners_4x1_s00014] Created: 9fa3d090-Scenario_Corners_4x1_s00014_TrustRid.parquet
  [corners_4x1_s00014] Complete
[1/1] corners_4x1_s00014 done (2 parquet)

Done — 2 parquet file(s) produced.
== Completed Scenario_Corners_4x1_s00014 in 176s ==
== Writing isolated INI: simulations/spoofing_aware_with_planning/sweeps/charts_store/paper_suite_30seeds_plus_steepz_v2/generated/corners_4x1_s00021/omnetpp.ini ==
Wrote simulations/spoofing_aware_with_planning/sweeps/charts_store/paper_suite_30seeds_plus_steepz_v2/generated/corners_4x1_s00021/omnetpp.ini
== Running Scenario_Corners_4x1_s00021 comparison ==
  [corners_4x1_s00013] Copied scalars: 46615e44-Scenario_Corners_4x1_s00013_Aware.sca
  [corners_4x1_s00013] Converting to Parquet...
  [corners_4x1_s00013] Created: 46615e44-Scenario_Corners_4x1_s00013_Aware.parquet
  [corners_4x1_s00013] Running Scenario_Corners_4x1_s00013_TrustRid...
  [corners_4x1_s00013] Copied scalars: 46615e44-Scenario_Corners_4x1_s00013_TrustRid.sca
  [corners_4x1_s00013] Converting to Parquet...
  [corners_4x1_s00013] Created: 46615e44-Scenario_Corners_4x1_s00013_TrustRid.parquet
  [corners_4x1_s00013] Complete
[1/1] corners_4x1_s00013 done (2 parquet)

Done — 2 parquet file(s) produced.
== Completed Scenario_Corners_4x1_s00013 in 176s ==
== Writing isolated INI: simulations/spoofing_aware_with_planning/sweeps/charts_store/paper_suite_30seeds_plus_steepz_v2/generated/corners_4x1_s00022/omnetpp.ini ==
Wrote simulations/spoofing_aware_with_planning/sweeps/charts_store/paper_suite_30seeds_plus_steepz_v2/generated/corners_4x1_s00022/omnetpp.ini
== Running Scenario_Corners_4x1_s00022 comparison ==
Running 1 scenario(s), 2 config(s), parallel=1
(Each scenario = one INI directory; progress prints when that directory finishes.)

[1/1] corners_4x1_s00021 ...
  [corners_4x1_s00015] Copied scalars: b24be501-Scenario_Corners_4x1_s00015_Aware.sca
  [corners_4x1_s00015] Converting to Parquet...
  [corners_4x1_s00015] Created: b24be501-Scenario_Corners_4x1_s00015_Aware.parquet
  [corners_4x1_s00015] Running Scenario_Corners_4x1_s00015_TrustRid...
  [corners_4x1_s00015] Copied scalars: b24be501-Scenario_Corners_4x1_s00015_TrustRid.sca
  [corners_4x1_s00015] Converting to Parquet...
  [corners_4x1_s00015] Created: b24be501-Scenario_Corners_4x1_s00015_TrustRid.parquet
  [corners_4x1_s00015] Complete
[1/1] corners_4x1_s00015 done (2 parquet)

Done — 2 parquet file(s) produced.
== Completed Scenario_Corners_4x1_s00015 in 176s ==
== Writing isolated INI: simulations/spoofing_aware_with_planning/sweeps/charts_store/paper_suite_30seeds_plus_steepz_v2/generated/corners_4x1_s00023/omnetpp.ini ==
Wrote simulations/spoofing_aware_with_planning/sweeps/charts_store/paper_suite_30seeds_plus_steepz_v2/generated/corners_4x1_s00023/omnetpp.ini
== Running Scenario_Corners_4x1_s00023 comparison ==
Running 1 scenario(s), 2 config(s), parallel=1
(Each scenario = one INI directory; progress prints when that directory finishes.)

[1/1] corners_4x1_s00022 ...
Running 1 scenario(s), 2 config(s), parallel=1
(Each scenario = one INI directory; progress prints when that directory finishes.)

[1/1] corners_4x1_s00023 ...
  [corners_4x1_s00016] Running Scenario_Corners_4x1_s00016_Aware...
  [corners_4x1_s00016:Scenario_Corners_4x1_s00016_Aware:sim] still running... 30s elapsed
  [corners_4x1_s00017] Running Scenario_Corners_4x1_s00017_Aware...
  [corners_4x1_s00017:Scenario_Corners_4x1_s00017_Aware:sim] still running... 30s elapsed
  [corners_4x1_s00018] Running Scenario_Corners_4x1_s00018_Aware...
  [corners_4x1_s00018:Scenario_Corners_4x1_s00018_Aware:sim] still running... 30s elapsed
  [corners_4x1_s00019] Running Scenario_Corners_4x1_s00019_Aware...
  [corners_4x1_s00019:Scenario_Corners_4x1_s00019_Aware:sim] still running... 30s elapsed
  [corners_4x1_s00020] Running Scenario_Corners_4x1_s00020_Aware...
  [corners_4x1_s00020:Scenario_Corners_4x1_s00020_Aware:sim] still running... 30s elapsed
  [corners_4x1_s00021] Running Scenario_Corners_4x1_s00021_Aware...
  [corners_4x1_s00021:Scenario_Corners_4x1_s00021_Aware:sim] still running... 30s elapsed
  [corners_4x1_s00022] Running Scenario_Corners_4x1_s00022_Aware...
  [corners_4x1_s00022:Scenario_Corners_4x1_s00022_Aware:sim] still running... 30s elapsed
  [corners_4x1_s00023] Running Scenario_Corners_4x1_s00023_Aware...
  [corners_4x1_s00023:Scenario_Corners_4x1_s00023_Aware:sim] still running... 30s elapsed
  [corners_4x1_s00016:Scenario_Corners_4x1_s00016_Aware:sim] still running... 60s elapsed
  [corners_4x1_s00017:Scenario_Corners_4x1_s00017_Aware:sim] still running... 60s elapsed
  [corners_4x1_s00018:Scenario_Corners_4x1_s00018_Aware:sim] still running... 60s elapsed
  [corners_4x1_s00019:Scenario_Corners_4x1_s00019_Aware:sim] still running... 60s elapsed
  [corners_4x1_s00020:Scenario_Corners_4x1_s00020_Aware:sim] still running... 60s elapsed
  [corners_4x1_s00021:Scenario_Corners_4x1_s00021_Aware:sim] still running... 60s elapsed
  [corners_4x1_s00022:Scenario_Corners_4x1_s00022_Aware:sim] still running... 60s elapsed
  [corners_4x1_s00023:Scenario_Corners_4x1_s00023_Aware:sim] still running... 60s elapsed
  [corners_4x1_s00016:Scenario_Corners_4x1_s00016_Aware:sim] still running... 90s elapsed
  [corners_4x1_s00017:Scenario_Corners_4x1_s00017_Aware:sim] still running... 90s elapsed
  [corners_4x1_s00018:Scenario_Corners_4x1_s00018_Aware:sim] still running... 90s elapsed
  [corners_4x1_s00019:Scenario_Corners_4x1_s00019_Aware:sim] still running... 90s elapsed
  [corners_4x1_s00020:Scenario_Corners_4x1_s00020_Aware:sim] still running... 90s elapsed
  [corners_4x1_s00021:Scenario_Corners_4x1_s00021_Aware:sim] still running... 90s elapsed
  [corners_4x1_s00022:Scenario_Corners_4x1_s00022_Aware:sim] still running... 90s elapsed
  [corners_4x1_s00023:Scenario_Corners_4x1_s00023_Aware:sim] still running... 90s elapsed
  [corners_4x1_s00016:Scenario_Corners_4x1_s00016_Aware:sim] still running... 120s elapsed
  [corners_4x1_s00017:Scenario_Corners_4x1_s00017_Aware:sim] still running... 120s elapsed
  [corners_4x1_s00018:Scenario_Corners_4x1_s00018_Aware:sim] still running... 120s elapsed
  [corners_4x1_s00019:Scenario_Corners_4x1_s00019_Aware:sim] still running... 120s elapsed
  [corners_4x1_s00020:Scenario_Corners_4x1_s00020_Aware:sim] still running... 120s elapsed
  [corners_4x1_s00021:Scenario_Corners_4x1_s00021_Aware:sim] still running... 120s elapsed
  [corners_4x1_s00022:Scenario_Corners_4x1_s00022_Aware:sim] still running... 120s elapsed
  [corners_4x1_s00023:Scenario_Corners_4x1_s00023_Aware:sim] still running... 120s elapsed
  [corners_4x1_s00016:Scenario_Corners_4x1_s00016_Aware:sim] still running... 150s elapsed
  [corners_4x1_s00017:Scenario_Corners_4x1_s00017_Aware:sim] still running... 150s elapsed
  [corners_4x1_s00018:Scenario_Corners_4x1_s00018_Aware:sim] still running... 150s elapsed
  [corners_4x1_s00016] Copied scalars: 6d731d67-Scenario_Corners_4x1_s00016_Aware.sca
  [corners_4x1_s00016] Converting to Parquet...
  [corners_4x1_s00016] Created: 6d731d67-Scenario_Corners_4x1_s00016_Aware.parquet
  [corners_4x1_s00016] Running Scenario_Corners_4x1_s00016_TrustRid...
  [corners_4x1_s00016] Copied scalars: 6d731d67-Scenario_Corners_4x1_s00016_TrustRid.sca
  [corners_4x1_s00016] Converting to Parquet...
  [corners_4x1_s00016] Created: 6d731d67-Scenario_Corners_4x1_s00016_TrustRid.parquet
  [corners_4x1_s00016] Complete
[1/1] corners_4x1_s00016 done (2 parquet)

Done — 2 parquet file(s) produced.
  [corners_4x1_s00019:Scenario_Corners_4x1_s00019_Aware:sim] still running... 150s elapsed
== Completed Scenario_Corners_4x1_s00016 in 176s ==
== Writing isolated INI: simulations/spoofing_aware_with_planning/sweeps/charts_store/paper_suite_30seeds_plus_steepz_v2/generated/corners_4x1_s00024/omnetpp.ini ==
Wrote simulations/spoofing_aware_with_planning/sweeps/charts_store/paper_suite_30seeds_plus_steepz_v2/generated/corners_4x1_s00024/omnetpp.ini
== Running Scenario_Corners_4x1_s00024 comparison ==
Running 1 scenario(s), 2 config(s), parallel=1
(Each scenario = one INI directory; progress prints when that directory finishes.)

[1/1] corners_4x1_s00024 ...
  [corners_4x1_s00020:Scenario_Corners_4x1_s00020_Aware:sim] still running... 150s elapsed
  [corners_4x1_s00021:Scenario_Corners_4x1_s00021_Aware:sim] still running... 150s elapsed
  [corners_4x1_s00022:Scenario_Corners_4x1_s00022_Aware:sim] still running... 150s elapsed
  [corners_4x1_s00023:Scenario_Corners_4x1_s00023_Aware:sim] still running... 150s elapsed
  [corners_4x1_s00017] Copied scalars: c398a584-Scenario_Corners_4x1_s00017_Aware.sca
  [corners_4x1_s00017] Converting to Parquet...
  [corners_4x1_s00017] Created: c398a584-Scenario_Corners_4x1_s00017_Aware.parquet
  [corners_4x1_s00017] Running Scenario_Corners_4x1_s00017_TrustRid...
  [corners_4x1_s00017] Copied scalars: c398a584-Scenario_Corners_4x1_s00017_TrustRid.sca
  [corners_4x1_s00017] Converting to Parquet...
  [corners_4x1_s00017] Created: c398a584-Scenario_Corners_4x1_s00017_TrustRid.parquet
  [corners_4x1_s00017] Complete
[1/1] corners_4x1_s00017 done (2 parquet)

Done — 2 parquet file(s) produced.
== Completed Scenario_Corners_4x1_s00017 in 176s ==
== Writing isolated INI: simulations/spoofing_aware_with_planning/sweeps/charts_store/paper_suite_30seeds_plus_steepz_v2/generated/corners_4x1_s00025/omnetpp.ini ==
Wrote simulations/spoofing_aware_with_planning/sweeps/charts_store/paper_suite_30seeds_plus_steepz_v2/generated/corners_4x1_s00025/omnetpp.ini
== Running Scenario_Corners_4x1_s00025 comparison ==
Running 1 scenario(s), 2 config(s), parallel=1
(Each scenario = one INI directory; progress prints when that directory finishes.)

[1/1] corners_4x1_s00025 ...
  [corners_4x1_s00018] Copied scalars: fe9c0643-Scenario_Corners_4x1_s00018_Aware.sca
  [corners_4x1_s00018] Converting to Parquet...
  [corners_4x1_s00018] Created: fe9c0643-Scenario_Corners_4x1_s00018_Aware.parquet
  [corners_4x1_s00018] Running Scenario_Corners_4x1_s00018_TrustRid...
  [corners_4x1_s00018] Copied scalars: fe9c0643-Scenario_Corners_4x1_s00018_TrustRid.sca
  [corners_4x1_s00018] Converting to Parquet...
  [corners_4x1_s00018] Created: fe9c0643-Scenario_Corners_4x1_s00018_TrustRid.parquet
  [corners_4x1_s00018] Complete
[1/1] corners_4x1_s00018 done (2 parquet)

Done — 2 parquet file(s) produced.
== Completed Scenario_Corners_4x1_s00018 in 175s ==
== Writing isolated INI: simulations/spoofing_aware_with_planning/sweeps/charts_store/paper_suite_30seeds_plus_steepz_v2/generated/corners_4x1_s00026/omnetpp.ini ==
Wrote simulations/spoofing_aware_with_planning/sweeps/charts_store/paper_suite_30seeds_plus_steepz_v2/generated/corners_4x1_s00026/omnetpp.ini
== Running Scenario_Corners_4x1_s00026 comparison ==
Running 1 scenario(s), 2 config(s), parallel=1
(Each scenario = one INI directory; progress prints when that directory finishes.)

[1/1] corners_4x1_s00026 ...
  [corners_4x1_s00019] Copied scalars: 48c34192-Scenario_Corners_4x1_s00019_Aware.sca
  [corners_4x1_s00019] Converting to Parquet...
  [corners_4x1_s00019] Created: 48c34192-Scenario_Corners_4x1_s00019_Aware.parquet
  [corners_4x1_s00019] Running Scenario_Corners_4x1_s00019_TrustRid...
  [corners_4x1_s00019] Copied scalars: 48c34192-Scenario_Corners_4x1_s00019_TrustRid.sca
  [corners_4x1_s00019] Converting to Parquet...
  [corners_4x1_s00019] Created: 48c34192-Scenario_Corners_4x1_s00019_TrustRid.parquet
  [corners_4x1_s00019] Complete
[1/1] corners_4x1_s00019 done (2 parquet)

Done — 2 parquet file(s) produced.
  [corners_4x1_s00020] Copied scalars: e6bf531d-Scenario_Corners_4x1_s00020_Aware.sca
  [corners_4x1_s00020] Converting to Parquet...
  [corners_4x1_s00020] Created: e6bf531d-Scenario_Corners_4x1_s00020_Aware.parquet
  [corners_4x1_s00020] Running Scenario_Corners_4x1_s00020_TrustRid...
  [corners_4x1_s00020] Copied scalars: e6bf531d-Scenario_Corners_4x1_s00020_TrustRid.sca
  [corners_4x1_s00020] Converting to Parquet...
  [corners_4x1_s00020] Created: e6bf531d-Scenario_Corners_4x1_s00020_TrustRid.parquet
  [corners_4x1_s00020] Complete
[1/1] corners_4x1_s00020 done (2 parquet)

Done — 2 parquet file(s) produced.
== Completed Scenario_Corners_4x1_s00019 in 176s ==
== Writing isolated INI: simulations/spoofing_aware_with_planning/sweeps/charts_store/paper_suite_30seeds_plus_steepz_v2/generated/corners_4x1_s00027/omnetpp.ini ==
Wrote simulations/spoofing_aware_with_planning/sweeps/charts_store/paper_suite_30seeds_plus_steepz_v2/generated/corners_4x1_s00027/omnetpp.ini
== Running Scenario_Corners_4x1_s00027 comparison ==
== Completed Scenario_Corners_4x1_s00020 in 175s ==
== Writing isolated INI: simulations/spoofing_aware_with_planning/sweeps/charts_store/paper_suite_30seeds_plus_steepz_v2/generated/corners_4x1_s00028/omnetpp.ini ==
Wrote simulations/spoofing_aware_with_planning/sweeps/charts_store/paper_suite_30seeds_plus_steepz_v2/generated/corners_4x1_s00028/omnetpp.ini
== Running Scenario_Corners_4x1_s00028 comparison ==
Running 1 scenario(s), 2 config(s), parallel=1
(Each scenario = one INI directory; progress prints when that directory finishes.)

[1/1] corners_4x1_s00027 ...
Running 1 scenario(s), 2 config(s), parallel=1
(Each scenario = one INI directory; progress prints when that directory finishes.)

[1/1] corners_4x1_s00028 ...
  [corners_4x1_s00021] Copied scalars: 77dc450f-Scenario_Corners_4x1_s00021_Aware.sca
  [corners_4x1_s00021] Converting to Parquet...
  [corners_4x1_s00021] Created: 77dc450f-Scenario_Corners_4x1_s00021_Aware.parquet
  [corners_4x1_s00021] Running Scenario_Corners_4x1_s00021_TrustRid...
  [corners_4x1_s00021] Copied scalars: 77dc450f-Scenario_Corners_4x1_s00021_TrustRid.sca
  [corners_4x1_s00021] Converting to Parquet...
  [corners_4x1_s00021] Created: 77dc450f-Scenario_Corners_4x1_s00021_TrustRid.parquet
  [corners_4x1_s00021] Complete
[1/1] corners_4x1_s00021 done (2 parquet)

Done — 2 parquet file(s) produced.
== Completed Scenario_Corners_4x1_s00021 in 175s ==
== Writing isolated INI: simulations/spoofing_aware_with_planning/sweeps/charts_store/paper_suite_30seeds_plus_steepz_v2/generated/corners_4x1_s00029/omnetpp.ini ==
Wrote simulations/spoofing_aware_with_planning/sweeps/charts_store/paper_suite_30seeds_plus_steepz_v2/generated/corners_4x1_s00029/omnetpp.ini
== Running Scenario_Corners_4x1_s00029 comparison ==
  [corners_4x1_s00022] Copied scalars: 424be2c4-Scenario_Corners_4x1_s00022_Aware.sca
  [corners_4x1_s00022] Converting to Parquet...
  [corners_4x1_s00022] Created: 424be2c4-Scenario_Corners_4x1_s00022_Aware.parquet
  [corners_4x1_s00022] Running Scenario_Corners_4x1_s00022_TrustRid...
  [corners_4x1_s00022] Copied scalars: 424be2c4-Scenario_Corners_4x1_s00022_TrustRid.sca
  [corners_4x1_s00022] Converting to Parquet...
  [corners_4x1_s00022] Created: 424be2c4-Scenario_Corners_4x1_s00022_TrustRid.parquet
  [corners_4x1_s00022] Complete
[1/1] corners_4x1_s00022 done (2 parquet)

Done — 2 parquet file(s) produced.
Running 1 scenario(s), 2 config(s), parallel=1
(Each scenario = one INI directory; progress prints when that directory finishes.)

[1/1] corners_4x1_s00029 ...
== Completed Scenario_Corners_4x1_s00022 in 176s ==
== Writing isolated INI: simulations/spoofing_aware_with_planning/sweeps/charts_store/paper_suite_30seeds_plus_steepz_v2/generated/hub_4x1_s00000/omnetpp.ini ==
Wrote simulations/spoofing_aware_with_planning/sweeps/charts_store/paper_suite_30seeds_plus_steepz_v2/generated/hub_4x1_s00000/omnetpp.ini
== Running Scenario_Hub_4x1_s00000 comparison ==
  [corners_4x1_s00023] Copied scalars: d1b3c632-Scenario_Corners_4x1_s00023_Aware.sca
  [corners_4x1_s00023] Converting to Parquet...
  [corners_4x1_s00023] Created: d1b3c632-Scenario_Corners_4x1_s00023_Aware.parquet
  [corners_4x1_s00023] Running Scenario_Corners_4x1_s00023_TrustRid...
  [corners_4x1_s00023] Copied scalars: d1b3c632-Scenario_Corners_4x1_s00023_TrustRid.sca
  [corners_4x1_s00023] Converting to Parquet...
  [corners_4x1_s00023] Created: d1b3c632-Scenario_Corners_4x1_s00023_TrustRid.parquet
  [corners_4x1_s00023] Complete
[1/1] corners_4x1_s00023 done (2 parquet)

Done — 2 parquet file(s) produced.
Running 1 scenario(s), 2 config(s), parallel=1
(Each scenario = one INI directory; progress prints when that directory finishes.)

[1/1] hub_4x1_s00000 ...
== Completed Scenario_Corners_4x1_s00023 in 176s ==
== Writing isolated INI: simulations/spoofing_aware_with_planning/sweeps/charts_store/paper_suite_30seeds_plus_steepz_v2/generated/hub_4x1_s00001/omnetpp.ini ==
Wrote simulations/spoofing_aware_with_planning/sweeps/charts_store/paper_suite_30seeds_plus_steepz_v2/generated/hub_4x1_s00001/omnetpp.ini
== Running Scenario_Hub_4x1_s00001 comparison ==
Running 1 scenario(s), 2 config(s), parallel=1
(Each scenario = one INI directory; progress prints when that directory finishes.)

[1/1] hub_4x1_s00001 ...
  [corners_4x1_s00024] Running Scenario_Corners_4x1_s00024_Aware...
  [corners_4x1_s00024:Scenario_Corners_4x1_s00024_Aware:sim] still running... 30s elapsed
  [corners_4x1_s00025] Running Scenario_Corners_4x1_s00025_Aware...
  [corners_4x1_s00025:Scenario_Corners_4x1_s00025_Aware:sim] still running... 30s elapsed
  [corners_4x1_s00026] Running Scenario_Corners_4x1_s00026_Aware...
  [corners_4x1_s00026:Scenario_Corners_4x1_s00026_Aware:sim] still running... 30s elapsed
  [corners_4x1_s00027] Running Scenario_Corners_4x1_s00027_Aware...
  [corners_4x1_s00027:Scenario_Corners_4x1_s00027_Aware:sim] still running... 30s elapsed
  [corners_4x1_s00028] Running Scenario_Corners_4x1_s00028_Aware...
  [corners_4x1_s00028:Scenario_Corners_4x1_s00028_Aware:sim] still running... 30s elapsed
  [corners_4x1_s00029] Running Scenario_Corners_4x1_s00029_Aware...
  [corners_4x1_s00029:Scenario_Corners_4x1_s00029_Aware:sim] still running... 30s elapsed
  [hub_4x1_s00000] Running Scenario_Hub_4x1_s00000_Aware...
  [hub_4x1_s00000:Scenario_Hub_4x1_s00000_Aware:sim] still running... 30s elapsed
  [hub_4x1_s00001] Running Scenario_Hub_4x1_s00001_Aware...
  [hub_4x1_s00001:Scenario_Hub_4x1_s00001_Aware:sim] still running... 30s elapsed
  [corners_4x1_s00024:Scenario_Corners_4x1_s00024_Aware:sim] still running... 60s elapsed
  [corners_4x1_s00025:Scenario_Corners_4x1_s00025_Aware:sim] still running... 60s elapsed
  [corners_4x1_s00026:Scenario_Corners_4x1_s00026_Aware:sim] still running... 60s elapsed
  [corners_4x1_s00027:Scenario_Corners_4x1_s00027_Aware:sim] still running... 60s elapsed
  [corners_4x1_s00028:Scenario_Corners_4x1_s00028_Aware:sim] still running... 60s elapsed
  [corners_4x1_s00029:Scenario_Corners_4x1_s00029_Aware:sim] still running... 60s elapsed
  [hub_4x1_s00000:Scenario_Hub_4x1_s00000_Aware:sim] still running... 60s elapsed
  [hub_4x1_s00001:Scenario_Hub_4x1_s00001_Aware:sim] still running... 60s elapsed
  [corners_4x1_s00024:Scenario_Corners_4x1_s00024_Aware:sim] still running... 90s elapsed
  [corners_4x1_s00025:Scenario_Corners_4x1_s00025_Aware:sim] still running... 90s elapsed
  [corners_4x1_s00026:Scenario_Corners_4x1_s00026_Aware:sim] still running... 90s elapsed
  [corners_4x1_s00027:Scenario_Corners_4x1_s00027_Aware:sim] still running... 90s elapsed
  [corners_4x1_s00028:Scenario_Corners_4x1_s00028_Aware:sim] still running... 90s elapsed
  [corners_4x1_s00029:Scenario_Corners_4x1_s00029_Aware:sim] still running... 90s elapsed
  [hub_4x1_s00000:Scenario_Hub_4x1_s00000_Aware:sim] still running... 90s elapsed
  [hub_4x1_s00001:Scenario_Hub_4x1_s00001_Aware:sim] still running... 90s elapsed
  [corners_4x1_s00024:Scenario_Corners_4x1_s00024_Aware:sim] still running... 120s elapsed
  [corners_4x1_s00025:Scenario_Corners_4x1_s00025_Aware:sim] still running... 120s elapsed
  [corners_4x1_s00026:Scenario_Corners_4x1_s00026_Aware:sim] still running... 120s elapsed
  [corners_4x1_s00027:Scenario_Corners_4x1_s00027_Aware:sim] still running... 120s elapsed
  [corners_4x1_s00028:Scenario_Corners_4x1_s00028_Aware:sim] still running... 120s elapsed
  [corners_4x1_s00029:Scenario_Corners_4x1_s00029_Aware:sim] still running... 120s elapsed
  [hub_4x1_s00000:Scenario_Hub_4x1_s00000_Aware:sim] still running... 120s elapsed
  [hub_4x1_s00001:Scenario_Hub_4x1_s00001_Aware:sim] still running... 120s elapsed
  [corners_4x1_s00024:Scenario_Corners_4x1_s00024_Aware:sim] still running... 150s elapsed
  [corners_4x1_s00025:Scenario_Corners_4x1_s00025_Aware:sim] still running... 150s elapsed
  [hub_4x1_s00000] Copied scalars: 0d106736-Scenario_Hub_4x1_s00000_Aware.sca
  [hub_4x1_s00000] Converting to Parquet...
  [hub_4x1_s00000] Created: 0d106736-Scenario_Hub_4x1_s00000_Aware.parquet
  [hub_4x1_s00000] Running Scenario_Hub_4x1_s00000_TrustRid...
  [hub_4x1_s00000] Copied scalars: 0d106736-Scenario_Hub_4x1_s00000_TrustRid.sca
  [hub_4x1_s00000] Converting to Parquet...
  [hub_4x1_s00000] Created: 0d106736-Scenario_Hub_4x1_s00000_TrustRid.parquet
  [hub_4x1_s00000] Complete
[1/1] hub_4x1_s00000 done (2 parquet)

Done — 2 parquet file(s) produced.
== Completed Scenario_Hub_4x1_s00000 in 137s ==
== Writing isolated INI: simulations/spoofing_aware_with_planning/sweeps/charts_store/paper_suite_30seeds_plus_steepz_v2/generated/hub_4x1_s00002/omnetpp.ini ==
Wrote simulations/spoofing_aware_with_planning/sweeps/charts_store/paper_suite_30seeds_plus_steepz_v2/generated/hub_4x1_s00002/omnetpp.ini
== Running Scenario_Hub_4x1_s00002 comparison ==
Running 1 scenario(s), 2 config(s), parallel=1
(Each scenario = one INI directory; progress prints when that directory finishes.)

[1/1] hub_4x1_s00002 ...
  [hub_4x1_s00001] Copied scalars: d8e40595-Scenario_Hub_4x1_s00001_Aware.sca
  [hub_4x1_s00001] Converting to Parquet...
  [hub_4x1_s00001] Created: d8e40595-Scenario_Hub_4x1_s00001_Aware.parquet
  [hub_4x1_s00001] Running Scenario_Hub_4x1_s00001_TrustRid...
  [hub_4x1_s00001] Copied scalars: d8e40595-Scenario_Hub_4x1_s00001_TrustRid.sca
  [hub_4x1_s00001] Converting to Parquet...
  [hub_4x1_s00001] Created: d8e40595-Scenario_Hub_4x1_s00001_TrustRid.parquet
  [hub_4x1_s00001] Complete
[1/1] hub_4x1_s00001 done (2 parquet)

Done — 2 parquet file(s) produced.
== Completed Scenario_Hub_4x1_s00001 in 137s ==
== Writing isolated INI: simulations/spoofing_aware_with_planning/sweeps/charts_store/paper_suite_30seeds_plus_steepz_v2/generated/hub_4x1_s00003/omnetpp.ini ==
Wrote simulations/spoofing_aware_with_planning/sweeps/charts_store/paper_suite_30seeds_plus_steepz_v2/generated/hub_4x1_s00003/omnetpp.ini
== Running Scenario_Hub_4x1_s00003 comparison ==
Running 1 scenario(s), 2 config(s), parallel=1
(Each scenario = one INI directory; progress prints when that directory finishes.)

[1/1] hub_4x1_s00003 ...
  [corners_4x1_s00026:Scenario_Corners_4x1_s00026_Aware:sim] still running... 150s elapsed
  [corners_4x1_s00024] Copied scalars: aaa4c96c-Scenario_Corners_4x1_s00024_Aware.sca
  [corners_4x1_s00024] Converting to Parquet...
  [corners_4x1_s00024] Created: aaa4c96c-Scenario_Corners_4x1_s00024_Aware.parquet
  [corners_4x1_s00024] Running Scenario_Corners_4x1_s00024_TrustRid...
  [corners_4x1_s00024] Copied scalars: aaa4c96c-Scenario_Corners_4x1_s00024_TrustRid.sca
  [corners_4x1_s00024] Converting to Parquet...
  [corners_4x1_s00024] Created: aaa4c96c-Scenario_Corners_4x1_s00024_TrustRid.parquet
  [corners_4x1_s00024] Complete
[1/1] corners_4x1_s00024 done (2 parquet)

Done — 2 parquet file(s) produced.
== Completed Scenario_Corners_4x1_s00024 in 175s ==
== Writing isolated INI: simulations/spoofing_aware_with_planning/sweeps/charts_store/paper_suite_30seeds_plus_steepz_v2/generated/hub_4x1_s00004/omnetpp.ini ==
Wrote simulations/spoofing_aware_with_planning/sweeps/charts_store/paper_suite_30seeds_plus_steepz_v2/generated/hub_4x1_s00004/omnetpp.ini
== Running Scenario_Hub_4x1_s00004 comparison ==
  [corners_4x1_s00027:Scenario_Corners_4x1_s00027_Aware:sim] still running... 150s elapsed
  [corners_4x1_s00028:Scenario_Corners_4x1_s00028_Aware:sim] still running... 150s elapsed
Running 1 scenario(s), 2 config(s), parallel=1
(Each scenario = one INI directory; progress prints when that directory finishes.)

[1/1] hub_4x1_s00004 ...
  [corners_4x1_s00029:Scenario_Corners_4x1_s00029_Aware:sim] still running... 150s elapsed
  [corners_4x1_s00025] Copied scalars: f7b9f3a6-Scenario_Corners_4x1_s00025_Aware.sca
  [corners_4x1_s00025] Converting to Parquet...
  [corners_4x1_s00025] Created: f7b9f3a6-Scenario_Corners_4x1_s00025_Aware.parquet
  [corners_4x1_s00025] Running Scenario_Corners_4x1_s00025_TrustRid...
  [corners_4x1_s00025] Copied scalars: f7b9f3a6-Scenario_Corners_4x1_s00025_TrustRid.sca
  [corners_4x1_s00025] Converting to Parquet...
  [corners_4x1_s00025] Created: f7b9f3a6-Scenario_Corners_4x1_s00025_TrustRid.parquet
  [corners_4x1_s00025] Complete
[1/1] corners_4x1_s00025 done (2 parquet)

Done — 2 parquet file(s) produced.
== Completed Scenario_Corners_4x1_s00025 in 177s ==
== Writing isolated INI: simulations/spoofing_aware_with_planning/sweeps/charts_store/paper_suite_30seeds_plus_steepz_v2/generated/hub_4x1_s00005/omnetpp.ini ==
Wrote simulations/spoofing_aware_with_planning/sweeps/charts_store/paper_suite_30seeds_plus_steepz_v2/generated/hub_4x1_s00005/omnetpp.ini
== Running Scenario_Hub_4x1_s00005 comparison ==
Running 1 scenario(s), 2 config(s), parallel=1
(Each scenario = one INI directory; progress prints when that directory finishes.)

[1/1] hub_4x1_s00005 ...
  [corners_4x1_s00026] Copied scalars: 854981e4-Scenario_Corners_4x1_s00026_Aware.sca
  [corners_4x1_s00026] Converting to Parquet...
  [corners_4x1_s00026] Created: 854981e4-Scenario_Corners_4x1_s00026_Aware.parquet
  [corners_4x1_s00026] Running Scenario_Corners_4x1_s00026_TrustRid...
  [corners_4x1_s00026] Copied scalars: 854981e4-Scenario_Corners_4x1_s00026_TrustRid.sca
  [corners_4x1_s00026] Converting to Parquet...
  [corners_4x1_s00026] Created: 854981e4-Scenario_Corners_4x1_s00026_TrustRid.parquet
  [corners_4x1_s00026] Complete
[1/1] corners_4x1_s00026 done (2 parquet)

Done — 2 parquet file(s) produced.
== Completed Scenario_Corners_4x1_s00026 in 176s ==
== Writing isolated INI: simulations/spoofing_aware_with_planning/sweeps/charts_store/paper_suite_30seeds_plus_steepz_v2/generated/hub_4x1_s00006/omnetpp.ini ==
Wrote simulations/spoofing_aware_with_planning/sweeps/charts_store/paper_suite_30seeds_plus_steepz_v2/generated/hub_4x1_s00006/omnetpp.ini
== Running Scenario_Hub_4x1_s00006 comparison ==
  [hub_4x1_s00002] Running Scenario_Hub_4x1_s00002_Aware...
  [hub_4x1_s00002:Scenario_Hub_4x1_s00002_Aware:sim] still running... 30s elapsed
Running 1 scenario(s), 2 config(s), parallel=1
(Each scenario = one INI directory; progress prints when that directory finishes.)

[1/1] hub_4x1_s00006 ...
  [hub_4x1_s00003] Running Scenario_Hub_4x1_s00003_Aware...
  [hub_4x1_s00003:Scenario_Hub_4x1_s00003_Aware:sim] still running... 30s elapsed
  [corners_4x1_s00027] Copied scalars: dd585601-Scenario_Corners_4x1_s00027_Aware.sca
  [corners_4x1_s00027] Converting to Parquet...
  [corners_4x1_s00027] Created: dd585601-Scenario_Corners_4x1_s00027_Aware.parquet
  [corners_4x1_s00027] Running Scenario_Corners_4x1_s00027_TrustRid...
  [corners_4x1_s00027] Copied scalars: dd585601-Scenario_Corners_4x1_s00027_TrustRid.sca
  [corners_4x1_s00027] Converting to Parquet...
  [corners_4x1_s00027] Created: dd585601-Scenario_Corners_4x1_s00027_TrustRid.parquet
  [corners_4x1_s00027] Complete
[1/1] corners_4x1_s00027 done (2 parquet)

Done — 2 parquet file(s) produced.
  [corners_4x1_s00028] Copied scalars: 04677244-Scenario_Corners_4x1_s00028_Aware.sca
  [corners_4x1_s00028] Converting to Parquet...
  [corners_4x1_s00028] Created: 04677244-Scenario_Corners_4x1_s00028_Aware.parquet
  [corners_4x1_s00028] Running Scenario_Corners_4x1_s00028_TrustRid...
  [corners_4x1_s00028] Copied scalars: 04677244-Scenario_Corners_4x1_s00028_TrustRid.sca
  [corners_4x1_s00028] Converting to Parquet...
  [corners_4x1_s00028] Created: 04677244-Scenario_Corners_4x1_s00028_TrustRid.parquet
  [corners_4x1_s00028] Complete
[1/1] corners_4x1_s00028 done (2 parquet)

Done — 2 parquet file(s) produced.
== Completed Scenario_Corners_4x1_s00027 in 176s ==
== Writing isolated INI: simulations/spoofing_aware_with_planning/sweeps/charts_store/paper_suite_30seeds_plus_steepz_v2/generated/hub_4x1_s00007/omnetpp.ini ==
Wrote simulations/spoofing_aware_with_planning/sweeps/charts_store/paper_suite_30seeds_plus_steepz_v2/generated/hub_4x1_s00007/omnetpp.ini
== Running Scenario_Hub_4x1_s00007 comparison ==
== Completed Scenario_Corners_4x1_s00028 in 176s ==
== Writing isolated INI: simulations/spoofing_aware_with_planning/sweeps/charts_store/paper_suite_30seeds_plus_steepz_v2/generated/hub_4x1_s00008/omnetpp.ini ==
Wrote simulations/spoofing_aware_with_planning/sweeps/charts_store/paper_suite_30seeds_plus_steepz_v2/generated/hub_4x1_s00008/omnetpp.ini
== Running Scenario_Hub_4x1_s00008 comparison ==
Running 1 scenario(s), 2 config(s), parallel=1
(Each scenario = one INI directory; progress prints when that directory finishes.)

[1/1] hub_4x1_s00007 ...
Running 1 scenario(s), 2 config(s), parallel=1
(Each scenario = one INI directory; progress prints when that directory finishes.)

[1/1] hub_4x1_s00008 ...
  [corners_4x1_s00029] Copied scalars: 881986e5-Scenario_Corners_4x1_s00029_Aware.sca
  [corners_4x1_s00029] Converting to Parquet...
  [corners_4x1_s00029] Created: 881986e5-Scenario_Corners_4x1_s00029_Aware.parquet
  [corners_4x1_s00029] Running Scenario_Corners_4x1_s00029_TrustRid...
  [corners_4x1_s00029] Copied scalars: 881986e5-Scenario_Corners_4x1_s00029_TrustRid.sca
  [corners_4x1_s00029] Converting to Parquet...
  [corners_4x1_s00029] Created: 881986e5-Scenario_Corners_4x1_s00029_TrustRid.parquet
  [corners_4x1_s00029] Complete
[1/1] corners_4x1_s00029 done (2 parquet)

Done — 2 parquet file(s) produced.
== Completed Scenario_Corners_4x1_s00029 in 176s ==
== Writing isolated INI: simulations/spoofing_aware_with_planning/sweeps/charts_store/paper_suite_30seeds_plus_steepz_v2/generated/hub_4x1_s00009/omnetpp.ini ==
Wrote simulations/spoofing_aware_with_planning/sweeps/charts_store/paper_suite_30seeds_plus_steepz_v2/generated/hub_4x1_s00009/omnetpp.ini
== Running Scenario_Hub_4x1_s00009 comparison ==
Running 1 scenario(s), 2 config(s), parallel=1
(Each scenario = one INI directory; progress prints when that directory finishes.)

[1/1] hub_4x1_s00009 ...
  [hub_4x1_s00004] Running Scenario_Hub_4x1_s00004_Aware...
  [hub_4x1_s00004:Scenario_Hub_4x1_s00004_Aware:sim] still running... 30s elapsed
  [hub_4x1_s00005] Running Scenario_Hub_4x1_s00005_Aware...
  [hub_4x1_s00005:Scenario_Hub_4x1_s00005_Aware:sim] still running... 30s elapsed
  [hub_4x1_s00002:Scenario_Hub_4x1_s00002_Aware:sim] still running... 60s elapsed
  [hub_4x1_s00006] Running Scenario_Hub_4x1_s00006_Aware...
  [hub_4x1_s00006:Scenario_Hub_4x1_s00006_Aware:sim] still running... 30s elapsed
  [hub_4x1_s00003:Scenario_Hub_4x1_s00003_Aware:sim] still running... 60s elapsed
  [hub_4x1_s00007] Running Scenario_Hub_4x1_s00007_Aware...
  [hub_4x1_s00007:Scenario_Hub_4x1_s00007_Aware:sim] still running... 30s elapsed
  [hub_4x1_s00008] Running Scenario_Hub_4x1_s00008_Aware...
  [hub_4x1_s00008:Scenario_Hub_4x1_s00008_Aware:sim] still running... 30s elapsed
  [hub_4x1_s00009] Running Scenario_Hub_4x1_s00009_Aware...
  [hub_4x1_s00009:Scenario_Hub_4x1_s00009_Aware:sim] still running... 30s elapsed
  [hub_4x1_s00004:Scenario_Hub_4x1_s00004_Aware:sim] still running... 60s elapsed
  [hub_4x1_s00005:Scenario_Hub_4x1_s00005_Aware:sim] still running... 60s elapsed
  [hub_4x1_s00002:Scenario_Hub_4x1_s00002_Aware:sim] still running... 90s elapsed
  [hub_4x1_s00006:Scenario_Hub_4x1_s00006_Aware:sim] still running... 60s elapsed
  [hub_4x1_s00003:Scenario_Hub_4x1_s00003_Aware:sim] still running... 90s elapsed
  [hub_4x1_s00007:Scenario_Hub_4x1_s00007_Aware:sim] still running... 60s elapsed
  [hub_4x1_s00008:Scenario_Hub_4x1_s00008_Aware:sim] still running... 60s elapsed
  [hub_4x1_s00009:Scenario_Hub_4x1_s00009_Aware:sim] still running... 60s elapsed
  [hub_4x1_s00004:Scenario_Hub_4x1_s00004_Aware:sim] still running... 90s elapsed
  [hub_4x1_s00005:Scenario_Hub_4x1_s00005_Aware:sim] still running... 90s elapsed
  [hub_4x1_s00002:Scenario_Hub_4x1_s00002_Aware:sim] still running... 120s elapsed
  [hub_4x1_s00006:Scenario_Hub_4x1_s00006_Aware:sim] still running... 90s elapsed
  [hub_4x1_s00003:Scenario_Hub_4x1_s00003_Aware:sim] still running... 120s elapsed
  [hub_4x1_s00007:Scenario_Hub_4x1_s00007_Aware:sim] still running... 90s elapsed
  [hub_4x1_s00008:Scenario_Hub_4x1_s00008_Aware:sim] still running... 90s elapsed
  [hub_4x1_s00009:Scenario_Hub_4x1_s00009_Aware:sim] still running... 90s elapsed
  [hub_4x1_s00002] Copied scalars: ae56b453-Scenario_Hub_4x1_s00002_Aware.sca
  [hub_4x1_s00002] Converting to Parquet...
  [hub_4x1_s00002] Created: ae56b453-Scenario_Hub_4x1_s00002_Aware.parquet
  [hub_4x1_s00002] Running Scenario_Hub_4x1_s00002_TrustRid...
  [hub_4x1_s00002] Copied scalars: ae56b453-Scenario_Hub_4x1_s00002_TrustRid.sca
  [hub_4x1_s00002] Converting to Parquet...
  [hub_4x1_s00002] Created: ae56b453-Scenario_Hub_4x1_s00002_TrustRid.parquet
  [hub_4x1_s00002] Complete
[1/1] hub_4x1_s00002 done (2 parquet)

Done — 2 parquet file(s) produced.
  [hub_4x1_s00004:Scenario_Hub_4x1_s00004_Aware:sim] still running... 120s elapsed
== Completed Scenario_Hub_4x1_s00002 in 131s ==
== Writing isolated INI: simulations/spoofing_aware_with_planning/sweeps/charts_store/paper_suite_30seeds_plus_steepz_v2/generated/hub_4x1_s00010/omnetpp.ini ==
Wrote simulations/spoofing_aware_with_planning/sweeps/charts_store/paper_suite_30seeds_plus_steepz_v2/generated/hub_4x1_s00010/omnetpp.ini
== Running Scenario_Hub_4x1_s00010 comparison ==
Running 1 scenario(s), 2 config(s), parallel=1
(Each scenario = one INI directory; progress prints when that directory finishes.)

[1/1] hub_4x1_s00010 ...
  [hub_4x1_s00003] Copied scalars: c6431fde-Scenario_Hub_4x1_s00003_Aware.sca
  [hub_4x1_s00003] Converting to Parquet...
  [hub_4x1_s00003] Created: c6431fde-Scenario_Hub_4x1_s00003_Aware.parquet
  [hub_4x1_s00003] Running Scenario_Hub_4x1_s00003_TrustRid...
  [hub_4x1_s00003] Copied scalars: c6431fde-Scenario_Hub_4x1_s00003_TrustRid.sca
  [hub_4x1_s00003] Converting to Parquet...
  [hub_4x1_s00003] Created: c6431fde-Scenario_Hub_4x1_s00003_TrustRid.parquet
  [hub_4x1_s00003] Complete
[1/1] hub_4x1_s00003 done (2 parquet)

Done — 2 parquet file(s) produced.
== Completed Scenario_Hub_4x1_s00003 in 137s ==
== Writing isolated INI: simulations/spoofing_aware_with_planning/sweeps/charts_store/paper_suite_30seeds_plus_steepz_v2/generated/hub_4x1_s00011/omnetpp.ini ==
Wrote simulations/spoofing_aware_with_planning/sweeps/charts_store/paper_suite_30seeds_plus_steepz_v2/generated/hub_4x1_s00011/omnetpp.ini
== Running Scenario_Hub_4x1_s00011 comparison ==
Running 1 scenario(s), 2 config(s), parallel=1
(Each scenario = one INI directory; progress prints when that directory finishes.)

[1/1] hub_4x1_s00011 ...
  [hub_4x1_s00005:Scenario_Hub_4x1_s00005_Aware:sim] still running... 120s elapsed
  [hub_4x1_s00004] Copied scalars: f7c4dbd8-Scenario_Hub_4x1_s00004_Aware.sca
  [hub_4x1_s00004] Converting to Parquet...
  [hub_4x1_s00004] Created: f7c4dbd8-Scenario_Hub_4x1_s00004_Aware.parquet
  [hub_4x1_s00004] Running Scenario_Hub_4x1_s00004_TrustRid...
  [hub_4x1_s00004] Copied scalars: f7c4dbd8-Scenario_Hub_4x1_s00004_TrustRid.sca
  [hub_4x1_s00004] Converting to Parquet...
  [hub_4x1_s00004] Created: f7c4dbd8-Scenario_Hub_4x1_s00004_TrustRid.parquet
  [hub_4x1_s00004] Complete
[1/1] hub_4x1_s00004 done (2 parquet)

Done — 2 parquet file(s) produced.
== Completed Scenario_Hub_4x1_s00004 in 133s ==
== Writing isolated INI: simulations/spoofing_aware_with_planning/sweeps/charts_store/paper_suite_30seeds_plus_steepz_v2/generated/hub_4x1_s00012/omnetpp.ini ==
Wrote simulations/spoofing_aware_with_planning/sweeps/charts_store/paper_suite_30seeds_plus_steepz_v2/generated/hub_4x1_s00012/omnetpp.ini
== Running Scenario_Hub_4x1_s00012 comparison ==
Running 1 scenario(s), 2 config(s), parallel=1
(Each scenario = one INI directory; progress prints when that directory finishes.)

[1/1] hub_4x1_s00012 ...
  [hub_4x1_s00006:Scenario_Hub_4x1_s00006_Aware:sim] still running... 120s elapsed
  [hub_4x1_s00007:Scenario_Hub_4x1_s00007_Aware:sim] still running... 120s elapsed
  [hub_4x1_s00008:Scenario_Hub_4x1_s00008_Aware:sim] still running... 120s elapsed
  [hub_4x1_s00009:Scenario_Hub_4x1_s00009_Aware:sim] still running... 120s elapsed
  [hub_4x1_s00005] Copied scalars: 9b9a38cf-Scenario_Hub_4x1_s00005_Aware.sca
  [hub_4x1_s00005] Converting to Parquet...
  [hub_4x1_s00005] Created: 9b9a38cf-Scenario_Hub_4x1_s00005_Aware.parquet
  [hub_4x1_s00005] Running Scenario_Hub_4x1_s00005_TrustRid...
  [hub_4x1_s00005] Copied scalars: 9b9a38cf-Scenario_Hub_4x1_s00005_TrustRid.sca
  [hub_4x1_s00005] Converting to Parquet...
  [hub_4x1_s00005] Created: 9b9a38cf-Scenario_Hub_4x1_s00005_TrustRid.parquet
  [hub_4x1_s00005] Complete
[1/1] hub_4x1_s00005 done (2 parquet)

Done — 2 parquet file(s) produced.
== Completed Scenario_Hub_4x1_s00005 in 137s ==
== Writing isolated INI: simulations/spoofing_aware_with_planning/sweeps/charts_store/paper_suite_30seeds_plus_steepz_v2/generated/hub_4x1_s00013/omnetpp.ini ==
Wrote simulations/spoofing_aware_with_planning/sweeps/charts_store/paper_suite_30seeds_plus_steepz_v2/generated/hub_4x1_s00013/omnetpp.ini
== Running Scenario_Hub_4x1_s00013 comparison ==
Running 1 scenario(s), 2 config(s), parallel=1
(Each scenario = one INI directory; progress prints when that directory finishes.)

[1/1] hub_4x1_s00013 ...
  [hub_4x1_s00010] Running Scenario_Hub_4x1_s00010_Aware...
  [hub_4x1_s00010:Scenario_Hub_4x1_s00010_Aware:sim] still running... 30s elapsed
  [hub_4x1_s00006] Copied scalars: 92a2cac8-Scenario_Hub_4x1_s00006_Aware.sca
  [hub_4x1_s00006] Converting to Parquet...
  [hub_4x1_s00006] Created: 92a2cac8-Scenario_Hub_4x1_s00006_Aware.parquet
  [hub_4x1_s00006] Running Scenario_Hub_4x1_s00006_TrustRid...
  [hub_4x1_s00006] Copied scalars: 92a2cac8-Scenario_Hub_4x1_s00006_TrustRid.sca
  [hub_4x1_s00006] Converting to Parquet...
  [hub_4x1_s00006] Created: 92a2cac8-Scenario_Hub_4x1_s00006_TrustRid.parquet
  [hub_4x1_s00006] Complete
[1/1] hub_4x1_s00006 done (2 parquet)

Done — 2 parquet file(s) produced.
== Completed Scenario_Hub_4x1_s00006 in 138s ==
== Writing isolated INI: simulations/spoofing_aware_with_planning/sweeps/charts_store/paper_suite_30seeds_plus_steepz_v2/generated/hub_4x1_s00014/omnetpp.ini ==
Wrote simulations/spoofing_aware_with_planning/sweeps/charts_store/paper_suite_30seeds_plus_steepz_v2/generated/hub_4x1_s00014/omnetpp.ini
== Running Scenario_Hub_4x1_s00014 comparison ==
Running 1 scenario(s), 2 config(s), parallel=1
(Each scenario = one INI directory; progress prints when that directory finishes.)

[1/1] hub_4x1_s00014 ...
  [hub_4x1_s00011] Running Scenario_Hub_4x1_s00011_Aware...
  [hub_4x1_s00011:Scenario_Hub_4x1_s00011_Aware:sim] still running... 30s elapsed
  [hub_4x1_s00008] Copied scalars: b8e7b4d6-Scenario_Hub_4x1_s00008_Aware.sca
  [hub_4x1_s00008] Converting to Parquet...
  [hub_4x1_s00008] Created: b8e7b4d6-Scenario_Hub_4x1_s00008_Aware.parquet
  [hub_4x1_s00008] Running Scenario_Hub_4x1_s00008_TrustRid...
  [hub_4x1_s00008] Copied scalars: b8e7b4d6-Scenario_Hub_4x1_s00008_TrustRid.sca
  [hub_4x1_s00008] Converting to Parquet...
  [hub_4x1_s00008] Created: b8e7b4d6-Scenario_Hub_4x1_s00008_TrustRid.parquet
  [hub_4x1_s00008] Complete
[1/1] hub_4x1_s00008 done (2 parquet)

Done — 2 parquet file(s) produced.
== Completed Scenario_Hub_4x1_s00008 in 133s ==
== Writing isolated INI: simulations/spoofing_aware_with_planning/sweeps/charts_store/paper_suite_30seeds_plus_steepz_v2/generated/hub_4x1_s00015/omnetpp.ini ==
Wrote simulations/spoofing_aware_with_planning/sweeps/charts_store/paper_suite_30seeds_plus_steepz_v2/generated/hub_4x1_s00015/omnetpp.ini
== Running Scenario_Hub_4x1_s00015 comparison ==
Running 1 scenario(s), 2 config(s), parallel=1
(Each scenario = one INI directory; progress prints when that directory finishes.)

[1/1] hub_4x1_s00015 ...
  [hub_4x1_s00007] Copied scalars: 62323193-Scenario_Hub_4x1_s00007_Aware.sca
  [hub_4x1_s00007] Converting to Parquet...
  [hub_4x1_s00007] Created: 62323193-Scenario_Hub_4x1_s00007_Aware.parquet
  [hub_4x1_s00007] Running Scenario_Hub_4x1_s00007_TrustRid...
  [hub_4x1_s00007] Copied scalars: 62323193-Scenario_Hub_4x1_s00007_TrustRid.sca
  [hub_4x1_s00007] Converting to Parquet...
  [hub_4x1_s00007] Created: 62323193-Scenario_Hub_4x1_s00007_TrustRid.parquet
  [hub_4x1_s00007] Complete
[1/1] hub_4x1_s00007 done (2 parquet)

Done — 2 parquet file(s) produced.
  [hub_4x1_s00012] Running Scenario_Hub_4x1_s00012_Aware...
  [hub_4x1_s00012:Scenario_Hub_4x1_s00012_Aware:sim] still running... 30s elapsed
== Completed Scenario_Hub_4x1_s00007 in 138s ==
== Writing isolated INI: simulations/spoofing_aware_with_planning/sweeps/charts_store/paper_suite_30seeds_plus_steepz_v2/generated/hub_4x1_s00016/omnetpp.ini ==
Wrote simulations/spoofing_aware_with_planning/sweeps/charts_store/paper_suite_30seeds_plus_steepz_v2/generated/hub_4x1_s00016/omnetpp.ini
== Running Scenario_Hub_4x1_s00016 comparison ==
Running 1 scenario(s), 2 config(s), parallel=1
(Each scenario = one INI directory; progress prints when that directory finishes.)

[1/1] hub_4x1_s00016 ...
  [hub_4x1_s00009] Copied scalars: 5d3da11f-Scenario_Hub_4x1_s00009_Aware.sca
  [hub_4x1_s00009] Converting to Parquet...
  [hub_4x1_s00009] Created: 5d3da11f-Scenario_Hub_4x1_s00009_Aware.parquet
  [hub_4x1_s00009] Running Scenario_Hub_4x1_s00009_TrustRid...
  [hub_4x1_s00009] Copied scalars: 5d3da11f-Scenario_Hub_4x1_s00009_TrustRid.sca
  [hub_4x1_s00009] Converting to Parquet...
  [hub_4x1_s00009] Created: 5d3da11f-Scenario_Hub_4x1_s00009_TrustRid.parquet
  [hub_4x1_s00009] Complete
[1/1] hub_4x1_s00009 done (2 parquet)

Done — 2 parquet file(s) produced.
== Completed Scenario_Hub_4x1_s00009 in 138s ==
== Writing isolated INI: simulations/spoofing_aware_with_planning/sweeps/charts_store/paper_suite_30seeds_plus_steepz_v2/generated/hub_4x1_s00017/omnetpp.ini ==
Wrote simulations/spoofing_aware_with_planning/sweeps/charts_store/paper_suite_30seeds_plus_steepz_v2/generated/hub_4x1_s00017/omnetpp.ini
== Running Scenario_Hub_4x1_s00017 comparison ==
Running 1 scenario(s), 2 config(s), parallel=1
(Each scenario = one INI directory; progress prints when that directory finishes.)

[1/1] hub_4x1_s00017 ...
  [hub_4x1_s00013] Running Scenario_Hub_4x1_s00013_Aware...
  [hub_4x1_s00013:Scenario_Hub_4x1_s00013_Aware:sim] still running... 30s elapsed
  [hub_4x1_s00010:Scenario_Hub_4x1_s00010_Aware:sim] still running... 60s elapsed
  [hub_4x1_s00014] Running Scenario_Hub_4x1_s00014_Aware...
  [hub_4x1_s00014:Scenario_Hub_4x1_s00014_Aware:sim] still running... 30s elapsed
  [hub_4x1_s00011:Scenario_Hub_4x1_s00011_Aware:sim] still running... 60s elapsed
  [hub_4x1_s00015] Running Scenario_Hub_4x1_s00015_Aware...
  [hub_4x1_s00015:Scenario_Hub_4x1_s00015_Aware:sim] still running... 30s elapsed
  [hub_4x1_s00012:Scenario_Hub_4x1_s00012_Aware:sim] still running... 60s elapsed
  [hub_4x1_s00016] Running Scenario_Hub_4x1_s00016_Aware...
  [hub_4x1_s00016:Scenario_Hub_4x1_s00016_Aware:sim] still running... 30s elapsed
  [hub_4x1_s00017] Running Scenario_Hub_4x1_s00017_Aware...
  [hub_4x1_s00017:Scenario_Hub_4x1_s00017_Aware:sim] still running... 30s elapsed
  [hub_4x1_s00013:Scenario_Hub_4x1_s00013_Aware:sim] still running... 60s elapsed
  [hub_4x1_s00010:Scenario_Hub_4x1_s00010_Aware:sim] still running... 90s elapsed
  [hub_4x1_s00014:Scenario_Hub_4x1_s00014_Aware:sim] still running... 60s elapsed
  [hub_4x1_s00011:Scenario_Hub_4x1_s00011_Aware:sim] still running... 90s elapsed
  [hub_4x1_s00015:Scenario_Hub_4x1_s00015_Aware:sim] still running... 60s elapsed
  [hub_4x1_s00012:Scenario_Hub_4x1_s00012_Aware:sim] still running... 90s elapsed
  [hub_4x1_s00016:Scenario_Hub_4x1_s00016_Aware:sim] still running... 60s elapsed
  [hub_4x1_s00017:Scenario_Hub_4x1_s00017_Aware:sim] still running... 60s elapsed
  [hub_4x1_s00013:Scenario_Hub_4x1_s00013_Aware:sim] still running... 90s elapsed
  [hub_4x1_s00010:Scenario_Hub_4x1_s00010_Aware:sim] still running... 120s elapsed
  [hub_4x1_s00014:Scenario_Hub_4x1_s00014_Aware:sim] still running... 90s elapsed
  [hub_4x1_s00011:Scenario_Hub_4x1_s00011_Aware:sim] still running... 120s elapsed
  [hub_4x1_s00015:Scenario_Hub_4x1_s00015_Aware:sim] still running... 90s elapsed
  [hub_4x1_s00012:Scenario_Hub_4x1_s00012_Aware:sim] still running... 120s elapsed
  [hub_4x1_s00016:Scenario_Hub_4x1_s00016_Aware:sim] still running... 90s elapsed
  [hub_4x1_s00017:Scenario_Hub_4x1_s00017_Aware:sim] still running... 90s elapsed
  [hub_4x1_s00010] Copied scalars: a3fd9d1d-Scenario_Hub_4x1_s00010_Aware.sca
  [hub_4x1_s00010] Converting to Parquet...
  [hub_4x1_s00010] Created: a3fd9d1d-Scenario_Hub_4x1_s00010_Aware.parquet
  [hub_4x1_s00010] Running Scenario_Hub_4x1_s00010_TrustRid...
  [hub_4x1_s00010] Copied scalars: a3fd9d1d-Scenario_Hub_4x1_s00010_TrustRid.sca
  [hub_4x1_s00010] Converting to Parquet...
  [hub_4x1_s00010] Created: a3fd9d1d-Scenario_Hub_4x1_s00010_TrustRid.parquet
  [hub_4x1_s00010] Complete
[1/1] hub_4x1_s00010 done (2 parquet)

Done — 2 parquet file(s) produced.
== Completed Scenario_Hub_4x1_s00010 in 138s ==
== Writing isolated INI: simulations/spoofing_aware_with_planning/sweeps/charts_store/paper_suite_30seeds_plus_steepz_v2/generated/hub_4x1_s00018/omnetpp.ini ==
Wrote simulations/spoofing_aware_with_planning/sweeps/charts_store/paper_suite_30seeds_plus_steepz_v2/generated/hub_4x1_s00018/omnetpp.ini
== Running Scenario_Hub_4x1_s00018 comparison ==
Running 1 scenario(s), 2 config(s), parallel=1
(Each scenario = one INI directory; progress prints when that directory finishes.)

[1/1] hub_4x1_s00018 ...
  [hub_4x1_s00011] Copied scalars: e5210ff4-Scenario_Hub_4x1_s00011_Aware.sca
  [hub_4x1_s00011] Converting to Parquet...
  [hub_4x1_s00011] Created: e5210ff4-Scenario_Hub_4x1_s00011_Aware.parquet
  [hub_4x1_s00011] Running Scenario_Hub_4x1_s00011_TrustRid...
  [hub_4x1_s00011] Copied scalars: e5210ff4-Scenario_Hub_4x1_s00011_TrustRid.sca
  [hub_4x1_s00011] Converting to Parquet...
  [hub_4x1_s00011] Created: e5210ff4-Scenario_Hub_4x1_s00011_TrustRid.parquet
  [hub_4x1_s00011] Complete
[1/1] hub_4x1_s00011 done (2 parquet)

Done — 2 parquet file(s) produced.
== Completed Scenario_Hub_4x1_s00011 in 137s ==
== Writing isolated INI: simulations/spoofing_aware_with_planning/sweeps/charts_store/paper_suite_30seeds_plus_steepz_v2/generated/hub_4x1_s00019/omnetpp.ini ==
Wrote simulations/spoofing_aware_with_planning/sweeps/charts_store/paper_suite_30seeds_plus_steepz_v2/generated/hub_4x1_s00019/omnetpp.ini
== Running Scenario_Hub_4x1_s00019 comparison ==
Running 1 scenario(s), 2 config(s), parallel=1
(Each scenario = one INI directory; progress prints when that directory finishes.)

[1/1] hub_4x1_s00019 ...
  [hub_4x1_s00013:Scenario_Hub_4x1_s00013_Aware:sim] still running... 120s elapsed
  [hub_4x1_s00012] Copied scalars: b59d861b-Scenario_Hub_4x1_s00012_Aware.sca
  [hub_4x1_s00012] Converting to Parquet...
  [hub_4x1_s00012] Created: b59d861b-Scenario_Hub_4x1_s00012_Aware.parquet
  [hub_4x1_s00012] Running Scenario_Hub_4x1_s00012_TrustRid...
  [hub_4x1_s00012] Copied scalars: b59d861b-Scenario_Hub_4x1_s00012_TrustRid.sca
  [hub_4x1_s00012] Converting to Parquet...
  [hub_4x1_s00012] Created: b59d861b-Scenario_Hub_4x1_s00012_TrustRid.parquet
  [hub_4x1_s00012] Complete
[1/1] hub_4x1_s00012 done (2 parquet)

Done — 2 parquet file(s) produced.
== Completed Scenario_Hub_4x1_s00012 in 142s ==
== Writing isolated INI: simulations/spoofing_aware_with_planning/sweeps/charts_store/paper_suite_30seeds_plus_steepz_v2/generated/hub_4x1_s00020/omnetpp.ini ==
Wrote simulations/spoofing_aware_with_planning/sweeps/charts_store/paper_suite_30seeds_plus_steepz_v2/generated/hub_4x1_s00020/omnetpp.ini
== Running Scenario_Hub_4x1_s00020 comparison ==
Running 1 scenario(s), 2 config(s), parallel=1
(Each scenario = one INI directory; progress prints when that directory finishes.)

[1/1] hub_4x1_s00020 ...
  [hub_4x1_s00014:Scenario_Hub_4x1_s00014_Aware:sim] still running... 120s elapsed
  [hub_4x1_s00015:Scenario_Hub_4x1_s00015_Aware:sim] still running... 120s elapsed
  [hub_4x1_s00016:Scenario_Hub_4x1_s00016_Aware:sim] still running... 120s elapsed
  [hub_4x1_s00013] Copied scalars: 34bfce13-Scenario_Hub_4x1_s00013_Aware.sca
  [hub_4x1_s00013] Converting to Parquet...
  [hub_4x1_s00013] Created: 34bfce13-Scenario_Hub_4x1_s00013_Aware.parquet
  [hub_4x1_s00013] Running Scenario_Hub_4x1_s00013_TrustRid...
  [hub_4x1_s00013] Copied scalars: 34bfce13-Scenario_Hub_4x1_s00013_TrustRid.sca
  [hub_4x1_s00013] Converting to Parquet...
  [hub_4x1_s00013] Created: 34bfce13-Scenario_Hub_4x1_s00013_TrustRid.parquet
  [hub_4x1_s00013] Complete
[1/1] hub_4x1_s00013 done (2 parquet)

Done — 2 parquet file(s) produced.
== Completed Scenario_Hub_4x1_s00013 in 138s ==
== Writing isolated INI: simulations/spoofing_aware_with_planning/sweeps/charts_store/paper_suite_30seeds_plus_steepz_v2/generated/hub_4x1_s00021/omnetpp.ini ==
Wrote simulations/spoofing_aware_with_planning/sweeps/charts_store/paper_suite_30seeds_plus_steepz_v2/generated/hub_4x1_s00021/omnetpp.ini
== Running Scenario_Hub_4x1_s00021 comparison ==
  [hub_4x1_s00017:Scenario_Hub_4x1_s00017_Aware:sim] still running... 120s elapsed
Running 1 scenario(s), 2 config(s), parallel=1
(Each scenario = one INI directory; progress prints when that directory finishes.)

[1/1] hub_4x1_s00021 ...
  [hub_4x1_s00018] Running Scenario_Hub_4x1_s00018_Aware...
  [hub_4x1_s00018:Scenario_Hub_4x1_s00018_Aware:sim] still running... 30s elapsed
  [hub_4x1_s00014] Copied scalars: 81d4f9c0-Scenario_Hub_4x1_s00014_Aware.sca
  [hub_4x1_s00014] Converting to Parquet...
  [hub_4x1_s00014] Created: 81d4f9c0-Scenario_Hub_4x1_s00014_Aware.parquet
  [hub_4x1_s00014] Running Scenario_Hub_4x1_s00014_TrustRid...
  [hub_4x1_s00014] Copied scalars: 81d4f9c0-Scenario_Hub_4x1_s00014_TrustRid.sca
  [hub_4x1_s00014] Converting to Parquet...
  [hub_4x1_s00014] Created: 81d4f9c0-Scenario_Hub_4x1_s00014_TrustRid.parquet
  [hub_4x1_s00014] Complete
[1/1] hub_4x1_s00014 done (2 parquet)

Done — 2 parquet file(s) produced.
== Completed Scenario_Hub_4x1_s00014 in 138s ==
== Writing isolated INI: simulations/spoofing_aware_with_planning/sweeps/charts_store/paper_suite_30seeds_plus_steepz_v2/generated/hub_4x1_s00022/omnetpp.ini ==
Wrote simulations/spoofing_aware_with_planning/sweeps/charts_store/paper_suite_30seeds_plus_steepz_v2/generated/hub_4x1_s00022/omnetpp.ini
== Running Scenario_Hub_4x1_s00022 comparison ==
  [hub_4x1_s00019] Running Scenario_Hub_4x1_s00019_Aware...
  [hub_4x1_s00019:Scenario_Hub_4x1_s00019_Aware:sim] still running... 30s elapsed
Running 1 scenario(s), 2 config(s), parallel=1
(Each scenario = one INI directory; progress prints when that directory finishes.)

[1/1] hub_4x1_s00022 ...
  [hub_4x1_s00015] Copied scalars: d5403743-Scenario_Hub_4x1_s00015_Aware.sca
  [hub_4x1_s00015] Converting to Parquet...
  [hub_4x1_s00015] Created: d5403743-Scenario_Hub_4x1_s00015_Aware.parquet
  [hub_4x1_s00015] Running Scenario_Hub_4x1_s00015_TrustRid...
  [hub_4x1_s00015] Copied scalars: d5403743-Scenario_Hub_4x1_s00015_TrustRid.sca
  [hub_4x1_s00015] Converting to Parquet...
  [hub_4x1_s00015] Created: d5403743-Scenario_Hub_4x1_s00015_TrustRid.parquet
  [hub_4x1_s00015] Complete
[1/1] hub_4x1_s00015 done (2 parquet)

Done — 2 parquet file(s) produced.
== Completed Scenario_Hub_4x1_s00015 in 139s ==
== Writing isolated INI: simulations/spoofing_aware_with_planning/sweeps/charts_store/paper_suite_30seeds_plus_steepz_v2/generated/hub_4x1_s00023/omnetpp.ini ==
Wrote simulations/spoofing_aware_with_planning/sweeps/charts_store/paper_suite_30seeds_plus_steepz_v2/generated/hub_4x1_s00023/omnetpp.ini
== Running Scenario_Hub_4x1_s00023 comparison ==
Running 1 scenario(s), 2 config(s), parallel=1
(Each scenario = one INI directory; progress prints when that directory finishes.)

[1/1] hub_4x1_s00023 ...
  [hub_4x1_s00016] Copied scalars: c5746aaf-Scenario_Hub_4x1_s00016_Aware.sca
  [hub_4x1_s00016] Converting to Parquet...
  [hub_4x1_s00016] Created: c5746aaf-Scenario_Hub_4x1_s00016_Aware.parquet
  [hub_4x1_s00016] Running Scenario_Hub_4x1_s00016_TrustRid...
  [hub_4x1_s00016] Copied scalars: c5746aaf-Scenario_Hub_4x1_s00016_TrustRid.sca
  [hub_4x1_s00016] Converting to Parquet...
  [hub_4x1_s00016] Created: c5746aaf-Scenario_Hub_4x1_s00016_TrustRid.parquet
  [hub_4x1_s00016] Complete
[1/1] hub_4x1_s00016 done (2 parquet)

Done — 2 parquet file(s) produced.
== Completed Scenario_Hub_4x1_s00016 in 138s ==
== Writing isolated INI: simulations/spoofing_aware_with_planning/sweeps/charts_store/paper_suite_30seeds_plus_steepz_v2/generated/hub_4x1_s00024/omnetpp.ini ==
Wrote simulations/spoofing_aware_with_planning/sweeps/charts_store/paper_suite_30seeds_plus_steepz_v2/generated/hub_4x1_s00024/omnetpp.ini
== Running Scenario_Hub_4x1_s00024 comparison ==
Running 1 scenario(s), 2 config(s), parallel=1
(Each scenario = one INI directory; progress prints when that directory finishes.)

[1/1] hub_4x1_s00024 ...
  [hub_4x1_s00017] Copied scalars: 839dd386-Scenario_Hub_4x1_s00017_Aware.sca
  [hub_4x1_s00017] Converting to Parquet...
  [hub_4x1_s00017] Created: 839dd386-Scenario_Hub_4x1_s00017_Aware.parquet
  [hub_4x1_s00017] Running Scenario_Hub_4x1_s00017_TrustRid...
  [hub_4x1_s00017] Copied scalars: 839dd386-Scenario_Hub_4x1_s00017_TrustRid.sca
  [hub_4x1_s00017] Converting to Parquet...
  [hub_4x1_s00017] Created: 839dd386-Scenario_Hub_4x1_s00017_TrustRid.parquet
  [hub_4x1_s00017] Complete
[1/1] hub_4x1_s00017 done (2 parquet)

Done — 2 parquet file(s) produced.
== Completed Scenario_Hub_4x1_s00017 in 138s ==
== Writing isolated INI: simulations/spoofing_aware_with_planning/sweeps/charts_store/paper_suite_30seeds_plus_steepz_v2/generated/hub_4x1_s00025/omnetpp.ini ==
Wrote simulations/spoofing_aware_with_planning/sweeps/charts_store/paper_suite_30seeds_plus_steepz_v2/generated/hub_4x1_s00025/omnetpp.ini
== Running Scenario_Hub_4x1_s00025 comparison ==
Running 1 scenario(s), 2 config(s), parallel=1
(Each scenario = one INI directory; progress prints when that directory finishes.)

[1/1] hub_4x1_s00025 ...
  [hub_4x1_s00020] Running Scenario_Hub_4x1_s00020_Aware...
  [hub_4x1_s00020:Scenario_Hub_4x1_s00020_Aware:sim] still running... 30s elapsed
  [hub_4x1_s00021] Running Scenario_Hub_4x1_s00021_Aware...
  [hub_4x1_s00021:Scenario_Hub_4x1_s00021_Aware:sim] still running... 30s elapsed
  [hub_4x1_s00018:Scenario_Hub_4x1_s00018_Aware:sim] still running... 60s elapsed
  [hub_4x1_s00019:Scenario_Hub_4x1_s00019_Aware:sim] still running... 60s elapsed
  [hub_4x1_s00022] Running Scenario_Hub_4x1_s00022_Aware...
  [hub_4x1_s00022:Scenario_Hub_4x1_s00022_Aware:sim] still running... 30s elapsed
  [hub_4x1_s00023] Running Scenario_Hub_4x1_s00023_Aware...
  [hub_4x1_s00023:Scenario_Hub_4x1_s00023_Aware:sim] still running... 30s elapsed
  [hub_4x1_s00024] Running Scenario_Hub_4x1_s00024_Aware...
  [hub_4x1_s00024:Scenario_Hub_4x1_s00024_Aware:sim] still running... 30s elapsed
  [hub_4x1_s00025] Running Scenario_Hub_4x1_s00025_Aware...
  [hub_4x1_s00025:Scenario_Hub_4x1_s00025_Aware:sim] still running... 30s elapsed
  [hub_4x1_s00020:Scenario_Hub_4x1_s00020_Aware:sim] still running... 60s elapsed
  [hub_4x1_s00021:Scenario_Hub_4x1_s00021_Aware:sim] still running... 60s elapsed
  [hub_4x1_s00018:Scenario_Hub_4x1_s00018_Aware:sim] still running... 90s elapsed
  [hub_4x1_s00019:Scenario_Hub_4x1_s00019_Aware:sim] still running... 90s elapsed
  [hub_4x1_s00022:Scenario_Hub_4x1_s00022_Aware:sim] still running... 60s elapsed
  [hub_4x1_s00023:Scenario_Hub_4x1_s00023_Aware:sim] still running... 60s elapsed
  [hub_4x1_s00024:Scenario_Hub_4x1_s00024_Aware:sim] still running... 60s elapsed
  [hub_4x1_s00025:Scenario_Hub_4x1_s00025_Aware:sim] still running... 60s elapsed
  [hub_4x1_s00020:Scenario_Hub_4x1_s00020_Aware:sim] still running... 90s elapsed
  [hub_4x1_s00021:Scenario_Hub_4x1_s00021_Aware:sim] still running... 90s elapsed
  [hub_4x1_s00018:Scenario_Hub_4x1_s00018_Aware:sim] still running... 120s elapsed
  [hub_4x1_s00019:Scenario_Hub_4x1_s00019_Aware:sim] still running... 120s elapsed
  [hub_4x1_s00022:Scenario_Hub_4x1_s00022_Aware:sim] still running... 90s elapsed
  [hub_4x1_s00023:Scenario_Hub_4x1_s00023_Aware:sim] still running... 90s elapsed
  [hub_4x1_s00024:Scenario_Hub_4x1_s00024_Aware:sim] still running... 90s elapsed
  [hub_4x1_s00025:Scenario_Hub_4x1_s00025_Aware:sim] still running... 90s elapsed
  [hub_4x1_s00020:Scenario_Hub_4x1_s00020_Aware:sim] still running... 120s elapsed
  [hub_4x1_s00018] Copied scalars: c66f714d-Scenario_Hub_4x1_s00018_Aware.sca
  [hub_4x1_s00018] Converting to Parquet...
  [hub_4x1_s00018] Created: c66f714d-Scenario_Hub_4x1_s00018_Aware.parquet
  [hub_4x1_s00018] Running Scenario_Hub_4x1_s00018_TrustRid...
  [hub_4x1_s00018] Copied scalars: c66f714d-Scenario_Hub_4x1_s00018_TrustRid.sca
  [hub_4x1_s00018] Converting to Parquet...
  [hub_4x1_s00018] Created: c66f714d-Scenario_Hub_4x1_s00018_TrustRid.parquet
  [hub_4x1_s00018] Complete
[1/1] hub_4x1_s00018 done (2 parquet)

Done — 2 parquet file(s) produced.
== Completed Scenario_Hub_4x1_s00018 in 138s ==
== Writing isolated INI: simulations/spoofing_aware_with_planning/sweeps/charts_store/paper_suite_30seeds_plus_steepz_v2/generated/hub_4x1_s00026/omnetpp.ini ==
Wrote simulations/spoofing_aware_with_planning/sweeps/charts_store/paper_suite_30seeds_plus_steepz_v2/generated/hub_4x1_s00026/omnetpp.ini
== Running Scenario_Hub_4x1_s00026 comparison ==
Running 1 scenario(s), 2 config(s), parallel=1
(Each scenario = one INI directory; progress prints when that directory finishes.)

[1/1] hub_4x1_s00026 ...
  [hub_4x1_s00019] Copied scalars: d2264a32-Scenario_Hub_4x1_s00019_Aware.sca
  [hub_4x1_s00019] Converting to Parquet...
  [hub_4x1_s00019] Created: d2264a32-Scenario_Hub_4x1_s00019_Aware.parquet
  [hub_4x1_s00019] Running Scenario_Hub_4x1_s00019_TrustRid...
  [hub_4x1_s00019] Copied scalars: d2264a32-Scenario_Hub_4x1_s00019_TrustRid.sca
  [hub_4x1_s00019] Converting to Parquet...
  [hub_4x1_s00019] Created: d2264a32-Scenario_Hub_4x1_s00019_TrustRid.parquet
  [hub_4x1_s00019] Complete
[1/1] hub_4x1_s00019 done (2 parquet)

Done — 2 parquet file(s) produced.
== Completed Scenario_Hub_4x1_s00019 in 138s ==
== Writing isolated INI: simulations/spoofing_aware_with_planning/sweeps/charts_store/paper_suite_30seeds_plus_steepz_v2/generated/hub_4x1_s00027/omnetpp.ini ==
Wrote simulations/spoofing_aware_with_planning/sweeps/charts_store/paper_suite_30seeds_plus_steepz_v2/generated/hub_4x1_s00027/omnetpp.ini
== Running Scenario_Hub_4x1_s00027 comparison ==
Running 1 scenario(s), 2 config(s), parallel=1
(Each scenario = one INI directory; progress prints when that directory finishes.)

[1/1] hub_4x1_s00027 ...
  [hub_4x1_s00021:Scenario_Hub_4x1_s00021_Aware:sim] still running... 120s elapsed
  [hub_4x1_s00020] Copied scalars: 05c9b867-Scenario_Hub_4x1_s00020_Aware.sca
  [hub_4x1_s00020] Converting to Parquet...
  [hub_4x1_s00020] Created: 05c9b867-Scenario_Hub_4x1_s00020_Aware.parquet
  [hub_4x1_s00020] Running Scenario_Hub_4x1_s00020_TrustRid...
  [hub_4x1_s00020] Copied scalars: 05c9b867-Scenario_Hub_4x1_s00020_TrustRid.sca
  [hub_4x1_s00020] Converting to Parquet...
  [hub_4x1_s00020] Created: 05c9b867-Scenario_Hub_4x1_s00020_TrustRid.parquet
  [hub_4x1_s00020] Complete
[1/1] hub_4x1_s00020 done (2 parquet)

Done — 2 parquet file(s) produced.
== Completed Scenario_Hub_4x1_s00020 in 138s ==
== Writing isolated INI: simulations/spoofing_aware_with_planning/sweeps/charts_store/paper_suite_30seeds_plus_steepz_v2/generated/hub_4x1_s00028/omnetpp.ini ==
Wrote simulations/spoofing_aware_with_planning/sweeps/charts_store/paper_suite_30seeds_plus_steepz_v2/generated/hub_4x1_s00028/omnetpp.ini
== Running Scenario_Hub_4x1_s00028 comparison ==
Running 1 scenario(s), 2 config(s), parallel=1
(Each scenario = one INI directory; progress prints when that directory finishes.)

[1/1] hub_4x1_s00028 ...
  [hub_4x1_s00022:Scenario_Hub_4x1_s00022_Aware:sim] still running... 120s elapsed
  [hub_4x1_s00023:Scenario_Hub_4x1_s00023_Aware:sim] still running... 120s elapsed
  [hub_4x1_s00024:Scenario_Hub_4x1_s00024_Aware:sim] still running... 120s elapsed
  [hub_4x1_s00021] Copied scalars: 70c3d4b7-Scenario_Hub_4x1_s00021_Aware.sca
  [hub_4x1_s00021] Converting to Parquet...
  [hub_4x1_s00021] Created: 70c3d4b7-Scenario_Hub_4x1_s00021_Aware.parquet
  [hub_4x1_s00021] Running Scenario_Hub_4x1_s00021_TrustRid...
  [hub_4x1_s00021] Copied scalars: 70c3d4b7-Scenario_Hub_4x1_s00021_TrustRid.sca
  [hub_4x1_s00021] Converting to Parquet...
  [hub_4x1_s00021] Created: 70c3d4b7-Scenario_Hub_4x1_s00021_TrustRid.parquet
  [hub_4x1_s00021] Complete
[1/1] hub_4x1_s00021 done (2 parquet)

Done — 2 parquet file(s) produced.
  [hub_4x1_s00025:Scenario_Hub_4x1_s00025_Aware:sim] still running... 120s elapsed
== Completed Scenario_Hub_4x1_s00021 in 138s ==
== Writing isolated INI: simulations/spoofing_aware_with_planning/sweeps/charts_store/paper_suite_30seeds_plus_steepz_v2/generated/hub_4x1_s00029/omnetpp.ini ==
Wrote simulations/spoofing_aware_with_planning/sweeps/charts_store/paper_suite_30seeds_plus_steepz_v2/generated/hub_4x1_s00029/omnetpp.ini
== Running Scenario_Hub_4x1_s00029 comparison ==
Running 1 scenario(s), 2 config(s), parallel=1
(Each scenario = one INI directory; progress prints when that directory finishes.)

[1/1] hub_4x1_s00029 ...
  [hub_4x1_s00026] Running Scenario_Hub_4x1_s00026_Aware...
  [hub_4x1_s00026:Scenario_Hub_4x1_s00026_Aware:sim] still running... 30s elapsed
  [hub_4x1_s00022] Copied scalars: b90b2ad4-Scenario_Hub_4x1_s00022_Aware.sca
  [hub_4x1_s00022] Converting to Parquet...
  [hub_4x1_s00022] Created: b90b2ad4-Scenario_Hub_4x1_s00022_Aware.parquet
  [hub_4x1_s00022] Running Scenario_Hub_4x1_s00022_TrustRid...
  [hub_4x1_s00022] Copied scalars: b90b2ad4-Scenario_Hub_4x1_s00022_TrustRid.sca
  [hub_4x1_s00022] Converting to Parquet...
  [hub_4x1_s00022] Created: b90b2ad4-Scenario_Hub_4x1_s00022_TrustRid.parquet
  [hub_4x1_s00022] Complete
[1/1] hub_4x1_s00022 done (2 parquet)

Done — 2 parquet file(s) produced.
== Completed Scenario_Hub_4x1_s00022 in 137s ==
== Writing isolated INI: simulations/spoofing_aware_with_planning/sweeps/charts_store/paper_suite_30seeds_plus_steepz_v2/generated/circle_8x1_s00000/omnetpp.ini ==
Wrote simulations/spoofing_aware_with_planning/sweeps/charts_store/paper_suite_30seeds_plus_steepz_v2/generated/circle_8x1_s00000/omnetpp.ini
== Running Scenario_Circle_8x1_s00000 comparison ==
  [hub_4x1_s00027] Running Scenario_Hub_4x1_s00027_Aware...
  [hub_4x1_s00027:Scenario_Hub_4x1_s00027_Aware:sim] still running... 30s elapsed
Running 1 scenario(s), 2 config(s), parallel=1
(Each scenario = one INI directory; progress prints when that directory finishes.)

[1/1] circle_8x1_s00000 ...
  [hub_4x1_s00023] Copied scalars: 069ece7b-Scenario_Hub_4x1_s00023_Aware.sca
  [hub_4x1_s00023] Converting to Parquet...
  [hub_4x1_s00023] Created: 069ece7b-Scenario_Hub_4x1_s00023_Aware.parquet
  [hub_4x1_s00023] Running Scenario_Hub_4x1_s00023_TrustRid...
  [hub_4x1_s00023] Copied scalars: 069ece7b-Scenario_Hub_4x1_s00023_TrustRid.sca
  [hub_4x1_s00023] Converting to Parquet...
  [hub_4x1_s00023] Created: 069ece7b-Scenario_Hub_4x1_s00023_TrustRid.parquet
  [hub_4x1_s00023] Complete
[1/1] hub_4x1_s00023 done (2 parquet)

Done — 2 parquet file(s) produced.
== Completed Scenario_Hub_4x1_s00023 in 138s ==
== Writing isolated INI: simulations/spoofing_aware_with_planning/sweeps/charts_store/paper_suite_30seeds_plus_steepz_v2/generated/circle_8x1_s00001/omnetpp.ini ==
Wrote simulations/spoofing_aware_with_planning/sweeps/charts_store/paper_suite_30seeds_plus_steepz_v2/generated/circle_8x1_s00001/omnetpp.ini
== Running Scenario_Circle_8x1_s00001 comparison ==
Running 1 scenario(s), 2 config(s), parallel=1
(Each scenario = one INI directory; progress prints when that directory finishes.)

[1/1] circle_8x1_s00001 ...
  [hub_4x1_s00024] Copied scalars: e7d08d61-Scenario_Hub_4x1_s00024_Aware.sca
  [hub_4x1_s00024] Converting to Parquet...
  [hub_4x1_s00024] Created: e7d08d61-Scenario_Hub_4x1_s00024_Aware.parquet
  [hub_4x1_s00024] Running Scenario_Hub_4x1_s00024_TrustRid...
  [hub_4x1_s00024] Copied scalars: e7d08d61-Scenario_Hub_4x1_s00024_TrustRid.sca
  [hub_4x1_s00024] Converting to Parquet...
  [hub_4x1_s00024] Created: e7d08d61-Scenario_Hub_4x1_s00024_TrustRid.parquet
  [hub_4x1_s00024] Complete
[1/1] hub_4x1_s00024 done (2 parquet)

Done — 2 parquet file(s) produced.
== Completed Scenario_Hub_4x1_s00024 in 139s ==
== Writing isolated INI: simulations/spoofing_aware_with_planning/sweeps/charts_store/paper_suite_30seeds_plus_steepz_v2/generated/circle_8x1_s00002/omnetpp.ini ==
Wrote simulations/spoofing_aware_with_planning/sweeps/charts_store/paper_suite_30seeds_plus_steepz_v2/generated/circle_8x1_s00002/omnetpp.ini
== Running Scenario_Circle_8x1_s00002 comparison ==
  [hub_4x1_s00025] Copied scalars: 4f85216f-Scenario_Hub_4x1_s00025_Aware.sca
  [hub_4x1_s00025] Converting to Parquet...
  [hub_4x1_s00025] Created: 4f85216f-Scenario_Hub_4x1_s00025_Aware.parquet
  [hub_4x1_s00025] Running Scenario_Hub_4x1_s00025_TrustRid...
  [hub_4x1_s00025] Copied scalars: 4f85216f-Scenario_Hub_4x1_s00025_TrustRid.sca
  [hub_4x1_s00025] Converting to Parquet...
  [hub_4x1_s00025] Created: 4f85216f-Scenario_Hub_4x1_s00025_TrustRid.parquet
  [hub_4x1_s00025] Complete
[1/1] hub_4x1_s00025 done (2 parquet)

Done — 2 parquet file(s) produced.
Running 1 scenario(s), 2 config(s), parallel=1
(Each scenario = one INI directory; progress prints when that directory finishes.)

[1/1] circle_8x1_s00002 ...
== Completed Scenario_Hub_4x1_s00025 in 138s ==
== Writing isolated INI: simulations/spoofing_aware_with_planning/sweeps/charts_store/paper_suite_30seeds_plus_steepz_v2/generated/circle_8x1_s00003/omnetpp.ini ==
Wrote simulations/spoofing_aware_with_planning/sweeps/charts_store/paper_suite_30seeds_plus_steepz_v2/generated/circle_8x1_s00003/omnetpp.ini
== Running Scenario_Circle_8x1_s00003 comparison ==
Running 1 scenario(s), 2 config(s), parallel=1
(Each scenario = one INI directory; progress prints when that directory finishes.)

[1/1] circle_8x1_s00003 ...
  [hub_4x1_s00028] Running Scenario_Hub_4x1_s00028_Aware...
  [hub_4x1_s00028:Scenario_Hub_4x1_s00028_Aware:sim] still running... 30s elapsed
  [hub_4x1_s00029] Running Scenario_Hub_4x1_s00029_Aware...
  [hub_4x1_s00029:Scenario_Hub_4x1_s00029_Aware:sim] still running... 30s elapsed
  [hub_4x1_s00026:Scenario_Hub_4x1_s00026_Aware:sim] still running... 60s elapsed
  [hub_4x1_s00027:Scenario_Hub_4x1_s00027_Aware:sim] still running... 60s elapsed
  [circle_8x1_s00000] Running Scenario_Circle_8x1_s00000_Aware...
  [circle_8x1_s00000:Scenario_Circle_8x1_s00000_Aware:sim] still running... 30s elapsed
  [circle_8x1_s00001] Running Scenario_Circle_8x1_s00001_Aware...
  [circle_8x1_s00001:Scenario_Circle_8x1_s00001_Aware:sim] still running... 30s elapsed
  [circle_8x1_s00002] Running Scenario_Circle_8x1_s00002_Aware...
  [circle_8x1_s00002:Scenario_Circle_8x1_s00002_Aware:sim] still running... 30s elapsed
  [circle_8x1_s00003] Running Scenario_Circle_8x1_s00003_Aware...
  [circle_8x1_s00003:Scenario_Circle_8x1_s00003_Aware:sim] still running... 30s elapsed
  [hub_4x1_s00028:Scenario_Hub_4x1_s00028_Aware:sim] still running... 60s elapsed
  [hub_4x1_s00029:Scenario_Hub_4x1_s00029_Aware:sim] still running... 60s elapsed
  [hub_4x1_s00026:Scenario_Hub_4x1_s00026_Aware:sim] still running... 90s elapsed
  [hub_4x1_s00027:Scenario_Hub_4x1_s00027_Aware:sim] still running... 90s elapsed
  [circle_8x1_s00000:Scenario_Circle_8x1_s00000_Aware:sim] still running... 60s elapsed
  [circle_8x1_s00001:Scenario_Circle_8x1_s00001_Aware:sim] still running... 60s elapsed
  [circle_8x1_s00002:Scenario_Circle_8x1_s00002_Aware:sim] still running... 60s elapsed
  [circle_8x1_s00003:Scenario_Circle_8x1_s00003_Aware:sim] still running... 60s elapsed
  [hub_4x1_s00028:Scenario_Hub_4x1_s00028_Aware:sim] still running... 90s elapsed
  [hub_4x1_s00029:Scenario_Hub_4x1_s00029_Aware:sim] still running... 90s elapsed
  [hub_4x1_s00026:Scenario_Hub_4x1_s00026_Aware:sim] still running... 120s elapsed
  [hub_4x1_s00027:Scenario_Hub_4x1_s00027_Aware:sim] still running... 120s elapsed
  [circle_8x1_s00000:Scenario_Circle_8x1_s00000_Aware:sim] still running... 90s elapsed
  [circle_8x1_s00001:Scenario_Circle_8x1_s00001_Aware:sim] still running... 90s elapsed
  [circle_8x1_s00002:Scenario_Circle_8x1_s00002_Aware:sim] still running... 90s elapsed
  [circle_8x1_s00003:Scenario_Circle_8x1_s00003_Aware:sim] still running... 90s elapsed
  [hub_4x1_s00028:Scenario_Hub_4x1_s00028_Aware:sim] still running... 120s elapsed
  [hub_4x1_s00026] Copied scalars: 81f7586a-Scenario_Hub_4x1_s00026_Aware.sca
  [hub_4x1_s00026] Converting to Parquet...
  [hub_4x1_s00026] Created: 81f7586a-Scenario_Hub_4x1_s00026_Aware.parquet
  [hub_4x1_s00026] Running Scenario_Hub_4x1_s00026_TrustRid...
  [hub_4x1_s00026] Copied scalars: 81f7586a-Scenario_Hub_4x1_s00026_TrustRid.sca
  [hub_4x1_s00026] Converting to Parquet...
  [hub_4x1_s00026] Created: 81f7586a-Scenario_Hub_4x1_s00026_TrustRid.parquet
  [hub_4x1_s00026] Complete
[1/1] hub_4x1_s00026 done (2 parquet)

Done — 2 parquet file(s) produced.
== Completed Scenario_Hub_4x1_s00026 in 138s ==
== Writing isolated INI: simulations/spoofing_aware_with_planning/sweeps/charts_store/paper_suite_30seeds_plus_steepz_v2/generated/circle_8x1_s00004/omnetpp.ini ==
Wrote simulations/spoofing_aware_with_planning/sweeps/charts_store/paper_suite_30seeds_plus_steepz_v2/generated/circle_8x1_s00004/omnetpp.ini
== Running Scenario_Circle_8x1_s00004 comparison ==
Running 1 scenario(s), 2 config(s), parallel=1
(Each scenario = one INI directory; progress prints when that directory finishes.)

[1/1] circle_8x1_s00004 ...
  [hub_4x1_s00027] Copied scalars: fe1492ab-Scenario_Hub_4x1_s00027_Aware.sca
  [hub_4x1_s00027] Converting to Parquet...
  [hub_4x1_s00027] Created: fe1492ab-Scenario_Hub_4x1_s00027_Aware.parquet
  [hub_4x1_s00027] Running Scenario_Hub_4x1_s00027_TrustRid...
  [hub_4x1_s00027] Copied scalars: fe1492ab-Scenario_Hub_4x1_s00027_TrustRid.sca
  [hub_4x1_s00027] Converting to Parquet...
  [hub_4x1_s00027] Created: fe1492ab-Scenario_Hub_4x1_s00027_TrustRid.parquet
  [hub_4x1_s00027] Complete
[1/1] hub_4x1_s00027 done (2 parquet)

Done — 2 parquet file(s) produced.
== Completed Scenario_Hub_4x1_s00027 in 137s ==
== Writing isolated INI: simulations/spoofing_aware_with_planning/sweeps/charts_store/paper_suite_30seeds_plus_steepz_v2/generated/circle_8x1_s00005/omnetpp.ini ==
Wrote simulations/spoofing_aware_with_planning/sweeps/charts_store/paper_suite_30seeds_plus_steepz_v2/generated/circle_8x1_s00005/omnetpp.ini
== Running Scenario_Circle_8x1_s00005 comparison ==
Running 1 scenario(s), 2 config(s), parallel=1
(Each scenario = one INI directory; progress prints when that directory finishes.)

[1/1] circle_8x1_s00005 ...
  [hub_4x1_s00029:Scenario_Hub_4x1_s00029_Aware:sim] still running... 120s elapsed
  [hub_4x1_s00028] Copied scalars: e7bef121-Scenario_Hub_4x1_s00028_Aware.sca
  [hub_4x1_s00028] Converting to Parquet...
  [hub_4x1_s00028] Created: e7bef121-Scenario_Hub_4x1_s00028_Aware.parquet
  [hub_4x1_s00028] Running Scenario_Hub_4x1_s00028_TrustRid...
  [hub_4x1_s00028] Copied scalars: e7bef121-Scenario_Hub_4x1_s00028_TrustRid.sca
  [hub_4x1_s00028] Converting to Parquet...
  [hub_4x1_s00028] Created: e7bef121-Scenario_Hub_4x1_s00028_TrustRid.parquet
  [hub_4x1_s00028] Complete
[1/1] hub_4x1_s00028 done (2 parquet)

Done — 2 parquet file(s) produced.
== Completed Scenario_Hub_4x1_s00028 in 140s ==
== Writing isolated INI: simulations/spoofing_aware_with_planning/sweeps/charts_store/paper_suite_30seeds_plus_steepz_v2/generated/circle_8x1_s00006/omnetpp.ini ==
Wrote simulations/spoofing_aware_with_planning/sweeps/charts_store/paper_suite_30seeds_plus_steepz_v2/generated/circle_8x1_s00006/omnetpp.ini
== Running Scenario_Circle_8x1_s00006 comparison ==
  [circle_8x1_s00000:Scenario_Circle_8x1_s00000_Aware:sim] still running... 120s elapsed
Running 1 scenario(s), 2 config(s), parallel=1
(Each scenario = one INI directory; progress prints when that directory finishes.)

[1/1] circle_8x1_s00006 ...
  [circle_8x1_s00001:Scenario_Circle_8x1_s00001_Aware:sim] still running... 120s elapsed
  [circle_8x1_s00002:Scenario_Circle_8x1_s00002_Aware:sim] still running... 120s elapsed
  [circle_8x1_s00003:Scenario_Circle_8x1_s00003_Aware:sim] still running... 120s elapsed
  [hub_4x1_s00029] Copied scalars: 9c32cf09-Scenario_Hub_4x1_s00029_Aware.sca
  [hub_4x1_s00029] Converting to Parquet...
  [hub_4x1_s00029] Created: 9c32cf09-Scenario_Hub_4x1_s00029_Aware.parquet
  [hub_4x1_s00029] Running Scenario_Hub_4x1_s00029_TrustRid...
  [hub_4x1_s00029] Copied scalars: 9c32cf09-Scenario_Hub_4x1_s00029_TrustRid.sca
  [hub_4x1_s00029] Converting to Parquet...
  [hub_4x1_s00029] Created: 9c32cf09-Scenario_Hub_4x1_s00029_TrustRid.parquet
  [hub_4x1_s00029] Complete
[1/1] hub_4x1_s00029 done (2 parquet)

Done — 2 parquet file(s) produced.
== Completed Scenario_Hub_4x1_s00029 in 138s ==
== Writing isolated INI: simulations/spoofing_aware_with_planning/sweeps/charts_store/paper_suite_30seeds_plus_steepz_v2/generated/circle_8x1_s00007/omnetpp.ini ==
Wrote simulations/spoofing_aware_with_planning/sweeps/charts_store/paper_suite_30seeds_plus_steepz_v2/generated/circle_8x1_s00007/omnetpp.ini
== Running Scenario_Circle_8x1_s00007 comparison ==
Running 1 scenario(s), 2 config(s), parallel=1
(Each scenario = one INI directory; progress prints when that directory finishes.)

[1/1] circle_8x1_s00007 ...
  [circle_8x1_s00004] Running Scenario_Circle_8x1_s00004_Aware...
  [circle_8x1_s00004:Scenario_Circle_8x1_s00004_Aware:sim] still running... 30s elapsed
  [circle_8x1_s00005] Running Scenario_Circle_8x1_s00005_Aware...
  [circle_8x1_s00005:Scenario_Circle_8x1_s00005_Aware:sim] still running... 30s elapsed
  [circle_8x1_s00000:Scenario_Circle_8x1_s00000_Aware:sim] still running... 150s elapsed
  [circle_8x1_s00006] Running Scenario_Circle_8x1_s00006_Aware...
  [circle_8x1_s00006:Scenario_Circle_8x1_s00006_Aware:sim] still running... 30s elapsed
  [circle_8x1_s00001:Scenario_Circle_8x1_s00001_Aware:sim] still running... 150s elapsed
  [circle_8x1_s00002:Scenario_Circle_8x1_s00002_Aware:sim] still running... 150s elapsed
  [circle_8x1_s00003:Scenario_Circle_8x1_s00003_Aware:sim] still running... 150s elapsed
  [circle_8x1_s00007] Running Scenario_Circle_8x1_s00007_Aware...
  [circle_8x1_s00007:Scenario_Circle_8x1_s00007_Aware:sim] still running... 30s elapsed
  [circle_8x1_s00004:Scenario_Circle_8x1_s00004_Aware:sim] still running... 60s elapsed
  [circle_8x1_s00005:Scenario_Circle_8x1_s00005_Aware:sim] still running... 60s elapsed
  [circle_8x1_s00000:Scenario_Circle_8x1_s00000_Aware:sim] still running... 180s elapsed
  [circle_8x1_s00006:Scenario_Circle_8x1_s00006_Aware:sim] still running... 60s elapsed
  [circle_8x1_s00001:Scenario_Circle_8x1_s00001_Aware:sim] still running... 180s elapsed
  [circle_8x1_s00002:Scenario_Circle_8x1_s00002_Aware:sim] still running... 180s elapsed
  [circle_8x1_s00003:Scenario_Circle_8x1_s00003_Aware:sim] still running... 180s elapsed
  [circle_8x1_s00007:Scenario_Circle_8x1_s00007_Aware:sim] still running... 60s elapsed
  [circle_8x1_s00004:Scenario_Circle_8x1_s00004_Aware:sim] still running... 90s elapsed
  [circle_8x1_s00005:Scenario_Circle_8x1_s00005_Aware:sim] still running... 90s elapsed
  [circle_8x1_s00000:Scenario_Circle_8x1_s00000_Aware:sim] still running... 210s elapsed
  [circle_8x1_s00006:Scenario_Circle_8x1_s00006_Aware:sim] still running... 90s elapsed
  [circle_8x1_s00001:Scenario_Circle_8x1_s00001_Aware:sim] still running... 210s elapsed
  [circle_8x1_s00002:Scenario_Circle_8x1_s00002_Aware:sim] still running... 210s elapsed
  [circle_8x1_s00003:Scenario_Circle_8x1_s00003_Aware:sim] still running... 210s elapsed
  [circle_8x1_s00007:Scenario_Circle_8x1_s00007_Aware:sim] still running... 90s elapsed
  [circle_8x1_s00004:Scenario_Circle_8x1_s00004_Aware:sim] still running... 120s elapsed
  [circle_8x1_s00005:Scenario_Circle_8x1_s00005_Aware:sim] still running... 120s elapsed
  [circle_8x1_s00000:Scenario_Circle_8x1_s00000_Aware:sim] still running... 240s elapsed
  [circle_8x1_s00006:Scenario_Circle_8x1_s00006_Aware:sim] still running... 120s elapsed
  [circle_8x1_s00001:Scenario_Circle_8x1_s00001_Aware:sim] still running... 240s elapsed
  [circle_8x1_s00002:Scenario_Circle_8x1_s00002_Aware:sim] still running... 240s elapsed
  [circle_8x1_s00003:Scenario_Circle_8x1_s00003_Aware:sim] still running... 240s elapsed
  [circle_8x1_s00007:Scenario_Circle_8x1_s00007_Aware:sim] still running... 120s elapsed
  [circle_8x1_s00004:Scenario_Circle_8x1_s00004_Aware:sim] still running... 150s elapsed
  [circle_8x1_s00005:Scenario_Circle_8x1_s00005_Aware:sim] still running... 150s elapsed
  [circle_8x1_s00006:Scenario_Circle_8x1_s00006_Aware:sim] still running... 150s elapsed
  [circle_8x1_s00007:Scenario_Circle_8x1_s00007_Aware:sim] still running... 150s elapsed
  [circle_8x1_s00004:Scenario_Circle_8x1_s00004_Aware:sim] still running... 180s elapsed
  [circle_8x1_s00005:Scenario_Circle_8x1_s00005_Aware:sim] still running... 180s elapsed
  [circle_8x1_s00000] Copied scalars: 6fd70f98-Scenario_Circle_8x1_s00000_Aware.sca
  [circle_8x1_s00000] Converting to Parquet...
  [circle_8x1_s00000] Created: 6fd70f98-Scenario_Circle_8x1_s00000_Aware.parquet
  [circle_8x1_s00000] Running Scenario_Circle_8x1_s00000_TrustRid...
  [circle_8x1_s00000] Copied scalars: 6fd70f98-Scenario_Circle_8x1_s00000_TrustRid.sca
  [circle_8x1_s00000] Converting to Parquet...
  [circle_8x1_s00000] Created: 6fd70f98-Scenario_Circle_8x1_s00000_TrustRid.parquet
  [circle_8x1_s00000] Complete
[1/1] circle_8x1_s00000 done (2 parquet)

Done — 2 parquet file(s) produced.
== Completed Scenario_Circle_8x1_s00000 in 290s ==
== Writing isolated INI: simulations/spoofing_aware_with_planning/sweeps/charts_store/paper_suite_30seeds_plus_steepz_v2/generated/circle_8x1_s00008/omnetpp.ini ==
Wrote simulations/spoofing_aware_with_planning/sweeps/charts_store/paper_suite_30seeds_plus_steepz_v2/generated/circle_8x1_s00008/omnetpp.ini
== Running Scenario_Circle_8x1_s00008 comparison ==
Running 1 scenario(s), 2 config(s), parallel=1
(Each scenario = one INI directory; progress prints when that directory finishes.)

[1/1] circle_8x1_s00008 ...
  [circle_8x1_s00003] Copied scalars: f36f445b-Scenario_Circle_8x1_s00003_Aware.sca
  [circle_8x1_s00003] Converting to Parquet...
  [circle_8x1_s00003] Created: f36f445b-Scenario_Circle_8x1_s00003_Aware.parquet
  [circle_8x1_s00003] Running Scenario_Circle_8x1_s00003_TrustRid...
  [circle_8x1_s00003] Copied scalars: f36f445b-Scenario_Circle_8x1_s00003_TrustRid.sca
  [circle_8x1_s00003] Converting to Parquet...
  [circle_8x1_s00003] Created: f36f445b-Scenario_Circle_8x1_s00003_TrustRid.parquet
  [circle_8x1_s00003] Complete
[1/1] circle_8x1_s00003 done (2 parquet)

Done — 2 parquet file(s) produced.
== Completed Scenario_Circle_8x1_s00003 in 289s ==
== Writing isolated INI: simulations/spoofing_aware_with_planning/sweeps/charts_store/paper_suite_30seeds_plus_steepz_v2/generated/circle_8x1_s00009/omnetpp.ini ==
Wrote simulations/spoofing_aware_with_planning/sweeps/charts_store/paper_suite_30seeds_plus_steepz_v2/generated/circle_8x1_s00009/omnetpp.ini
== Running Scenario_Circle_8x1_s00009 comparison ==
Running 1 scenario(s), 2 config(s), parallel=1
(Each scenario = one INI directory; progress prints when that directory finishes.)

[1/1] circle_8x1_s00009 ...
  [circle_8x1_s00002] Copied scalars: 604e8aa8-Scenario_Circle_8x1_s00002_Aware.sca
  [circle_8x1_s00002] Converting to Parquet...
  [circle_8x1_s00002] Created: 604e8aa8-Scenario_Circle_8x1_s00002_Aware.parquet
  [circle_8x1_s00002] Running Scenario_Circle_8x1_s00002_TrustRid...
  [circle_8x1_s00002] Copied scalars: 604e8aa8-Scenario_Circle_8x1_s00002_TrustRid.sca
  [circle_8x1_s00002] Converting to Parquet...
  [circle_8x1_s00002] Created: 604e8aa8-Scenario_Circle_8x1_s00002_TrustRid.parquet
  [circle_8x1_s00002] Complete
[1/1] circle_8x1_s00002 done (2 parquet)

Done — 2 parquet file(s) produced.
== Completed Scenario_Circle_8x1_s00002 in 291s ==
== Writing isolated INI: simulations/spoofing_aware_with_planning/sweeps/charts_store/paper_suite_30seeds_plus_steepz_v2/generated/circle_8x1_s00010/omnetpp.ini ==
Wrote simulations/spoofing_aware_with_planning/sweeps/charts_store/paper_suite_30seeds_plus_steepz_v2/generated/circle_8x1_s00010/omnetpp.ini
== Running Scenario_Circle_8x1_s00010 comparison ==
Running 1 scenario(s), 2 config(s), parallel=1
(Each scenario = one INI directory; progress prints when that directory finishes.)

[1/1] circle_8x1_s00010 ...
  [circle_8x1_s00001] Copied scalars: ce38dd44-Scenario_Circle_8x1_s00001_Aware.sca
  [circle_8x1_s00001] Converting to Parquet...
  [circle_8x1_s00001] Created: ce38dd44-Scenario_Circle_8x1_s00001_Aware.parquet
  [circle_8x1_s00001] Running Scenario_Circle_8x1_s00001_TrustRid...
  [circle_8x1_s00001:Scenario_Circle_8x1_s00001_TrustRid:sim] still running... 30s elapsed
  [circle_8x1_s00006:Scenario_Circle_8x1_s00006_Aware:sim] still running... 180s elapsed
  [circle_8x1_s00001] Copied scalars: ce38dd44-Scenario_Circle_8x1_s00001_TrustRid.sca
  [circle_8x1_s00001] Converting to Parquet...
  [circle_8x1_s00001] Created: ce38dd44-Scenario_Circle_8x1_s00001_TrustRid.parquet
  [circle_8x1_s00001] Complete
[1/1] circle_8x1_s00001 done (2 parquet)

Done — 2 parquet file(s) produced.
== Completed Scenario_Circle_8x1_s00001 in 299s ==
== Writing isolated INI: simulations/spoofing_aware_with_planning/sweeps/charts_store/paper_suite_30seeds_plus_steepz_v2/generated/circle_8x1_s00011/omnetpp.ini ==
Wrote simulations/spoofing_aware_with_planning/sweeps/charts_store/paper_suite_30seeds_plus_steepz_v2/generated/circle_8x1_s00011/omnetpp.ini
== Running Scenario_Circle_8x1_s00011 comparison ==
Running 1 scenario(s), 2 config(s), parallel=1
(Each scenario = one INI directory; progress prints when that directory finishes.)

[1/1] circle_8x1_s00011 ...
  [circle_8x1_s00007:Scenario_Circle_8x1_s00007_Aware:sim] still running... 180s elapsed
  [circle_8x1_s00004:Scenario_Circle_8x1_s00004_Aware:sim] still running... 210s elapsed
  [circle_8x1_s00005:Scenario_Circle_8x1_s00005_Aware:sim] still running... 210s elapsed
  [circle_8x1_s00008] Running Scenario_Circle_8x1_s00008_Aware...
  [circle_8x1_s00008:Scenario_Circle_8x1_s00008_Aware:sim] still running... 30s elapsed
  [circle_8x1_s00009] Running Scenario_Circle_8x1_s00009_Aware...
  [circle_8x1_s00009:Scenario_Circle_8x1_s00009_Aware:sim] still running... 30s elapsed
  [circle_8x1_s00010] Running Scenario_Circle_8x1_s00010_Aware...
  [circle_8x1_s00010:Scenario_Circle_8x1_s00010_Aware:sim] still running... 30s elapsed
  [circle_8x1_s00006:Scenario_Circle_8x1_s00006_Aware:sim] still running... 210s elapsed
  [circle_8x1_s00011] Running Scenario_Circle_8x1_s00011_Aware...
  [circle_8x1_s00011:Scenario_Circle_8x1_s00011_Aware:sim] still running... 30s elapsed
  [circle_8x1_s00007:Scenario_Circle_8x1_s00007_Aware:sim] still running... 210s elapsed
  [circle_8x1_s00004:Scenario_Circle_8x1_s00004_Aware:sim] still running... 240s elapsed
  [circle_8x1_s00005:Scenario_Circle_8x1_s00005_Aware:sim] still running... 240s elapsed
  [circle_8x1_s00008:Scenario_Circle_8x1_s00008_Aware:sim] still running... 60s elapsed
  [circle_8x1_s00009:Scenario_Circle_8x1_s00009_Aware:sim] still running... 60s elapsed
  [circle_8x1_s00010:Scenario_Circle_8x1_s00010_Aware:sim] still running... 60s elapsed
  [circle_8x1_s00006:Scenario_Circle_8x1_s00006_Aware:sim] still running... 240s elapsed
  [circle_8x1_s00011:Scenario_Circle_8x1_s00011_Aware:sim] still running... 60s elapsed
  [circle_8x1_s00007:Scenario_Circle_8x1_s00007_Aware:sim] still running... 240s elapsed
  [circle_8x1_s00005] Copied scalars: 1aa29484-Scenario_Circle_8x1_s00005_Aware.sca
  [circle_8x1_s00005] Converting to Parquet...
  [circle_8x1_s00005] Created: 1aa29484-Scenario_Circle_8x1_s00005_Aware.parquet
  [circle_8x1_s00005] Running Scenario_Circle_8x1_s00005_TrustRid...
  [circle_8x1_s00005] Copied scalars: 1aa29484-Scenario_Circle_8x1_s00005_TrustRid.sca
  [circle_8x1_s00005] Converting to Parquet...
  [circle_8x1_s00005] Created: 1aa29484-Scenario_Circle_8x1_s00005_TrustRid.parquet
  [circle_8x1_s00005] Complete
[1/1] circle_8x1_s00005 done (2 parquet)

Done — 2 parquet file(s) produced.
== Completed Scenario_Circle_8x1_s00005 in 269s ==
== Writing isolated INI: simulations/spoofing_aware_with_planning/sweeps/charts_store/paper_suite_30seeds_plus_steepz_v2/generated/circle_8x1_s00012/omnetpp.ini ==
Wrote simulations/spoofing_aware_with_planning/sweeps/charts_store/paper_suite_30seeds_plus_steepz_v2/generated/circle_8x1_s00012/omnetpp.ini
== Running Scenario_Circle_8x1_s00012 comparison ==
Running 1 scenario(s), 2 config(s), parallel=1
(Each scenario = one INI directory; progress prints when that directory finishes.)

[1/1] circle_8x1_s00012 ...
  [circle_8x1_s00008:Scenario_Circle_8x1_s00008_Aware:sim] still running... 90s elapsed
  [circle_8x1_s00009:Scenario_Circle_8x1_s00009_Aware:sim] still running... 90s elapsed
  [circle_8x1_s00010:Scenario_Circle_8x1_s00010_Aware:sim] still running... 90s elapsed
  [circle_8x1_s00004] Copied scalars: 1a189c2c-Scenario_Circle_8x1_s00004_Aware.sca
  [circle_8x1_s00004] Converting to Parquet...
  [circle_8x1_s00004] Created: 1a189c2c-Scenario_Circle_8x1_s00004_Aware.parquet
  [circle_8x1_s00004] Running Scenario_Circle_8x1_s00004_TrustRid...
  [circle_8x1_s00004] Copied scalars: 1a189c2c-Scenario_Circle_8x1_s00004_TrustRid.sca
  [circle_8x1_s00004] Converting to Parquet...
  [circle_8x1_s00004] Created: 1a189c2c-Scenario_Circle_8x1_s00004_TrustRid.parquet
  [circle_8x1_s00004] Complete
[1/1] circle_8x1_s00004 done (2 parquet)

Done — 2 parquet file(s) produced.
== Completed Scenario_Circle_8x1_s00004 in 291s ==
== Writing isolated INI: simulations/spoofing_aware_with_planning/sweeps/charts_store/paper_suite_30seeds_plus_steepz_v2/generated/circle_8x1_s00013/omnetpp.ini ==
Wrote simulations/spoofing_aware_with_planning/sweeps/charts_store/paper_suite_30seeds_plus_steepz_v2/generated/circle_8x1_s00013/omnetpp.ini
== Running Scenario_Circle_8x1_s00013 comparison ==
Running 1 scenario(s), 2 config(s), parallel=1
(Each scenario = one INI directory; progress prints when that directory finishes.)

[1/1] circle_8x1_s00013 ...
  [circle_8x1_s00011:Scenario_Circle_8x1_s00011_Aware:sim] still running... 90s elapsed
  [circle_8x1_s00012] Running Scenario_Circle_8x1_s00012_Aware...
  [circle_8x1_s00012:Scenario_Circle_8x1_s00012_Aware:sim] still running... 30s elapsed
  [circle_8x1_s00006] Copied scalars: ea363216-Scenario_Circle_8x1_s00006_Aware.sca
  [circle_8x1_s00006] Converting to Parquet...
  [circle_8x1_s00006] Created: ea363216-Scenario_Circle_8x1_s00006_Aware.parquet
  [circle_8x1_s00006] Running Scenario_Circle_8x1_s00006_TrustRid...
  [circle_8x1_s00006] Copied scalars: ea363216-Scenario_Circle_8x1_s00006_TrustRid.sca
  [circle_8x1_s00006] Converting to Parquet...
  [circle_8x1_s00006] Created: ea363216-Scenario_Circle_8x1_s00006_TrustRid.parquet
  [circle_8x1_s00006] Complete
[1/1] circle_8x1_s00006 done (2 parquet)

Done — 2 parquet file(s) produced.
== Completed Scenario_Circle_8x1_s00006 in 289s ==
== Writing isolated INI: simulations/spoofing_aware_with_planning/sweeps/charts_store/paper_suite_30seeds_plus_steepz_v2/generated/circle_8x1_s00014/omnetpp.ini ==
Wrote simulations/spoofing_aware_with_planning/sweeps/charts_store/paper_suite_30seeds_plus_steepz_v2/generated/circle_8x1_s00014/omnetpp.ini
== Running Scenario_Circle_8x1_s00014 comparison ==
  [circle_8x1_s00008:Scenario_Circle_8x1_s00008_Aware:sim] still running... 120s elapsed
Running 1 scenario(s), 2 config(s), parallel=1
(Each scenario = one INI directory; progress prints when that directory finishes.)

[1/1] circle_8x1_s00014 ...
  [circle_8x1_s00007] Copied scalars: 0a211b78-Scenario_Circle_8x1_s00007_Aware.sca
  [circle_8x1_s00007] Converting to Parquet...
  [circle_8x1_s00007] Created: 0a211b78-Scenario_Circle_8x1_s00007_Aware.parquet
  [circle_8x1_s00007] Running Scenario_Circle_8x1_s00007_TrustRid...
  [circle_8x1_s00007] Copied scalars: 0a211b78-Scenario_Circle_8x1_s00007_TrustRid.sca
  [circle_8x1_s00007] Converting to Parquet...
  [circle_8x1_s00007] Created: 0a211b78-Scenario_Circle_8x1_s00007_TrustRid.parquet
  [circle_8x1_s00007] Complete
[1/1] circle_8x1_s00007 done (2 parquet)

Done — 2 parquet file(s) produced.
== Completed Scenario_Circle_8x1_s00007 in 285s ==
== Writing isolated INI: simulations/spoofing_aware_with_planning/sweeps/charts_store/paper_suite_30seeds_plus_steepz_v2/generated/circle_8x1_s00015/omnetpp.ini ==
Wrote simulations/spoofing_aware_with_planning/sweeps/charts_store/paper_suite_30seeds_plus_steepz_v2/generated/circle_8x1_s00015/omnetpp.ini
== Running Scenario_Circle_8x1_s00015 comparison ==
Running 1 scenario(s), 2 config(s), parallel=1
(Each scenario = one INI directory; progress prints when that directory finishes.)

[1/1] circle_8x1_s00015 ...
  [circle_8x1_s00009:Scenario_Circle_8x1_s00009_Aware:sim] still running... 120s elapsed
  [circle_8x1_s00010:Scenario_Circle_8x1_s00010_Aware:sim] still running... 120s elapsed
  [circle_8x1_s00013] Running Scenario_Circle_8x1_s00013_Aware...
  [circle_8x1_s00013:Scenario_Circle_8x1_s00013_Aware:sim] still running... 30s elapsed
  [circle_8x1_s00011:Scenario_Circle_8x1_s00011_Aware:sim] still running... 120s elapsed
  [circle_8x1_s00012:Scenario_Circle_8x1_s00012_Aware:sim] still running... 60s elapsed
  [circle_8x1_s00008:Scenario_Circle_8x1_s00008_Aware:sim] still running... 150s elapsed
  [circle_8x1_s00014] Running Scenario_Circle_8x1_s00014_Aware...
  [circle_8x1_s00014:Scenario_Circle_8x1_s00014_Aware:sim] still running... 30s elapsed
  [circle_8x1_s00015] Running Scenario_Circle_8x1_s00015_Aware...
  [circle_8x1_s00015:Scenario_Circle_8x1_s00015_Aware:sim] still running... 30s elapsed
  [circle_8x1_s00009:Scenario_Circle_8x1_s00009_Aware:sim] still running... 150s elapsed
  [circle_8x1_s00010:Scenario_Circle_8x1_s00010_Aware:sim] still running... 150s elapsed
  [circle_8x1_s00013:Scenario_Circle_8x1_s00013_Aware:sim] still running... 60s elapsed
  [circle_8x1_s00011:Scenario_Circle_8x1_s00011_Aware:sim] still running... 150s elapsed
  [circle_8x1_s00012:Scenario_Circle_8x1_s00012_Aware:sim] still running... 90s elapsed
  [circle_8x1_s00008:Scenario_Circle_8x1_s00008_Aware:sim] still running... 180s elapsed
  [circle_8x1_s00014:Scenario_Circle_8x1_s00014_Aware:sim] still running... 60s elapsed
  [circle_8x1_s00015:Scenario_Circle_8x1_s00015_Aware:sim] still running... 60s elapsed
  [circle_8x1_s00009:Scenario_Circle_8x1_s00009_Aware:sim] still running... 180s elapsed
  [circle_8x1_s00010:Scenario_Circle_8x1_s00010_Aware:sim] still running... 180s elapsed
  [circle_8x1_s00013:Scenario_Circle_8x1_s00013_Aware:sim] still running... 90s elapsed
  [circle_8x1_s00011:Scenario_Circle_8x1_s00011_Aware:sim] still running... 180s elapsed
  [circle_8x1_s00012:Scenario_Circle_8x1_s00012_Aware:sim] still running... 120s elapsed
  [circle_8x1_s00008:Scenario_Circle_8x1_s00008_Aware:sim] still running... 210s elapsed
  [circle_8x1_s00014:Scenario_Circle_8x1_s00014_Aware:sim] still running... 90s elapsed
  [circle_8x1_s00015:Scenario_Circle_8x1_s00015_Aware:sim] still running... 90s elapsed
  [circle_8x1_s00009:Scenario_Circle_8x1_s00009_Aware:sim] still running... 210s elapsed
  [circle_8x1_s00010:Scenario_Circle_8x1_s00010_Aware:sim] still running... 210s elapsed
  [circle_8x1_s00013:Scenario_Circle_8x1_s00013_Aware:sim] still running... 120s elapsed
  [circle_8x1_s00011:Scenario_Circle_8x1_s00011_Aware:sim] still running... 210s elapsed
  [circle_8x1_s00012:Scenario_Circle_8x1_s00012_Aware:sim] still running... 150s elapsed
  [circle_8x1_s00008:Scenario_Circle_8x1_s00008_Aware:sim] still running... 240s elapsed
  [circle_8x1_s00014:Scenario_Circle_8x1_s00014_Aware:sim] still running... 120s elapsed
  [circle_8x1_s00015:Scenario_Circle_8x1_s00015_Aware:sim] still running... 120s elapsed
  [circle_8x1_s00009:Scenario_Circle_8x1_s00009_Aware:sim] still running... 240s elapsed
  [circle_8x1_s00010:Scenario_Circle_8x1_s00010_Aware:sim] still running... 240s elapsed
  [circle_8x1_s00013:Scenario_Circle_8x1_s00013_Aware:sim] still running... 150s elapsed
  [circle_8x1_s00011:Scenario_Circle_8x1_s00011_Aware:sim] still running... 240s elapsed
  [circle_8x1_s00012:Scenario_Circle_8x1_s00012_Aware:sim] still running... 180s elapsed
  [circle_8x1_s00014:Scenario_Circle_8x1_s00014_Aware:sim] still running... 150s elapsed
  [circle_8x1_s00015:Scenario_Circle_8x1_s00015_Aware:sim] still running... 150s elapsed
  [circle_8x1_s00013:Scenario_Circle_8x1_s00013_Aware:sim] still running... 180s elapsed
  [circle_8x1_s00008] Copied scalars: 8c510fed-Scenario_Circle_8x1_s00008_Aware.sca
  [circle_8x1_s00008] Converting to Parquet...
  [circle_8x1_s00008] Created: 8c510fed-Scenario_Circle_8x1_s00008_Aware.parquet
  [circle_8x1_s00008] Running Scenario_Circle_8x1_s00008_TrustRid...
  [circle_8x1_s00008:Scenario_Circle_8x1_s00008_TrustRid:sim] still running... 30s elapsed
  [circle_8x1_s00012:Scenario_Circle_8x1_s00012_Aware:sim] still running... 210s elapsed
  [circle_8x1_s00008] Copied scalars: 8c510fed-Scenario_Circle_8x1_s00008_TrustRid.sca
  [circle_8x1_s00008] Converting to Parquet...
  [circle_8x1_s00008] Created: 8c510fed-Scenario_Circle_8x1_s00008_TrustRid.parquet
  [circle_8x1_s00008] Complete
[1/1] circle_8x1_s00008 done (2 parquet)

Done — 2 parquet file(s) produced.
== Completed Scenario_Circle_8x1_s00008 in 299s ==
== Writing isolated INI: simulations/spoofing_aware_with_planning/sweeps/charts_store/paper_suite_30seeds_plus_steepz_v2/generated/circle_8x1_s00016/omnetpp.ini ==
Wrote simulations/spoofing_aware_with_planning/sweeps/charts_store/paper_suite_30seeds_plus_steepz_v2/generated/circle_8x1_s00016/omnetpp.ini
== Running Scenario_Circle_8x1_s00016 comparison ==
Running 1 scenario(s), 2 config(s), parallel=1
(Each scenario = one INI directory; progress prints when that directory finishes.)

[1/1] circle_8x1_s00016 ...
  [circle_8x1_s00010] Copied scalars: caa4ef6e-Scenario_Circle_8x1_s00010_Aware.sca
  [circle_8x1_s00010] Converting to Parquet...
  [circle_8x1_s00010] Created: caa4ef6e-Scenario_Circle_8x1_s00010_Aware.parquet
  [circle_8x1_s00010] Running Scenario_Circle_8x1_s00010_TrustRid...
  [circle_8x1_s00010] Copied scalars: caa4ef6e-Scenario_Circle_8x1_s00010_TrustRid.sca
  [circle_8x1_s00010] Converting to Parquet...
  [circle_8x1_s00010] Created: caa4ef6e-Scenario_Circle_8x1_s00010_TrustRid.parquet
  [circle_8x1_s00010] Complete
[1/1] circle_8x1_s00010 done (2 parquet)

Done — 2 parquet file(s) produced.
== Completed Scenario_Circle_8x1_s00010 in 292s ==
== Writing isolated INI: simulations/spoofing_aware_with_planning/sweeps/charts_store/paper_suite_30seeds_plus_steepz_v2/generated/circle_8x1_s00017/omnetpp.ini ==
Wrote simulations/spoofing_aware_with_planning/sweeps/charts_store/paper_suite_30seeds_plus_steepz_v2/generated/circle_8x1_s00017/omnetpp.ini
== Running Scenario_Circle_8x1_s00017 comparison ==
  [circle_8x1_s00014:Scenario_Circle_8x1_s00014_Aware:sim] still running... 180s elapsed
Running 1 scenario(s), 2 config(s), parallel=1
(Each scenario = one INI directory; progress prints when that directory finishes.)

[1/1] circle_8x1_s00017 ...
  [circle_8x1_s00009] Copied scalars: 59b8f9bb-Scenario_Circle_8x1_s00009_Aware.sca
  [circle_8x1_s00009] Converting to Parquet...
  [circle_8x1_s00009] Created: 59b8f9bb-Scenario_Circle_8x1_s00009_Aware.parquet
  [circle_8x1_s00009] Running Scenario_Circle_8x1_s00009_TrustRid...
  [circle_8x1_s00009:Scenario_Circle_8x1_s00009_TrustRid:sim] still running... 30s elapsed
  [circle_8x1_s00015:Scenario_Circle_8x1_s00015_Aware:sim] still running... 180s elapsed
  [circle_8x1_s00009] Copied scalars: 59b8f9bb-Scenario_Circle_8x1_s00009_TrustRid.sca
  [circle_8x1_s00009] Converting to Parquet...
  [circle_8x1_s00009] Created: 59b8f9bb-Scenario_Circle_8x1_s00009_TrustRid.parquet
  [circle_8x1_s00009] Complete
[1/1] circle_8x1_s00009 done (2 parquet)

Done — 2 parquet file(s) produced.
== Completed Scenario_Circle_8x1_s00009 in 300s ==
== Writing isolated INI: simulations/spoofing_aware_with_planning/sweeps/charts_store/paper_suite_30seeds_plus_steepz_v2/generated/circle_8x1_s00018/omnetpp.ini ==
Wrote simulations/spoofing_aware_with_planning/sweeps/charts_store/paper_suite_30seeds_plus_steepz_v2/generated/circle_8x1_s00018/omnetpp.ini
== Running Scenario_Circle_8x1_s00018 comparison ==
Running 1 scenario(s), 2 config(s), parallel=1
(Each scenario = one INI directory; progress prints when that directory finishes.)

[1/1] circle_8x1_s00018 ...
  [circle_8x1_s00011] Copied scalars: 64db4623-Scenario_Circle_8x1_s00011_Aware.sca
  [circle_8x1_s00011] Converting to Parquet...
  [circle_8x1_s00011] Created: 64db4623-Scenario_Circle_8x1_s00011_Aware.parquet
  [circle_8x1_s00011] Running Scenario_Circle_8x1_s00011_TrustRid...
  [circle_8x1_s00011:Scenario_Circle_8x1_s00011_TrustRid:sim] still running... 30s elapsed
  [circle_8x1_s00011] Copied scalars: 64db4623-Scenario_Circle_8x1_s00011_TrustRid.sca
  [circle_8x1_s00011] Converting to Parquet...
  [circle_8x1_s00011] Created: 64db4623-Scenario_Circle_8x1_s00011_TrustRid.parquet
  [circle_8x1_s00011] Complete
[1/1] circle_8x1_s00011 done (2 parquet)

Done — 2 parquet file(s) produced.
== Completed Scenario_Circle_8x1_s00011 in 299s ==
== Writing isolated INI: simulations/spoofing_aware_with_planning/sweeps/charts_store/paper_suite_30seeds_plus_steepz_v2/generated/circle_8x1_s00019/omnetpp.ini ==
Wrote simulations/spoofing_aware_with_planning/sweeps/charts_store/paper_suite_30seeds_plus_steepz_v2/generated/circle_8x1_s00019/omnetpp.ini
== Running Scenario_Circle_8x1_s00019 comparison ==
Running 1 scenario(s), 2 config(s), parallel=1
(Each scenario = one INI directory; progress prints when that directory finishes.)

[1/1] circle_8x1_s00019 ...
  [circle_8x1_s00013:Scenario_Circle_8x1_s00013_Aware:sim] still running... 210s elapsed
  [circle_8x1_s00012:Scenario_Circle_8x1_s00012_Aware:sim] still running... 240s elapsed
  [circle_8x1_s00016] Running Scenario_Circle_8x1_s00016_Aware...
  [circle_8x1_s00016:Scenario_Circle_8x1_s00016_Aware:sim] still running... 30s elapsed
  [circle_8x1_s00014:Scenario_Circle_8x1_s00014_Aware:sim] still running... 210s elapsed
  [circle_8x1_s00017] Running Scenario_Circle_8x1_s00017_Aware...
  [circle_8x1_s00017:Scenario_Circle_8x1_s00017_Aware:sim] still running... 30s elapsed
  [circle_8x1_s00015:Scenario_Circle_8x1_s00015_Aware:sim] still running... 210s elapsed
  [circle_8x1_s00018] Running Scenario_Circle_8x1_s00018_Aware...
  [circle_8x1_s00018:Scenario_Circle_8x1_s00018_Aware:sim] still running... 30s elapsed
  [circle_8x1_s00019] Running Scenario_Circle_8x1_s00019_Aware...
  [circle_8x1_s00019:Scenario_Circle_8x1_s00019_Aware:sim] still running... 30s elapsed
  [circle_8x1_s00013:Scenario_Circle_8x1_s00013_Aware:sim] still running... 240s elapsed
  [circle_8x1_s00016:Scenario_Circle_8x1_s00016_Aware:sim] still running... 60s elapsed
  [circle_8x1_s00014:Scenario_Circle_8x1_s00014_Aware:sim] still running... 240s elapsed
  [circle_8x1_s00017:Scenario_Circle_8x1_s00017_Aware:sim] still running... 60s elapsed
  [circle_8x1_s00015:Scenario_Circle_8x1_s00015_Aware:sim] still running... 240s elapsed
  [circle_8x1_s00018:Scenario_Circle_8x1_s00018_Aware:sim] still running... 60s elapsed
  [circle_8x1_s00019:Scenario_Circle_8x1_s00019_Aware:sim] still running... 60s elapsed
  [circle_8x1_s00012] Copied scalars: 73cba7e6-Scenario_Circle_8x1_s00012_Aware.sca
  [circle_8x1_s00012] Converting to Parquet...
  [circle_8x1_s00012] Created: 73cba7e6-Scenario_Circle_8x1_s00012_Aware.parquet
  [circle_8x1_s00012] Running Scenario_Circle_8x1_s00012_TrustRid...
  [circle_8x1_s00012:Scenario_Circle_8x1_s00012_TrustRid:sim] still running... 30s elapsed
  [circle_8x1_s00012] Copied scalars: 73cba7e6-Scenario_Circle_8x1_s00012_TrustRid.sca
  [circle_8x1_s00012] Converting to Parquet...
  [circle_8x1_s00012] Created: 73cba7e6-Scenario_Circle_8x1_s00012_TrustRid.parquet
  [circle_8x1_s00012] Complete
[1/1] circle_8x1_s00012 done (2 parquet)

Done — 2 parquet file(s) produced.
== Completed Scenario_Circle_8x1_s00012 in 300s ==
== Writing isolated INI: simulations/spoofing_aware_with_planning/sweeps/charts_store/paper_suite_30seeds_plus_steepz_v2/generated/circle_8x1_s00020/omnetpp.ini ==
Wrote simulations/spoofing_aware_with_planning/sweeps/charts_store/paper_suite_30seeds_plus_steepz_v2/generated/circle_8x1_s00020/omnetpp.ini
== Running Scenario_Circle_8x1_s00020 comparison ==
Running 1 scenario(s), 2 config(s), parallel=1
(Each scenario = one INI directory; progress prints when that directory finishes.)

[1/1] circle_8x1_s00020 ...
  [circle_8x1_s00016:Scenario_Circle_8x1_s00016_Aware:sim] still running... 90s elapsed
  [circle_8x1_s00017:Scenario_Circle_8x1_s00017_Aware:sim] still running... 90s elapsed
  [circle_8x1_s00013] Copied scalars: b84b005a-Scenario_Circle_8x1_s00013_Aware.sca
  [circle_8x1_s00013] Converting to Parquet...
  [circle_8x1_s00013] Created: b84b005a-Scenario_Circle_8x1_s00013_Aware.parquet
  [circle_8x1_s00013] Running Scenario_Circle_8x1_s00013_TrustRid...
  [circle_8x1_s00013] Copied scalars: b84b005a-Scenario_Circle_8x1_s00013_TrustRid.sca
  [circle_8x1_s00013] Converting to Parquet...
  [circle_8x1_s00013] Created: b84b005a-Scenario_Circle_8x1_s00013_TrustRid.parquet
  [circle_8x1_s00013] Complete
[1/1] circle_8x1_s00013 done (2 parquet)

Done — 2 parquet file(s) produced.
== Completed Scenario_Circle_8x1_s00013 in 291s ==
== Writing isolated INI: simulations/spoofing_aware_with_planning/sweeps/charts_store/paper_suite_30seeds_plus_steepz_v2/generated/circle_8x1_s00021/omnetpp.ini ==
Wrote simulations/spoofing_aware_with_planning/sweeps/charts_store/paper_suite_30seeds_plus_steepz_v2/generated/circle_8x1_s00021/omnetpp.ini
== Running Scenario_Circle_8x1_s00021 comparison ==
Running 1 scenario(s), 2 config(s), parallel=1
(Each scenario = one INI directory; progress prints when that directory finishes.)

[1/1] circle_8x1_s00021 ...
  [circle_8x1_s00018:Scenario_Circle_8x1_s00018_Aware:sim] still running... 90s elapsed
  [circle_8x1_s00019:Scenario_Circle_8x1_s00019_Aware:sim] still running... 90s elapsed
  [circle_8x1_s00014] Copied scalars: af45a9bb-Scenario_Circle_8x1_s00014_Aware.sca
  [circle_8x1_s00014] Converting to Parquet...
  [circle_8x1_s00014] Created: af45a9bb-Scenario_Circle_8x1_s00014_Aware.parquet
  [circle_8x1_s00014] Running Scenario_Circle_8x1_s00014_TrustRid...
  [circle_8x1_s00014:Scenario_Circle_8x1_s00014_TrustRid:sim] still running... 30s elapsed
  [circle_8x1_s00020] Running Scenario_Circle_8x1_s00020_Aware...
  [circle_8x1_s00020:Scenario_Circle_8x1_s00020_Aware:sim] still running... 30s elapsed
  [circle_8x1_s00014] Copied scalars: af45a9bb-Scenario_Circle_8x1_s00014_TrustRid.sca
  [circle_8x1_s00014] Converting to Parquet...
  [circle_8x1_s00014] Created: af45a9bb-Scenario_Circle_8x1_s00014_TrustRid.parquet
  [circle_8x1_s00014] Complete
[1/1] circle_8x1_s00014 done (2 parquet)

Done — 2 parquet file(s) produced.
== Completed Scenario_Circle_8x1_s00014 in 299s ==
== Writing isolated INI: simulations/spoofing_aware_with_planning/sweeps/charts_store/paper_suite_30seeds_plus_steepz_v2/generated/circle_8x1_s00022/omnetpp.ini ==
Wrote simulations/spoofing_aware_with_planning/sweeps/charts_store/paper_suite_30seeds_plus_steepz_v2/generated/circle_8x1_s00022/omnetpp.ini
== Running Scenario_Circle_8x1_s00022 comparison ==
  [circle_8x1_s00016:Scenario_Circle_8x1_s00016_Aware:sim] still running... 120s elapsed
Running 1 scenario(s), 2 config(s), parallel=1
(Each scenario = one INI directory; progress prints when that directory finishes.)

[1/1] circle_8x1_s00022 ...
  [circle_8x1_s00015] Copied scalars: af9d3453-Scenario_Circle_8x1_s00015_Aware.sca
  [circle_8x1_s00015] Converting to Parquet...
  [circle_8x1_s00015] Created: af9d3453-Scenario_Circle_8x1_s00015_Aware.parquet
  [circle_8x1_s00015] Running Scenario_Circle_8x1_s00015_TrustRid...
  [circle_8x1_s00015:Scenario_Circle_8x1_s00015_TrustRid:sim] still running... 30s elapsed
  [circle_8x1_s00017:Scenario_Circle_8x1_s00017_Aware:sim] still running... 120s elapsed
  [circle_8x1_s00015] Copied scalars: af9d3453-Scenario_Circle_8x1_s00015_TrustRid.sca
  [circle_8x1_s00015] Converting to Parquet...
  [circle_8x1_s00015] Created: af9d3453-Scenario_Circle_8x1_s00015_TrustRid.parquet
  [circle_8x1_s00015] Complete
[1/1] circle_8x1_s00015 done (2 parquet)

Done — 2 parquet file(s) produced.
== Completed Scenario_Circle_8x1_s00015 in 299s ==
== Writing isolated INI: simulations/spoofing_aware_with_planning/sweeps/charts_store/paper_suite_30seeds_plus_steepz_v2/generated/circle_8x1_s00023/omnetpp.ini ==
Wrote simulations/spoofing_aware_with_planning/sweeps/charts_store/paper_suite_30seeds_plus_steepz_v2/generated/circle_8x1_s00023/omnetpp.ini
== Running Scenario_Circle_8x1_s00023 comparison ==
Running 1 scenario(s), 2 config(s), parallel=1
(Each scenario = one INI directory; progress prints when that directory finishes.)

[1/1] circle_8x1_s00023 ...
  [circle_8x1_s00021] Running Scenario_Circle_8x1_s00021_Aware...
  [circle_8x1_s00021:Scenario_Circle_8x1_s00021_Aware:sim] still running... 30s elapsed
  [circle_8x1_s00018:Scenario_Circle_8x1_s00018_Aware:sim] still running... 120s elapsed
  [circle_8x1_s00019:Scenario_Circle_8x1_s00019_Aware:sim] still running... 120s elapsed
  [circle_8x1_s00020:Scenario_Circle_8x1_s00020_Aware:sim] still running... 60s elapsed
  [circle_8x1_s00016:Scenario_Circle_8x1_s00016_Aware:sim] still running... 150s elapsed
  [circle_8x1_s00022] Running Scenario_Circle_8x1_s00022_Aware...
  [circle_8x1_s00022:Scenario_Circle_8x1_s00022_Aware:sim] still running... 30s elapsed
  [circle_8x1_s00017:Scenario_Circle_8x1_s00017_Aware:sim] still running... 150s elapsed
  [circle_8x1_s00023] Running Scenario_Circle_8x1_s00023_Aware...
  [circle_8x1_s00023:Scenario_Circle_8x1_s00023_Aware:sim] still running... 30s elapsed
  [circle_8x1_s00021:Scenario_Circle_8x1_s00021_Aware:sim] still running... 60s elapsed
  [circle_8x1_s00018:Scenario_Circle_8x1_s00018_Aware:sim] still running... 150s elapsed
  [circle_8x1_s00019:Scenario_Circle_8x1_s00019_Aware:sim] still running... 150s elapsed
  [circle_8x1_s00020:Scenario_Circle_8x1_s00020_Aware:sim] still running... 90s elapsed
  [circle_8x1_s00016:Scenario_Circle_8x1_s00016_Aware:sim] still running... 180s elapsed
  [circle_8x1_s00022:Scenario_Circle_8x1_s00022_Aware:sim] still running... 60s elapsed
  [circle_8x1_s00017:Scenario_Circle_8x1_s00017_Aware:sim] still running... 180s elapsed
  [circle_8x1_s00023:Scenario_Circle_8x1_s00023_Aware:sim] still running... 60s elapsed
  [circle_8x1_s00021:Scenario_Circle_8x1_s00021_Aware:sim] still running... 90s elapsed
  [circle_8x1_s00018:Scenario_Circle_8x1_s00018_Aware:sim] still running... 180s elapsed
  [circle_8x1_s00019:Scenario_Circle_8x1_s00019_Aware:sim] still running... 180s elapsed
  [circle_8x1_s00020:Scenario_Circle_8x1_s00020_Aware:sim] still running... 120s elapsed
  [circle_8x1_s00016:Scenario_Circle_8x1_s00016_Aware:sim] still running... 210s elapsed
  [circle_8x1_s00022:Scenario_Circle_8x1_s00022_Aware:sim] still running... 90s elapsed
  [circle_8x1_s00017:Scenario_Circle_8x1_s00017_Aware:sim] still running... 210s elapsed
  [circle_8x1_s00023:Scenario_Circle_8x1_s00023_Aware:sim] still running... 90s elapsed
  [circle_8x1_s00021:Scenario_Circle_8x1_s00021_Aware:sim] still running... 120s elapsed
  [circle_8x1_s00018:Scenario_Circle_8x1_s00018_Aware:sim] still running... 210s elapsed
  [circle_8x1_s00019:Scenario_Circle_8x1_s00019_Aware:sim] still running... 210s elapsed
  [circle_8x1_s00020:Scenario_Circle_8x1_s00020_Aware:sim] still running... 150s elapsed
  [circle_8x1_s00016:Scenario_Circle_8x1_s00016_Aware:sim] still running... 240s elapsed
  [circle_8x1_s00022:Scenario_Circle_8x1_s00022_Aware:sim] still running... 120s elapsed
  [circle_8x1_s00017:Scenario_Circle_8x1_s00017_Aware:sim] still running... 240s elapsed
  [circle_8x1_s00023:Scenario_Circle_8x1_s00023_Aware:sim] still running... 120s elapsed
  [circle_8x1_s00021:Scenario_Circle_8x1_s00021_Aware:sim] still running... 150s elapsed
  [circle_8x1_s00018:Scenario_Circle_8x1_s00018_Aware:sim] still running... 240s elapsed
  [circle_8x1_s00019:Scenario_Circle_8x1_s00019_Aware:sim] still running... 240s elapsed
  [circle_8x1_s00020:Scenario_Circle_8x1_s00020_Aware:sim] still running... 180s elapsed
  [circle_8x1_s00022:Scenario_Circle_8x1_s00022_Aware:sim] still running... 150s elapsed
  [circle_8x1_s00023:Scenario_Circle_8x1_s00023_Aware:sim] still running... 150s elapsed
  [circle_8x1_s00021:Scenario_Circle_8x1_s00021_Aware:sim] still running... 180s elapsed
  [circle_8x1_s00019] Copied scalars: b47ad0fc-Scenario_Circle_8x1_s00019_Aware.sca
  [circle_8x1_s00019] Converting to Parquet...
  [circle_8x1_s00019] Created: b47ad0fc-Scenario_Circle_8x1_s00019_Aware.parquet
  [circle_8x1_s00019] Running Scenario_Circle_8x1_s00019_TrustRid...
  [circle_8x1_s00019] Copied scalars: b47ad0fc-Scenario_Circle_8x1_s00019_TrustRid.sca
  [circle_8x1_s00019] Converting to Parquet...
  [circle_8x1_s00019] Created: b47ad0fc-Scenario_Circle_8x1_s00019_TrustRid.parquet
  [circle_8x1_s00019] Complete
[1/1] circle_8x1_s00019 done (2 parquet)

Done — 2 parquet file(s) produced.
== Completed Scenario_Circle_8x1_s00019 in 281s ==
== Writing isolated INI: simulations/spoofing_aware_with_planning/sweeps/charts_store/paper_suite_30seeds_plus_steepz_v2/generated/circle_8x1_s00024/omnetpp.ini ==
Wrote simulations/spoofing_aware_with_planning/sweeps/charts_store/paper_suite_30seeds_plus_steepz_v2/generated/circle_8x1_s00024/omnetpp.ini
== Running Scenario_Circle_8x1_s00024 comparison ==
Running 1 scenario(s), 2 config(s), parallel=1
(Each scenario = one INI directory; progress prints when that directory finishes.)

[1/1] circle_8x1_s00024 ...
  [circle_8x1_s00017] Copied scalars: 4b4a3ade-Scenario_Circle_8x1_s00017_Aware.sca
  [circle_8x1_s00017] Converting to Parquet...
  [circle_8x1_s00017] Created: 4b4a3ade-Scenario_Circle_8x1_s00017_Aware.parquet
  [circle_8x1_s00017] Running Scenario_Circle_8x1_s00017_TrustRid...
  [circle_8x1_s00017] Copied scalars: 4b4a3ade-Scenario_Circle_8x1_s00017_TrustRid.sca
  [circle_8x1_s00017] Converting to Parquet...
  [circle_8x1_s00017] Created: 4b4a3ade-Scenario_Circle_8x1_s00017_TrustRid.parquet
  [circle_8x1_s00017] Complete
[1/1] circle_8x1_s00017 done (2 parquet)

Done — 2 parquet file(s) produced.
== Completed Scenario_Circle_8x1_s00017 in 295s ==
== Writing isolated INI: simulations/spoofing_aware_with_planning/sweeps/charts_store/paper_suite_30seeds_plus_steepz_v2/generated/circle_8x1_s00025/omnetpp.ini ==
Wrote simulations/spoofing_aware_with_planning/sweeps/charts_store/paper_suite_30seeds_plus_steepz_v2/generated/circle_8x1_s00025/omnetpp.ini
== Running Scenario_Circle_8x1_s00025 comparison ==
  [circle_8x1_s00016] Copied scalars: 69d60715-Scenario_Circle_8x1_s00016_Aware.sca
  [circle_8x1_s00016] Converting to Parquet...
  [circle_8x1_s00016] Created: 69d60715-Scenario_Circle_8x1_s00016_Aware.parquet
  [circle_8x1_s00016] Running Scenario_Circle_8x1_s00016_TrustRid...
  [circle_8x1_s00016:Scenario_Circle_8x1_s00016_TrustRid:sim] still running... 30s elapsed
Running 1 scenario(s), 2 config(s), parallel=1
(Each scenario = one INI directory; progress prints when that directory finishes.)

[1/1] circle_8x1_s00025 ...
  [circle_8x1_s00020:Scenario_Circle_8x1_s00020_Aware:sim] still running... 210s elapsed
  [circle_8x1_s00016] Copied scalars: 69d60715-Scenario_Circle_8x1_s00016_TrustRid.sca
  [circle_8x1_s00016] Converting to Parquet...
  [circle_8x1_s00016] Created: 69d60715-Scenario_Circle_8x1_s00016_TrustRid.parquet
  [circle_8x1_s00016] Complete
[1/1] circle_8x1_s00016 done (2 parquet)

Done — 2 parquet file(s) produced.
== Completed Scenario_Circle_8x1_s00016 in 300s ==
== Writing isolated INI: simulations/spoofing_aware_with_planning/sweeps/charts_store/paper_suite_30seeds_plus_steepz_v2/generated/circle_8x1_s00026/omnetpp.ini ==
Wrote simulations/spoofing_aware_with_planning/sweeps/charts_store/paper_suite_30seeds_plus_steepz_v2/generated/circle_8x1_s00026/omnetpp.ini
== Running Scenario_Circle_8x1_s00026 comparison ==
Running 1 scenario(s), 2 config(s), parallel=1
(Each scenario = one INI directory; progress prints when that directory finishes.)

[1/1] circle_8x1_s00026 ...
  [circle_8x1_s00022:Scenario_Circle_8x1_s00022_Aware:sim] still running... 180s elapsed
  [circle_8x1_s00018] Copied scalars: eaf8a5a0-Scenario_Circle_8x1_s00018_Aware.sca
  [circle_8x1_s00018] Converting to Parquet...
  [circle_8x1_s00018] Created: eaf8a5a0-Scenario_Circle_8x1_s00018_Aware.parquet
  [circle_8x1_s00018] Running Scenario_Circle_8x1_s00018_TrustRid...
  [circle_8x1_s00018:Scenario_Circle_8x1_s00018_TrustRid:sim] still running... 30s elapsed
  [circle_8x1_s00023:Scenario_Circle_8x1_s00023_Aware:sim] still running... 180s elapsed
  [circle_8x1_s00021:Scenario_Circle_8x1_s00021_Aware:sim] still running... 210s elapsed
  [circle_8x1_s00018] Copied scalars: eaf8a5a0-Scenario_Circle_8x1_s00018_TrustRid.sca
  [circle_8x1_s00018] Converting to Parquet...
  [circle_8x1_s00018] Created: eaf8a5a0-Scenario_Circle_8x1_s00018_TrustRid.parquet
  [circle_8x1_s00018] Complete
[1/1] circle_8x1_s00018 done (2 parquet)

Done — 2 parquet file(s) produced.
== Completed Scenario_Circle_8x1_s00018 in 300s ==
== Writing isolated INI: simulations/spoofing_aware_with_planning/sweeps/charts_store/paper_suite_30seeds_plus_steepz_v2/generated/circle_8x1_s00027/omnetpp.ini ==
Wrote simulations/spoofing_aware_with_planning/sweeps/charts_store/paper_suite_30seeds_plus_steepz_v2/generated/circle_8x1_s00027/omnetpp.ini
== Running Scenario_Circle_8x1_s00027 comparison ==
Running 1 scenario(s), 2 config(s), parallel=1
(Each scenario = one INI directory; progress prints when that directory finishes.)

[1/1] circle_8x1_s00027 ...
  [circle_8x1_s00024] Running Scenario_Circle_8x1_s00024_Aware...
  [circle_8x1_s00024:Scenario_Circle_8x1_s00024_Aware:sim] still running... 30s elapsed
  [circle_8x1_s00025] Running Scenario_Circle_8x1_s00025_Aware...
  [circle_8x1_s00025:Scenario_Circle_8x1_s00025_Aware:sim] still running... 30s elapsed
  [circle_8x1_s00020:Scenario_Circle_8x1_s00020_Aware:sim] still running... 240s elapsed
  [circle_8x1_s00026] Running Scenario_Circle_8x1_s00026_Aware...
  [circle_8x1_s00026:Scenario_Circle_8x1_s00026_Aware:sim] still running... 30s elapsed
  [circle_8x1_s00022:Scenario_Circle_8x1_s00022_Aware:sim] still running... 210s elapsed
  [circle_8x1_s00023:Scenario_Circle_8x1_s00023_Aware:sim] still running... 210s elapsed
  [circle_8x1_s00021:Scenario_Circle_8x1_s00021_Aware:sim] still running... 240s elapsed
  [circle_8x1_s00027] Running Scenario_Circle_8x1_s00027_Aware...
  [circle_8x1_s00027:Scenario_Circle_8x1_s00027_Aware:sim] still running... 30s elapsed
  [circle_8x1_s00024:Scenario_Circle_8x1_s00024_Aware:sim] still running... 60s elapsed
  [circle_8x1_s00025:Scenario_Circle_8x1_s00025_Aware:sim] still running... 60s elapsed
  [circle_8x1_s00026:Scenario_Circle_8x1_s00026_Aware:sim] still running... 60s elapsed
  [circle_8x1_s00022:Scenario_Circle_8x1_s00022_Aware:sim] still running... 240s elapsed
  [circle_8x1_s00023:Scenario_Circle_8x1_s00023_Aware:sim] still running... 240s elapsed
  [circle_8x1_s00027:Scenario_Circle_8x1_s00027_Aware:sim] still running... 60s elapsed
  [circle_8x1_s00020] Copied scalars: 6ec8142d-Scenario_Circle_8x1_s00020_Aware.sca
  [circle_8x1_s00020] Converting to Parquet...
  [circle_8x1_s00020] Created: 6ec8142d-Scenario_Circle_8x1_s00020_Aware.parquet
  [circle_8x1_s00020] Running Scenario_Circle_8x1_s00020_TrustRid...
  [circle_8x1_s00020] Copied scalars: 6ec8142d-Scenario_Circle_8x1_s00020_TrustRid.sca
  [circle_8x1_s00020] Converting to Parquet...
  [circle_8x1_s00020] Created: 6ec8142d-Scenario_Circle_8x1_s00020_TrustRid.parquet
  [circle_8x1_s00020] Complete
[1/1] circle_8x1_s00020 done (2 parquet)

Done — 2 parquet file(s) produced.
== Completed Scenario_Circle_8x1_s00020 in 286s ==
== Writing isolated INI: simulations/spoofing_aware_with_planning/sweeps/charts_store/paper_suite_30seeds_plus_steepz_v2/generated/circle_8x1_s00028/omnetpp.ini ==
Wrote simulations/spoofing_aware_with_planning/sweeps/charts_store/paper_suite_30seeds_plus_steepz_v2/generated/circle_8x1_s00028/omnetpp.ini
== Running Scenario_Circle_8x1_s00028 comparison ==
Running 1 scenario(s), 2 config(s), parallel=1
(Each scenario = one INI directory; progress prints when that directory finishes.)

[1/1] circle_8x1_s00028 ...
  [circle_8x1_s00024:Scenario_Circle_8x1_s00024_Aware:sim] still running... 90s elapsed
  [circle_8x1_s00025:Scenario_Circle_8x1_s00025_Aware:sim] still running... 90s elapsed
  [circle_8x1_s00021] Copied scalars: 8ec7360f-Scenario_Circle_8x1_s00021_Aware.sca
  [circle_8x1_s00021] Converting to Parquet...
  [circle_8x1_s00021] Created: 8ec7360f-Scenario_Circle_8x1_s00021_Aware.parquet
  [circle_8x1_s00021] Running Scenario_Circle_8x1_s00021_TrustRid...
  [circle_8x1_s00021] Copied scalars: 8ec7360f-Scenario_Circle_8x1_s00021_TrustRid.sca
  [circle_8x1_s00021] Converting to Parquet...
  [circle_8x1_s00021] Created: 8ec7360f-Scenario_Circle_8x1_s00021_TrustRid.parquet
  [circle_8x1_s00021] Complete
[1/1] circle_8x1_s00021 done (2 parquet)

Done — 2 parquet file(s) produced.
== Completed Scenario_Circle_8x1_s00021 in 295s ==
== Writing isolated INI: simulations/spoofing_aware_with_planning/sweeps/charts_store/paper_suite_30seeds_plus_steepz_v2/generated/circle_8x1_s00029/omnetpp.ini ==
Wrote simulations/spoofing_aware_with_planning/sweeps/charts_store/paper_suite_30seeds_plus_steepz_v2/generated/circle_8x1_s00029/omnetpp.ini
== Running Scenario_Circle_8x1_s00029 comparison ==
  [circle_8x1_s00026:Scenario_Circle_8x1_s00026_Aware:sim] still running... 90s elapsed
Running 1 scenario(s), 2 config(s), parallel=1
(Each scenario = one INI directory; progress prints when that directory finishes.)

[1/1] circle_8x1_s00029 ...
  [circle_8x1_s00027:Scenario_Circle_8x1_s00027_Aware:sim] still running... 90s elapsed
  [circle_8x1_s00028] Running Scenario_Circle_8x1_s00028_Aware...
  [circle_8x1_s00028:Scenario_Circle_8x1_s00028_Aware:sim] still running... 30s elapsed
  [circle_8x1_s00024:Scenario_Circle_8x1_s00024_Aware:sim] still running... 120s elapsed
  [circle_8x1_s00022] Copied scalars: fe84beee-Scenario_Circle_8x1_s00022_Aware.sca
  [circle_8x1_s00022] Converting to Parquet...
  [circle_8x1_s00022] Created: fe84beee-Scenario_Circle_8x1_s00022_Aware.parquet
  [circle_8x1_s00022] Running Scenario_Circle_8x1_s00022_TrustRid...
  [circle_8x1_s00022:Scenario_Circle_8x1_s00022_TrustRid:sim] still running... 30s elapsed
  [circle_8x1_s00025:Scenario_Circle_8x1_s00025_Aware:sim] still running... 120s elapsed
  [circle_8x1_s00022] Copied scalars: fe84beee-Scenario_Circle_8x1_s00022_TrustRid.sca
  [circle_8x1_s00022] Converting to Parquet...
  [circle_8x1_s00022] Created: fe84beee-Scenario_Circle_8x1_s00022_TrustRid.parquet
  [circle_8x1_s00022] Complete
[1/1] circle_8x1_s00022 done (2 parquet)

Done — 2 parquet file(s) produced.
== Completed Scenario_Circle_8x1_s00022 in 299s ==
== Writing isolated INI: simulations/spoofing_aware_with_planning/sweeps/charts_store/paper_suite_30seeds_plus_steepz_v2/generated/hub_8x1_s00000/omnetpp.ini ==
Wrote simulations/spoofing_aware_with_planning/sweeps/charts_store/paper_suite_30seeds_plus_steepz_v2/generated/hub_8x1_s00000/omnetpp.ini
== Running Scenario_Hub_8x1_s00000 comparison ==
Running 1 scenario(s), 2 config(s), parallel=1
(Each scenario = one INI directory; progress prints when that directory finishes.)

[1/1] hub_8x1_s00000 ...
  [circle_8x1_s00023] Copied scalars: d2f465a1-Scenario_Circle_8x1_s00023_Aware.sca
  [circle_8x1_s00023] Converting to Parquet...
  [circle_8x1_s00023] Created: d2f465a1-Scenario_Circle_8x1_s00023_Aware.parquet
  [circle_8x1_s00023] Running Scenario_Circle_8x1_s00023_TrustRid...
  [circle_8x1_s00023] Copied scalars: d2f465a1-Scenario_Circle_8x1_s00023_TrustRid.sca
  [circle_8x1_s00023] Converting to Parquet...
  [circle_8x1_s00023] Created: d2f465a1-Scenario_Circle_8x1_s00023_TrustRid.parquet
  [circle_8x1_s00023] Complete
[1/1] circle_8x1_s00023 done (2 parquet)

Done — 2 parquet file(s) produced.
== Completed Scenario_Circle_8x1_s00023 in 295s ==
== Writing isolated INI: simulations/spoofing_aware_with_planning/sweeps/charts_store/paper_suite_30seeds_plus_steepz_v2/generated/hub_8x1_s00001/omnetpp.ini ==
Wrote simulations/spoofing_aware_with_planning/sweeps/charts_store/paper_suite_30seeds_plus_steepz_v2/generated/hub_8x1_s00001/omnetpp.ini
== Running Scenario_Hub_8x1_s00001 comparison ==
Running 1 scenario(s), 2 config(s), parallel=1
(Each scenario = one INI directory; progress prints when that directory finishes.)

[1/1] hub_8x1_s00001 ...
  [circle_8x1_s00026:Scenario_Circle_8x1_s00026_Aware:sim] still running... 120s elapsed
  [circle_8x1_s00029] Running Scenario_Circle_8x1_s00029_Aware...
  [circle_8x1_s00029:Scenario_Circle_8x1_s00029_Aware:sim] still running... 30s elapsed
  [circle_8x1_s00027:Scenario_Circle_8x1_s00027_Aware:sim] still running... 120s elapsed
  [circle_8x1_s00028:Scenario_Circle_8x1_s00028_Aware:sim] still running... 60s elapsed
  [circle_8x1_s00024:Scenario_Circle_8x1_s00024_Aware:sim] still running... 150s elapsed
  [circle_8x1_s00025:Scenario_Circle_8x1_s00025_Aware:sim] still running... 150s elapsed
  [hub_8x1_s00000] Running Scenario_Hub_8x1_s00000_Aware...
  [hub_8x1_s00000:Scenario_Hub_8x1_s00000_Aware:sim] still running... 30s elapsed
  [hub_8x1_s00001] Running Scenario_Hub_8x1_s00001_Aware...
  [hub_8x1_s00001:Scenario_Hub_8x1_s00001_Aware:sim] still running... 30s elapsed
  [circle_8x1_s00026:Scenario_Circle_8x1_s00026_Aware:sim] still running... 150s elapsed
  [circle_8x1_s00029:Scenario_Circle_8x1_s00029_Aware:sim] still running... 60s elapsed
  [circle_8x1_s00027:Scenario_Circle_8x1_s00027_Aware:sim] still running... 150s elapsed
  [circle_8x1_s00028:Scenario_Circle_8x1_s00028_Aware:sim] still running... 90s elapsed
  [circle_8x1_s00024:Scenario_Circle_8x1_s00024_Aware:sim] still running... 180s elapsed
  [circle_8x1_s00025:Scenario_Circle_8x1_s00025_Aware:sim] still running... 180s elapsed
  [hub_8x1_s00000:Scenario_Hub_8x1_s00000_Aware:sim] still running... 60s elapsed
  [hub_8x1_s00001:Scenario_Hub_8x1_s00001_Aware:sim] still running... 60s elapsed
  [circle_8x1_s00026:Scenario_Circle_8x1_s00026_Aware:sim] still running... 180s elapsed
  [circle_8x1_s00029:Scenario_Circle_8x1_s00029_Aware:sim] still running... 90s elapsed
  [circle_8x1_s00027:Scenario_Circle_8x1_s00027_Aware:sim] still running... 180s elapsed
  [circle_8x1_s00028:Scenario_Circle_8x1_s00028_Aware:sim] still running... 120s elapsed
  [circle_8x1_s00024:Scenario_Circle_8x1_s00024_Aware:sim] still running... 210s elapsed
  [circle_8x1_s00025:Scenario_Circle_8x1_s00025_Aware:sim] still running... 210s elapsed
  [hub_8x1_s00000:Scenario_Hub_8x1_s00000_Aware:sim] still running... 90s elapsed
  [hub_8x1_s00001:Scenario_Hub_8x1_s00001_Aware:sim] still running... 90s elapsed
  [circle_8x1_s00026:Scenario_Circle_8x1_s00026_Aware:sim] still running... 210s elapsed
  [circle_8x1_s00029:Scenario_Circle_8x1_s00029_Aware:sim] still running... 120s elapsed
  [circle_8x1_s00027:Scenario_Circle_8x1_s00027_Aware:sim] still running... 210s elapsed
  [circle_8x1_s00028:Scenario_Circle_8x1_s00028_Aware:sim] still running... 150s elapsed
  [circle_8x1_s00024:Scenario_Circle_8x1_s00024_Aware:sim] still running... 240s elapsed
  [circle_8x1_s00025:Scenario_Circle_8x1_s00025_Aware:sim] still running... 240s elapsed
  [hub_8x1_s00000:Scenario_Hub_8x1_s00000_Aware:sim] still running... 120s elapsed
  [hub_8x1_s00001:Scenario_Hub_8x1_s00001_Aware:sim] still running... 120s elapsed
  [circle_8x1_s00026:Scenario_Circle_8x1_s00026_Aware:sim] still running... 240s elapsed
  [circle_8x1_s00029:Scenario_Circle_8x1_s00029_Aware:sim] still running... 150s elapsed
  [circle_8x1_s00027:Scenario_Circle_8x1_s00027_Aware:sim] still running... 240s elapsed
  [circle_8x1_s00028:Scenario_Circle_8x1_s00028_Aware:sim] still running... 180s elapsed
  [hub_8x1_s00000:Scenario_Hub_8x1_s00000_Aware:sim] still running... 150s elapsed
  [hub_8x1_s00001:Scenario_Hub_8x1_s00001_Aware:sim] still running... 150s elapsed
  [circle_8x1_s00029:Scenario_Circle_8x1_s00029_Aware:sim] still running... 180s elapsed
  [circle_8x1_s00024] Copied scalars: be8afdf6-Scenario_Circle_8x1_s00024_Aware.sca
  [circle_8x1_s00024] Converting to Parquet...
  [circle_8x1_s00024] Created: be8afdf6-Scenario_Circle_8x1_s00024_Aware.parquet
  [circle_8x1_s00024] Running Scenario_Circle_8x1_s00024_TrustRid...
  [circle_8x1_s00024] Copied scalars: be8afdf6-Scenario_Circle_8x1_s00024_TrustRid.sca
  [circle_8x1_s00024] Converting to Parquet...
  [circle_8x1_s00024] Created: be8afdf6-Scenario_Circle_8x1_s00024_TrustRid.parquet
  [circle_8x1_s00024] Complete
[1/1] circle_8x1_s00024 done (2 parquet)

Done — 2 parquet file(s) produced.
== Completed Scenario_Circle_8x1_s00024 in 281s ==
== Writing isolated INI: simulations/spoofing_aware_with_planning/sweeps/charts_store/paper_suite_30seeds_plus_steepz_v2/generated/hub_8x1_s00002/omnetpp.ini ==
Wrote simulations/spoofing_aware_with_planning/sweeps/charts_store/paper_suite_30seeds_plus_steepz_v2/generated/hub_8x1_s00002/omnetpp.ini
== Running Scenario_Hub_8x1_s00002 comparison ==
Running 1 scenario(s), 2 config(s), parallel=1
(Each scenario = one INI directory; progress prints when that directory finishes.)

[1/1] hub_8x1_s00002 ...
  [circle_8x1_s00028:Scenario_Circle_8x1_s00028_Aware:sim] still running... 210s elapsed
  [circle_8x1_s00025] Copied scalars: 663afa47-Scenario_Circle_8x1_s00025_Aware.sca
  [circle_8x1_s00025] Converting to Parquet...
  [circle_8x1_s00025] Created: 663afa47-Scenario_Circle_8x1_s00025_Aware.parquet
  [circle_8x1_s00025] Running Scenario_Circle_8x1_s00025_TrustRid...
  [circle_8x1_s00025] Copied scalars: 663afa47-Scenario_Circle_8x1_s00025_TrustRid.sca
  [circle_8x1_s00025] Converting to Parquet...
  [circle_8x1_s00025] Created: 663afa47-Scenario_Circle_8x1_s00025_TrustRid.parquet
  [circle_8x1_s00025] Complete
[1/1] circle_8x1_s00025 done (2 parquet)

Done — 2 parquet file(s) produced.
== Completed Scenario_Circle_8x1_s00025 in 295s ==
== Writing isolated INI: simulations/spoofing_aware_with_planning/sweeps/charts_store/paper_suite_30seeds_plus_steepz_v2/generated/hub_8x1_s00003/omnetpp.ini ==
Wrote simulations/spoofing_aware_with_planning/sweeps/charts_store/paper_suite_30seeds_plus_steepz_v2/generated/hub_8x1_s00003/omnetpp.ini
== Running Scenario_Hub_8x1_s00003 comparison ==
Running 1 scenario(s), 2 config(s), parallel=1
(Each scenario = one INI directory; progress prints when that directory finishes.)

[1/1] hub_8x1_s00003 ...
  [circle_8x1_s00027] Copied scalars: 9645e092-Scenario_Circle_8x1_s00027_Aware.sca
  [circle_8x1_s00027] Converting to Parquet...
  [circle_8x1_s00027] Created: 9645e092-Scenario_Circle_8x1_s00027_Aware.parquet
  [circle_8x1_s00027] Running Scenario_Circle_8x1_s00027_TrustRid...
  [circle_8x1_s00027] Copied scalars: 9645e092-Scenario_Circle_8x1_s00027_TrustRid.sca
  [circle_8x1_s00027] Converting to Parquet...
  [circle_8x1_s00027] Created: 9645e092-Scenario_Circle_8x1_s00027_TrustRid.parquet
  [circle_8x1_s00027] Complete
[1/1] circle_8x1_s00027 done (2 parquet)

Done — 2 parquet file(s) produced.
== Completed Scenario_Circle_8x1_s00027 in 286s ==
== Writing isolated INI: simulations/spoofing_aware_with_planning/sweeps/charts_store/paper_suite_30seeds_plus_steepz_v2/generated/hub_8x1_s00004/omnetpp.ini ==
Wrote simulations/spoofing_aware_with_planning/sweeps/charts_store/paper_suite_30seeds_plus_steepz_v2/generated/hub_8x1_s00004/omnetpp.ini
== Running Scenario_Hub_8x1_s00004 comparison ==
Running 1 scenario(s), 2 config(s), parallel=1
(Each scenario = one INI directory; progress prints when that directory finishes.)

[1/1] hub_8x1_s00004 ...
  [circle_8x1_s00026] Copied scalars: d06b919b-Scenario_Circle_8x1_s00026_Aware.sca
  [circle_8x1_s00026] Converting to Parquet...
  [circle_8x1_s00026] Created: d06b919b-Scenario_Circle_8x1_s00026_Aware.parquet
  [circle_8x1_s00026] Running Scenario_Circle_8x1_s00026_TrustRid...
  [circle_8x1_s00026:Scenario_Circle_8x1_s00026_TrustRid:sim] still running... 30s elapsed
  [hub_8x1_s00000:Scenario_Hub_8x1_s00000_Aware:sim] still running... 180s elapsed
  [circle_8x1_s00026] Copied scalars: d06b919b-Scenario_Circle_8x1_s00026_TrustRid.sca
  [circle_8x1_s00026] Converting to Parquet...
  [circle_8x1_s00026] Created: d06b919b-Scenario_Circle_8x1_s00026_TrustRid.parquet
  [circle_8x1_s00026] Complete
[1/1] circle_8x1_s00026 done (2 parquet)

Done — 2 parquet file(s) produced.
== Completed Scenario_Circle_8x1_s00026 in 300s ==
== Writing isolated INI: simulations/spoofing_aware_with_planning/sweeps/charts_store/paper_suite_30seeds_plus_steepz_v2/generated/hub_8x1_s00005/omnetpp.ini ==
Wrote simulations/spoofing_aware_with_planning/sweeps/charts_store/paper_suite_30seeds_plus_steepz_v2/generated/hub_8x1_s00005/omnetpp.ini
== Running Scenario_Hub_8x1_s00005 comparison ==
  [hub_8x1_s00001:Scenario_Hub_8x1_s00001_Aware:sim] still running... 180s elapsed
Running 1 scenario(s), 2 config(s), parallel=1
(Each scenario = one INI directory; progress prints when that directory finishes.)

[1/1] hub_8x1_s00005 ...
  [circle_8x1_s00029:Scenario_Circle_8x1_s00029_Aware:sim] still running... 210s elapsed
  [hub_8x1_s00002] Running Scenario_Hub_8x1_s00002_Aware...
  [hub_8x1_s00002:Scenario_Hub_8x1_s00002_Aware:sim] still running... 30s elapsed
  [circle_8x1_s00028:Scenario_Circle_8x1_s00028_Aware:sim] still running... 240s elapsed
  [hub_8x1_s00003] Running Scenario_Hub_8x1_s00003_Aware...
  [hub_8x1_s00003:Scenario_Hub_8x1_s00003_Aware:sim] still running... 30s elapsed
  [hub_8x1_s00004] Running Scenario_Hub_8x1_s00004_Aware...
  [hub_8x1_s00004:Scenario_Hub_8x1_s00004_Aware:sim] still running... 30s elapsed
  [hub_8x1_s00000:Scenario_Hub_8x1_s00000_Aware:sim] still running... 210s elapsed
  [hub_8x1_s00001:Scenario_Hub_8x1_s00001_Aware:sim] still running... 210s elapsed
  [hub_8x1_s00005] Running Scenario_Hub_8x1_s00005_Aware...
  [hub_8x1_s00005:Scenario_Hub_8x1_s00005_Aware:sim] still running... 30s elapsed
  [circle_8x1_s00029:Scenario_Circle_8x1_s00029_Aware:sim] still running... 240s elapsed
  [hub_8x1_s00002:Scenario_Hub_8x1_s00002_Aware:sim] still running... 60s elapsed
  [hub_8x1_s00003:Scenario_Hub_8x1_s00003_Aware:sim] still running... 60s elapsed
  [hub_8x1_s00004:Scenario_Hub_8x1_s00004_Aware:sim] still running... 60s elapsed
  [circle_8x1_s00028] Copied scalars: 6476a211-Scenario_Circle_8x1_s00028_Aware.sca
  [circle_8x1_s00028] Converting to Parquet...
  [circle_8x1_s00028] Created: 6476a211-Scenario_Circle_8x1_s00028_Aware.parquet
  [circle_8x1_s00028] Running Scenario_Circle_8x1_s00028_TrustRid...
  [circle_8x1_s00028] Copied scalars: 6476a211-Scenario_Circle_8x1_s00028_TrustRid.sca
  [circle_8x1_s00028] Converting to Parquet...
  [circle_8x1_s00028] Created: 6476a211-Scenario_Circle_8x1_s00028_TrustRid.parquet
  [circle_8x1_s00028] Complete
[1/1] circle_8x1_s00028 done (2 parquet)

Done — 2 parquet file(s) produced.
== Completed Scenario_Circle_8x1_s00028 in 286s ==
== Writing isolated INI: simulations/spoofing_aware_with_planning/sweeps/charts_store/paper_suite_30seeds_plus_steepz_v2/generated/hub_8x1_s00006/omnetpp.ini ==
Wrote simulations/spoofing_aware_with_planning/sweeps/charts_store/paper_suite_30seeds_plus_steepz_v2/generated/hub_8x1_s00006/omnetpp.ini
== Running Scenario_Hub_8x1_s00006 comparison ==
Running 1 scenario(s), 2 config(s), parallel=1
(Each scenario = one INI directory; progress prints when that directory finishes.)

[1/1] hub_8x1_s00006 ...
  [hub_8x1_s00000:Scenario_Hub_8x1_s00000_Aware:sim] still running... 240s elapsed
  [hub_8x1_s00001:Scenario_Hub_8x1_s00001_Aware:sim] still running... 240s elapsed
  [hub_8x1_s00005:Scenario_Hub_8x1_s00005_Aware:sim] still running... 60s elapsed
  [hub_8x1_s00002:Scenario_Hub_8x1_s00002_Aware:sim] still running... 90s elapsed
  [circle_8x1_s00029] Copied scalars: e3ad7045-Scenario_Circle_8x1_s00029_Aware.sca
  [circle_8x1_s00029] Converting to Parquet...
  [circle_8x1_s00029] Created: e3ad7045-Scenario_Circle_8x1_s00029_Aware.parquet
  [circle_8x1_s00029] Running Scenario_Circle_8x1_s00029_TrustRid...
  [circle_8x1_s00029] Copied scalars: e3ad7045-Scenario_Circle_8x1_s00029_TrustRid.sca
  [circle_8x1_s00029] Converting to Parquet...
  [circle_8x1_s00029] Created: e3ad7045-Scenario_Circle_8x1_s00029_TrustRid.parquet
  [circle_8x1_s00029] Complete
[1/1] circle_8x1_s00029 done (2 parquet)

Done — 2 parquet file(s) produced.
== Completed Scenario_Circle_8x1_s00029 in 285s ==
== Writing isolated INI: simulations/spoofing_aware_with_planning/sweeps/charts_store/paper_suite_30seeds_plus_steepz_v2/generated/hub_8x1_s00007/omnetpp.ini ==
Wrote simulations/spoofing_aware_with_planning/sweeps/charts_store/paper_suite_30seeds_plus_steepz_v2/generated/hub_8x1_s00007/omnetpp.ini
== Running Scenario_Hub_8x1_s00007 comparison ==
Running 1 scenario(s), 2 config(s), parallel=1
(Each scenario = one INI directory; progress prints when that directory finishes.)

[1/1] hub_8x1_s00007 ...
  [hub_8x1_s00003:Scenario_Hub_8x1_s00003_Aware:sim] still running... 90s elapsed
  [hub_8x1_s00004:Scenario_Hub_8x1_s00004_Aware:sim] still running... 90s elapsed
  [hub_8x1_s00006] Running Scenario_Hub_8x1_s00006_Aware...
  [hub_8x1_s00006:Scenario_Hub_8x1_s00006_Aware:sim] still running... 30s elapsed
  [hub_8x1_s00001:Scenario_Hub_8x1_s00001_Aware:sim] still running... 270s elapsed
  [hub_8x1_s00005:Scenario_Hub_8x1_s00005_Aware:sim] still running... 90s elapsed
  [hub_8x1_s00002:Scenario_Hub_8x1_s00002_Aware:sim] still running... 120s elapsed
  [hub_8x1_s00007] Running Scenario_Hub_8x1_s00007_Aware...
  [hub_8x1_s00007:Scenario_Hub_8x1_s00007_Aware:sim] still running... 30s elapsed
  [hub_8x1_s00000] Copied scalars: 6ad01262-Scenario_Hub_8x1_s00000_Aware.sca
  [hub_8x1_s00000] Converting to Parquet...
  [hub_8x1_s00000] Created: 6ad01262-Scenario_Hub_8x1_s00000_Aware.parquet
  [hub_8x1_s00000] Running Scenario_Hub_8x1_s00000_TrustRid...
  [hub_8x1_s00000] Copied scalars: 6ad01262-Scenario_Hub_8x1_s00000_TrustRid.sca
  [hub_8x1_s00000] Converting to Parquet...
  [hub_8x1_s00000] Created: 6ad01262-Scenario_Hub_8x1_s00000_TrustRid.parquet
  [hub_8x1_s00000] Complete
[1/1] hub_8x1_s00000 done (2 parquet)

Done — 2 parquet file(s) produced.
== Completed Scenario_Hub_8x1_s00000 in 292s ==
== Writing isolated INI: simulations/spoofing_aware_with_planning/sweeps/charts_store/paper_suite_30seeds_plus_steepz_v2/generated/hub_8x1_s00008/omnetpp.ini ==
Wrote simulations/spoofing_aware_with_planning/sweeps/charts_store/paper_suite_30seeds_plus_steepz_v2/generated/hub_8x1_s00008/omnetpp.ini
== Running Scenario_Hub_8x1_s00008 comparison ==
Running 1 scenario(s), 2 config(s), parallel=1
(Each scenario = one INI directory; progress prints when that directory finishes.)

[1/1] hub_8x1_s00008 ...
  [hub_8x1_s00003:Scenario_Hub_8x1_s00003_Aware:sim] still running... 120s elapsed
  [hub_8x1_s00004:Scenario_Hub_8x1_s00004_Aware:sim] still running... 120s elapsed
  [hub_8x1_s00006:Scenario_Hub_8x1_s00006_Aware:sim] still running... 60s elapsed
  [hub_8x1_s00005:Scenario_Hub_8x1_s00005_Aware:sim] still running... 120s elapsed
  [hub_8x1_s00001] Copied scalars: 8e974251-Scenario_Hub_8x1_s00001_Aware.sca
  [hub_8x1_s00001] Converting to Parquet...
  [hub_8x1_s00001] Created: 8e974251-Scenario_Hub_8x1_s00001_Aware.parquet
  [hub_8x1_s00001] Running Scenario_Hub_8x1_s00001_TrustRid...
  [hub_8x1_s00001:Scenario_Hub_8x1_s00001_TrustRid:sim] still running... 30s elapsed
  [hub_8x1_s00001] Copied scalars: 8e974251-Scenario_Hub_8x1_s00001_TrustRid.sca
  [hub_8x1_s00001] Converting to Parquet...
  [hub_8x1_s00001] Created: 8e974251-Scenario_Hub_8x1_s00001_TrustRid.parquet
  [hub_8x1_s00001] Complete
[1/1] hub_8x1_s00001 done (2 parquet)

Done — 2 parquet file(s) produced.
== Completed Scenario_Hub_8x1_s00001 in 306s ==
== Writing isolated INI: simulations/spoofing_aware_with_planning/sweeps/charts_store/paper_suite_30seeds_plus_steepz_v2/generated/hub_8x1_s00009/omnetpp.ini ==
Wrote simulations/spoofing_aware_with_planning/sweeps/charts_store/paper_suite_30seeds_plus_steepz_v2/generated/hub_8x1_s00009/omnetpp.ini
== Running Scenario_Hub_8x1_s00009 comparison ==
Running 1 scenario(s), 2 config(s), parallel=1
(Each scenario = one INI directory; progress prints when that directory finishes.)

[1/1] hub_8x1_s00009 ...
  [hub_8x1_s00002:Scenario_Hub_8x1_s00002_Aware:sim] still running... 150s elapsed
  [hub_8x1_s00007:Scenario_Hub_8x1_s00007_Aware:sim] still running... 60s elapsed
  [hub_8x1_s00008] Running Scenario_Hub_8x1_s00008_Aware...
  [hub_8x1_s00008:Scenario_Hub_8x1_s00008_Aware:sim] still running... 30s elapsed
  [hub_8x1_s00003:Scenario_Hub_8x1_s00003_Aware:sim] still running... 150s elapsed
  [hub_8x1_s00004:Scenario_Hub_8x1_s00004_Aware:sim] still running... 150s elapsed
  [hub_8x1_s00006:Scenario_Hub_8x1_s00006_Aware:sim] still running... 90s elapsed
  [hub_8x1_s00005:Scenario_Hub_8x1_s00005_Aware:sim] still running... 150s elapsed
  [hub_8x1_s00009] Running Scenario_Hub_8x1_s00009_Aware...
  [hub_8x1_s00009:Scenario_Hub_8x1_s00009_Aware:sim] still running... 30s elapsed
  [hub_8x1_s00002:Scenario_Hub_8x1_s00002_Aware:sim] still running... 180s elapsed
  [hub_8x1_s00007:Scenario_Hub_8x1_s00007_Aware:sim] still running... 90s elapsed
  [hub_8x1_s00008:Scenario_Hub_8x1_s00008_Aware:sim] still running... 60s elapsed
  [hub_8x1_s00003:Scenario_Hub_8x1_s00003_Aware:sim] still running... 180s elapsed
  [hub_8x1_s00004:Scenario_Hub_8x1_s00004_Aware:sim] still running... 180s elapsed
  [hub_8x1_s00006:Scenario_Hub_8x1_s00006_Aware:sim] still running... 120s elapsed
  [hub_8x1_s00005:Scenario_Hub_8x1_s00005_Aware:sim] still running... 180s elapsed
  [hub_8x1_s00009:Scenario_Hub_8x1_s00009_Aware:sim] still running... 60s elapsed
  [hub_8x1_s00002:Scenario_Hub_8x1_s00002_Aware:sim] still running... 210s elapsed
  [hub_8x1_s00007:Scenario_Hub_8x1_s00007_Aware:sim] still running... 120s elapsed
  [hub_8x1_s00008:Scenario_Hub_8x1_s00008_Aware:sim] still running... 90s elapsed
  [hub_8x1_s00003:Scenario_Hub_8x1_s00003_Aware:sim] still running... 210s elapsed
  [hub_8x1_s00004:Scenario_Hub_8x1_s00004_Aware:sim] still running... 210s elapsed
  [hub_8x1_s00006:Scenario_Hub_8x1_s00006_Aware:sim] still running... 150s elapsed
  [hub_8x1_s00005:Scenario_Hub_8x1_s00005_Aware:sim] still running... 210s elapsed
  [hub_8x1_s00009:Scenario_Hub_8x1_s00009_Aware:sim] still running... 90s elapsed
  [hub_8x1_s00002:Scenario_Hub_8x1_s00002_Aware:sim] still running... 240s elapsed
  [hub_8x1_s00007:Scenario_Hub_8x1_s00007_Aware:sim] still running... 150s elapsed
  [hub_8x1_s00008:Scenario_Hub_8x1_s00008_Aware:sim] still running... 120s elapsed
  [hub_8x1_s00003:Scenario_Hub_8x1_s00003_Aware:sim] still running... 240s elapsed
  [hub_8x1_s00004:Scenario_Hub_8x1_s00004_Aware:sim] still running... 240s elapsed
  [hub_8x1_s00006:Scenario_Hub_8x1_s00006_Aware:sim] still running... 180s elapsed
  [hub_8x1_s00005:Scenario_Hub_8x1_s00005_Aware:sim] still running... 240s elapsed
  [hub_8x1_s00009:Scenario_Hub_8x1_s00009_Aware:sim] still running... 120s elapsed
  [hub_8x1_s00007:Scenario_Hub_8x1_s00007_Aware:sim] still running... 180s elapsed
  [hub_8x1_s00008:Scenario_Hub_8x1_s00008_Aware:sim] still running... 150s elapsed
  [hub_8x1_s00002] Copied scalars: 04d4259b-Scenario_Hub_8x1_s00002_Aware.sca
  [hub_8x1_s00002] Converting to Parquet...
  [hub_8x1_s00002] Created: 04d4259b-Scenario_Hub_8x1_s00002_Aware.parquet
  [hub_8x1_s00002] Running Scenario_Hub_8x1_s00002_TrustRid...
  [hub_8x1_s00002] Copied scalars: 04d4259b-Scenario_Hub_8x1_s00002_TrustRid.sca
  [hub_8x1_s00002] Converting to Parquet...
  [hub_8x1_s00002] Created: 04d4259b-Scenario_Hub_8x1_s00002_TrustRid.parquet
  [hub_8x1_s00002] Complete
[1/1] hub_8x1_s00002 done (2 parquet)

Done — 2 parquet file(s) produced.
== Completed Scenario_Hub_8x1_s00002 in 292s ==
== Writing isolated INI: simulations/spoofing_aware_with_planning/sweeps/charts_store/paper_suite_30seeds_plus_steepz_v2/generated/hub_8x1_s00010/omnetpp.ini ==
Wrote simulations/spoofing_aware_with_planning/sweeps/charts_store/paper_suite_30seeds_plus_steepz_v2/generated/hub_8x1_s00010/omnetpp.ini
== Running Scenario_Hub_8x1_s00010 comparison ==
Running 1 scenario(s), 2 config(s), parallel=1
(Each scenario = one INI directory; progress prints when that directory finishes.)

[1/1] hub_8x1_s00010 ...
  [hub_8x1_s00006:Scenario_Hub_8x1_s00006_Aware:sim] still running... 210s elapsed
  [hub_8x1_s00005] Copied scalars: c32262ad-Scenario_Hub_8x1_s00005_Aware.sca
  [hub_8x1_s00005] Converting to Parquet...
  [hub_8x1_s00005] Created: c32262ad-Scenario_Hub_8x1_s00005_Aware.parquet
  [hub_8x1_s00005] Running Scenario_Hub_8x1_s00005_TrustRid...
  [hub_8x1_s00005] Copied scalars: c32262ad-Scenario_Hub_8x1_s00005_TrustRid.sca
  [hub_8x1_s00005] Converting to Parquet...
  [hub_8x1_s00005] Created: c32262ad-Scenario_Hub_8x1_s00005_TrustRid.parquet
  [hub_8x1_s00005] Complete
[1/1] hub_8x1_s00005 done (2 parquet)

Done — 2 parquet file(s) produced.
== Completed Scenario_Hub_8x1_s00005 in 272s ==
== Writing isolated INI: simulations/spoofing_aware_with_planning/sweeps/charts_store/paper_suite_30seeds_plus_steepz_v2/generated/hub_8x1_s00011/omnetpp.ini ==
Wrote simulations/spoofing_aware_with_planning/sweeps/charts_store/paper_suite_30seeds_plus_steepz_v2/generated/hub_8x1_s00011/omnetpp.ini
== Running Scenario_Hub_8x1_s00011 comparison ==
Running 1 scenario(s), 2 config(s), parallel=1
(Each scenario = one INI directory; progress prints when that directory finishes.)

[1/1] hub_8x1_s00011 ...
  [hub_8x1_s00009:Scenario_Hub_8x1_s00009_Aware:sim] still running... 150s elapsed
  [hub_8x1_s00003] Copied scalars: 9ee5e06b-Scenario_Hub_8x1_s00003_Aware.sca
  [hub_8x1_s00003] Converting to Parquet...
  [hub_8x1_s00003] Created: 9ee5e06b-Scenario_Hub_8x1_s00003_Aware.parquet
  [hub_8x1_s00003] Running Scenario_Hub_8x1_s00003_TrustRid...
  [hub_8x1_s00003] Copied scalars: 9ee5e06b-Scenario_Hub_8x1_s00003_TrustRid.sca
  [hub_8x1_s00003] Converting to Parquet...
  [hub_8x1_s00003] Created: 9ee5e06b-Scenario_Hub_8x1_s00003_TrustRid.parquet
  [hub_8x1_s00003] Complete
[1/1] hub_8x1_s00003 done (2 parquet)

Done — 2 parquet file(s) produced.
== Completed Scenario_Hub_8x1_s00003 in 293s ==
== Writing isolated INI: simulations/spoofing_aware_with_planning/sweeps/charts_store/paper_suite_30seeds_plus_steepz_v2/generated/hub_8x1_s00012/omnetpp.ini ==
Wrote simulations/spoofing_aware_with_planning/sweeps/charts_store/paper_suite_30seeds_plus_steepz_v2/generated/hub_8x1_s00012/omnetpp.ini
== Running Scenario_Hub_8x1_s00012 comparison ==
Running 1 scenario(s), 2 config(s), parallel=1
(Each scenario = one INI directory; progress prints when that directory finishes.)

[1/1] hub_8x1_s00012 ...
  [hub_8x1_s00007:Scenario_Hub_8x1_s00007_Aware:sim] still running... 210s elapsed
  [hub_8x1_s00004] Copied scalars: 5542e269-Scenario_Hub_8x1_s00004_Aware.sca
  [hub_8x1_s00004] Converting to Parquet...
  [hub_8x1_s00004] Created: 5542e269-Scenario_Hub_8x1_s00004_Aware.parquet
  [hub_8x1_s00004] Running Scenario_Hub_8x1_s00004_TrustRid...
  [hub_8x1_s00004] Copied scalars: 5542e269-Scenario_Hub_8x1_s00004_TrustRid.sca
  [hub_8x1_s00004] Converting to Parquet...
  [hub_8x1_s00004] Created: 5542e269-Scenario_Hub_8x1_s00004_TrustRid.parquet
  [hub_8x1_s00004] Complete
[1/1] hub_8x1_s00004 done (2 parquet)

Done — 2 parquet file(s) produced.
== Completed Scenario_Hub_8x1_s00004 in 292s ==
== Writing isolated INI: simulations/spoofing_aware_with_planning/sweeps/charts_store/paper_suite_30seeds_plus_steepz_v2/generated/hub_8x1_s00013/omnetpp.ini ==
Wrote simulations/spoofing_aware_with_planning/sweeps/charts_store/paper_suite_30seeds_plus_steepz_v2/generated/hub_8x1_s00013/omnetpp.ini
== Running Scenario_Hub_8x1_s00013 comparison ==
Running 1 scenario(s), 2 config(s), parallel=1
(Each scenario = one INI directory; progress prints when that directory finishes.)

[1/1] hub_8x1_s00013 ...
  [hub_8x1_s00008:Scenario_Hub_8x1_s00008_Aware:sim] still running... 180s elapsed
  [hub_8x1_s00010] Running Scenario_Hub_8x1_s00010_Aware...
  [hub_8x1_s00010:Scenario_Hub_8x1_s00010_Aware:sim] still running... 30s elapsed
  [hub_8x1_s00006:Scenario_Hub_8x1_s00006_Aware:sim] still running... 240s elapsed
  [hub_8x1_s00011] Running Scenario_Hub_8x1_s00011_Aware...
  [hub_8x1_s00011:Scenario_Hub_8x1_s00011_Aware:sim] still running... 30s elapsed
  [hub_8x1_s00009:Scenario_Hub_8x1_s00009_Aware:sim] still running... 180s elapsed
  [hub_8x1_s00012] Running Scenario_Hub_8x1_s00012_Aware...
  [hub_8x1_s00012:Scenario_Hub_8x1_s00012_Aware:sim] still running... 30s elapsed
  [hub_8x1_s00007:Scenario_Hub_8x1_s00007_Aware:sim] still running... 240s elapsed
  [hub_8x1_s00013] Running Scenario_Hub_8x1_s00013_Aware...
  [hub_8x1_s00013:Scenario_Hub_8x1_s00013_Aware:sim] still running... 30s elapsed
  [hub_8x1_s00008:Scenario_Hub_8x1_s00008_Aware:sim] still running... 210s elapsed
  [hub_8x1_s00010:Scenario_Hub_8x1_s00010_Aware:sim] still running... 60s elapsed
  [hub_8x1_s00011:Scenario_Hub_8x1_s00011_Aware:sim] still running... 60s elapsed
  [hub_8x1_s00009:Scenario_Hub_8x1_s00009_Aware:sim] still running... 210s elapsed
  [hub_8x1_s00012:Scenario_Hub_8x1_s00012_Aware:sim] still running... 60s elapsed
  [hub_8x1_s00013:Scenario_Hub_8x1_s00013_Aware:sim] still running... 60s elapsed
  [hub_8x1_s00008:Scenario_Hub_8x1_s00008_Aware:sim] still running... 240s elapsed
  [hub_8x1_s00006] Copied scalars: 1d451979-Scenario_Hub_8x1_s00006_Aware.sca
  [hub_8x1_s00006] Converting to Parquet...
  [hub_8x1_s00006] Created: 1d451979-Scenario_Hub_8x1_s00006_Aware.parquet
  [hub_8x1_s00006] Running Scenario_Hub_8x1_s00006_TrustRid...
  [hub_8x1_s00006] Copied scalars: 1d451979-Scenario_Hub_8x1_s00006_TrustRid.sca
  [hub_8x1_s00006] Converting to Parquet...
  [hub_8x1_s00006] Created: 1d451979-Scenario_Hub_8x1_s00006_TrustRid.parquet
  [hub_8x1_s00006] Complete
[1/1] hub_8x1_s00006 done (2 parquet)

Done — 2 parquet file(s) produced.
== Completed Scenario_Hub_8x1_s00006 in 294s ==
== Writing isolated INI: simulations/spoofing_aware_with_planning/sweeps/charts_store/paper_suite_30seeds_plus_steepz_v2/generated/hub_8x1_s00014/omnetpp.ini ==
Wrote simulations/spoofing_aware_with_planning/sweeps/charts_store/paper_suite_30seeds_plus_steepz_v2/generated/hub_8x1_s00014/omnetpp.ini
== Running Scenario_Hub_8x1_s00014 comparison ==
Running 1 scenario(s), 2 config(s), parallel=1
(Each scenario = one INI directory; progress prints when that directory finishes.)

[1/1] hub_8x1_s00014 ...
  [hub_8x1_s00010:Scenario_Hub_8x1_s00010_Aware:sim] still running... 90s elapsed
  [hub_8x1_s00007] Copied scalars: a2fe251b-Scenario_Hub_8x1_s00007_Aware.sca
  [hub_8x1_s00007] Converting to Parquet...
  [hub_8x1_s00007] Created: a2fe251b-Scenario_Hub_8x1_s00007_Aware.parquet
  [hub_8x1_s00007] Running Scenario_Hub_8x1_s00007_TrustRid...
  [hub_8x1_s00007] Copied scalars: a2fe251b-Scenario_Hub_8x1_s00007_TrustRid.sca
  [hub_8x1_s00007] Converting to Parquet...
  [hub_8x1_s00007] Created: a2fe251b-Scenario_Hub_8x1_s00007_TrustRid.parquet
  [hub_8x1_s00007] Complete
[1/1] hub_8x1_s00007 done (2 parquet)

Done — 2 parquet file(s) produced.
== Completed Scenario_Hub_8x1_s00007 in 285s ==
== Writing isolated INI: simulations/spoofing_aware_with_planning/sweeps/charts_store/paper_suite_30seeds_plus_steepz_v2/generated/hub_8x1_s00015/omnetpp.ini ==
Wrote simulations/spoofing_aware_with_planning/sweeps/charts_store/paper_suite_30seeds_plus_steepz_v2/generated/hub_8x1_s00015/omnetpp.ini
== Running Scenario_Hub_8x1_s00015 comparison ==
Running 1 scenario(s), 2 config(s), parallel=1
(Each scenario = one INI directory; progress prints when that directory finishes.)

[1/1] hub_8x1_s00015 ...
  [hub_8x1_s00011:Scenario_Hub_8x1_s00011_Aware:sim] still running... 90s elapsed
  [hub_8x1_s00009:Scenario_Hub_8x1_s00009_Aware:sim] still running... 240s elapsed
  [hub_8x1_s00012:Scenario_Hub_8x1_s00012_Aware:sim] still running... 90s elapsed
  [hub_8x1_s00013:Scenario_Hub_8x1_s00013_Aware:sim] still running... 90s elapsed
  [hub_8x1_s00008:Scenario_Hub_8x1_s00008_Aware:sim] still running... 270s elapsed
  [hub_8x1_s00014] Running Scenario_Hub_8x1_s00014_Aware...
  [hub_8x1_s00014:Scenario_Hub_8x1_s00014_Aware:sim] still running... 30s elapsed
  [hub_8x1_s00010:Scenario_Hub_8x1_s00010_Aware:sim] still running... 120s elapsed
  [hub_8x1_s00015] Running Scenario_Hub_8x1_s00015_Aware...
  [hub_8x1_s00015:Scenario_Hub_8x1_s00015_Aware:sim] still running... 30s elapsed
  [hub_8x1_s00011:Scenario_Hub_8x1_s00011_Aware:sim] still running... 120s elapsed
  [hub_8x1_s00009:Scenario_Hub_8x1_s00009_Aware:sim] still running... 270s elapsed
  [hub_8x1_s00012:Scenario_Hub_8x1_s00012_Aware:sim] still running... 120s elapsed
  [hub_8x1_s00013:Scenario_Hub_8x1_s00013_Aware:sim] still running... 120s elapsed
  [hub_8x1_s00008] Copied scalars: 5c62b993-Scenario_Hub_8x1_s00008_Aware.sca
  [hub_8x1_s00008] Converting to Parquet...
  [hub_8x1_s00008] Created: 5c62b993-Scenario_Hub_8x1_s00008_Aware.parquet
  [hub_8x1_s00008] Running Scenario_Hub_8x1_s00008_TrustRid...
  [hub_8x1_s00008:Scenario_Hub_8x1_s00008_TrustRid:sim] still running... 30s elapsed
  [hub_8x1_s00014:Scenario_Hub_8x1_s00014_Aware:sim] still running... 60s elapsed
  [hub_8x1_s00008] Copied scalars: 5c62b993-Scenario_Hub_8x1_s00008_TrustRid.sca
  [hub_8x1_s00008] Converting to Parquet...
  [hub_8x1_s00008] Created: 5c62b993-Scenario_Hub_8x1_s00008_TrustRid.parquet
  [hub_8x1_s00008] Complete
[1/1] hub_8x1_s00008 done (2 parquet)

Done — 2 parquet file(s) produced.
== Completed Scenario_Hub_8x1_s00008 in 306s ==
== Writing isolated INI: simulations/spoofing_aware_with_planning/sweeps/charts_store/paper_suite_30seeds_plus_steepz_v2/generated/hub_8x1_s00016/omnetpp.ini ==
Wrote simulations/spoofing_aware_with_planning/sweeps/charts_store/paper_suite_30seeds_plus_steepz_v2/generated/hub_8x1_s00016/omnetpp.ini
== Running Scenario_Hub_8x1_s00016 comparison ==
Running 1 scenario(s), 2 config(s), parallel=1
(Each scenario = one INI directory; progress prints when that directory finishes.)

[1/1] hub_8x1_s00016 ...
  [hub_8x1_s00010:Scenario_Hub_8x1_s00010_Aware:sim] still running... 150s elapsed
  [hub_8x1_s00015:Scenario_Hub_8x1_s00015_Aware:sim] still running... 60s elapsed
  [hub_8x1_s00011:Scenario_Hub_8x1_s00011_Aware:sim] still running... 150s elapsed
  [hub_8x1_s00009] Copied scalars: c7f87476-Scenario_Hub_8x1_s00009_Aware.sca
  [hub_8x1_s00009] Converting to Parquet...
  [hub_8x1_s00009] Created: c7f87476-Scenario_Hub_8x1_s00009_Aware.parquet
  [hub_8x1_s00009] Running Scenario_Hub_8x1_s00009_TrustRid...
  [hub_8x1_s00009:Scenario_Hub_8x1_s00009_TrustRid:sim] still running... 30s elapsed
  [hub_8x1_s00009] Copied scalars: c7f87476-Scenario_Hub_8x1_s00009_TrustRid.sca
  [hub_8x1_s00009] Converting to Parquet...
  [hub_8x1_s00009] Created: c7f87476-Scenario_Hub_8x1_s00009_TrustRid.parquet
  [hub_8x1_s00009] Complete
[1/1] hub_8x1_s00009 done (2 parquet)

Done — 2 parquet file(s) produced.
== Completed Scenario_Hub_8x1_s00009 in 305s ==
== Writing isolated INI: simulations/spoofing_aware_with_planning/sweeps/charts_store/paper_suite_30seeds_plus_steepz_v2/generated/hub_8x1_s00017/omnetpp.ini ==
Wrote simulations/spoofing_aware_with_planning/sweeps/charts_store/paper_suite_30seeds_plus_steepz_v2/generated/hub_8x1_s00017/omnetpp.ini
== Running Scenario_Hub_8x1_s00017 comparison ==
Running 1 scenario(s), 2 config(s), parallel=1
(Each scenario = one INI directory; progress prints when that directory finishes.)

[1/1] hub_8x1_s00017 ...
  [hub_8x1_s00012:Scenario_Hub_8x1_s00012_Aware:sim] still running... 150s elapsed
  [hub_8x1_s00013:Scenario_Hub_8x1_s00013_Aware:sim] still running... 150s elapsed
  [hub_8x1_s00014:Scenario_Hub_8x1_s00014_Aware:sim] still running... 90s elapsed
  [hub_8x1_s00016] Running Scenario_Hub_8x1_s00016_Aware...
  [hub_8x1_s00016:Scenario_Hub_8x1_s00016_Aware:sim] still running... 30s elapsed
  [hub_8x1_s00010:Scenario_Hub_8x1_s00010_Aware:sim] still running... 180s elapsed
  [hub_8x1_s00015:Scenario_Hub_8x1_s00015_Aware:sim] still running... 90s elapsed
  [hub_8x1_s00011:Scenario_Hub_8x1_s00011_Aware:sim] still running... 180s elapsed
  [hub_8x1_s00017] Running Scenario_Hub_8x1_s00017_Aware...
  [hub_8x1_s00017:Scenario_Hub_8x1_s00017_Aware:sim] still running... 30s elapsed
  [hub_8x1_s00012:Scenario_Hub_8x1_s00012_Aware:sim] still running... 180s elapsed
  [hub_8x1_s00013:Scenario_Hub_8x1_s00013_Aware:sim] still running... 180s elapsed
  [hub_8x1_s00014:Scenario_Hub_8x1_s00014_Aware:sim] still running... 120s elapsed
  [hub_8x1_s00016:Scenario_Hub_8x1_s00016_Aware:sim] still running... 60s elapsed
  [hub_8x1_s00010:Scenario_Hub_8x1_s00010_Aware:sim] still running... 210s elapsed
  [hub_8x1_s00015:Scenario_Hub_8x1_s00015_Aware:sim] still running... 120s elapsed
  [hub_8x1_s00011:Scenario_Hub_8x1_s00011_Aware:sim] still running... 210s elapsed
  [hub_8x1_s00017:Scenario_Hub_8x1_s00017_Aware:sim] still running... 60s elapsed
  [hub_8x1_s00012:Scenario_Hub_8x1_s00012_Aware:sim] still running... 210s elapsed
  [hub_8x1_s00013:Scenario_Hub_8x1_s00013_Aware:sim] still running... 210s elapsed
  [hub_8x1_s00014:Scenario_Hub_8x1_s00014_Aware:sim] still running... 150s elapsed
  [hub_8x1_s00016:Scenario_Hub_8x1_s00016_Aware:sim] still running... 90s elapsed
  [hub_8x1_s00010:Scenario_Hub_8x1_s00010_Aware:sim] still running... 240s elapsed
  [hub_8x1_s00015:Scenario_Hub_8x1_s00015_Aware:sim] still running... 150s elapsed
  [hub_8x1_s00011:Scenario_Hub_8x1_s00011_Aware:sim] still running... 240s elapsed
  [hub_8x1_s00017:Scenario_Hub_8x1_s00017_Aware:sim] still running... 90s elapsed
  [hub_8x1_s00012:Scenario_Hub_8x1_s00012_Aware:sim] still running... 240s elapsed
  [hub_8x1_s00013:Scenario_Hub_8x1_s00013_Aware:sim] still running... 240s elapsed
  [hub_8x1_s00014:Scenario_Hub_8x1_s00014_Aware:sim] still running... 180s elapsed
  [hub_8x1_s00016:Scenario_Hub_8x1_s00016_Aware:sim] still running... 120s elapsed
  [hub_8x1_s00015:Scenario_Hub_8x1_s00015_Aware:sim] still running... 180s elapsed
  [hub_8x1_s00017:Scenario_Hub_8x1_s00017_Aware:sim] still running... 120s elapsed
  [hub_8x1_s00012:Scenario_Hub_8x1_s00012_Aware:sim] still running... 270s elapsed
  [hub_8x1_s00010] Copied scalars: ac7c857a-Scenario_Hub_8x1_s00010_Aware.sca
  [hub_8x1_s00010] Converting to Parquet...
  [hub_8x1_s00010] Created: ac7c857a-Scenario_Hub_8x1_s00010_Aware.parquet
  [hub_8x1_s00010] Running Scenario_Hub_8x1_s00010_TrustRid...
  [hub_8x1_s00010] Copied scalars: ac7c857a-Scenario_Hub_8x1_s00010_TrustRid.sca
  [hub_8x1_s00010] Converting to Parquet...
  [hub_8x1_s00010] Created: ac7c857a-Scenario_Hub_8x1_s00010_TrustRid.parquet
  [hub_8x1_s00010] Complete
[1/1] hub_8x1_s00010 done (2 parquet)

Done — 2 parquet file(s) produced.
== Completed Scenario_Hub_8x1_s00010 in 293s ==
== Writing isolated INI: simulations/spoofing_aware_with_planning/sweeps/charts_store/paper_suite_30seeds_plus_steepz_v2/generated/hub_8x1_s00018/omnetpp.ini ==
Wrote simulations/spoofing_aware_with_planning/sweeps/charts_store/paper_suite_30seeds_plus_steepz_v2/generated/hub_8x1_s00018/omnetpp.ini
== Running Scenario_Hub_8x1_s00018 comparison ==
Running 1 scenario(s), 2 config(s), parallel=1
(Each scenario = one INI directory; progress prints when that directory finishes.)

[1/1] hub_8x1_s00018 ...
  [hub_8x1_s00014:Scenario_Hub_8x1_s00014_Aware:sim] still running... 210s elapsed
  [hub_8x1_s00016:Scenario_Hub_8x1_s00016_Aware:sim] still running... 150s elapsed
  [hub_8x1_s00015:Scenario_Hub_8x1_s00015_Aware:sim] still running... 210s elapsed
  [hub_8x1_s00011] Copied scalars: 4ac7ab73-Scenario_Hub_8x1_s00011_Aware.sca
  [hub_8x1_s00011] Converting to Parquet...
  [hub_8x1_s00011] Created: 4ac7ab73-Scenario_Hub_8x1_s00011_Aware.parquet
  [hub_8x1_s00011] Running Scenario_Hub_8x1_s00011_TrustRid...
  [hub_8x1_s00011:Scenario_Hub_8x1_s00011_TrustRid:sim] still running... 30s elapsed
  [hub_8x1_s00011] Copied scalars: 4ac7ab73-Scenario_Hub_8x1_s00011_TrustRid.sca
  [hub_8x1_s00011] Converting to Parquet...
  [hub_8x1_s00011] Created: 4ac7ab73-Scenario_Hub_8x1_s00011_TrustRid.parquet
  [hub_8x1_s00011] Complete
[1/1] hub_8x1_s00011 done (2 parquet)

Done — 2 parquet file(s) produced.
== Completed Scenario_Hub_8x1_s00011 in 303s ==
== Writing isolated INI: simulations/spoofing_aware_with_planning/sweeps/charts_store/paper_suite_30seeds_plus_steepz_v2/generated/hub_8x1_s00019/omnetpp.ini ==
Wrote simulations/spoofing_aware_with_planning/sweeps/charts_store/paper_suite_30seeds_plus_steepz_v2/generated/hub_8x1_s00019/omnetpp.ini
== Running Scenario_Hub_8x1_s00019 comparison ==
Running 1 scenario(s), 2 config(s), parallel=1
(Each scenario = one INI directory; progress prints when that directory finishes.)

[1/1] hub_8x1_s00019 ...
  [hub_8x1_s00013] Copied scalars: 045c9430-Scenario_Hub_8x1_s00013_Aware.sca
  [hub_8x1_s00013] Converting to Parquet...
  [hub_8x1_s00013] Created: 045c9430-Scenario_Hub_8x1_s00013_Aware.parquet
  [hub_8x1_s00013] Running Scenario_Hub_8x1_s00013_TrustRid...
  [hub_8x1_s00013] Copied scalars: 045c9430-Scenario_Hub_8x1_s00013_TrustRid.sca
  [hub_8x1_s00013] Converting to Parquet...
  [hub_8x1_s00013] Created: 045c9430-Scenario_Hub_8x1_s00013_TrustRid.parquet
  [hub_8x1_s00013] Complete
[1/1] hub_8x1_s00013 done (2 parquet)

Done — 2 parquet file(s) produced.
== Completed Scenario_Hub_8x1_s00013 in 293s ==
== Writing isolated INI: simulations/spoofing_aware_with_planning/sweeps/charts_store/paper_suite_30seeds_plus_steepz_v2/generated/hub_8x1_s00020/omnetpp.ini ==
Wrote simulations/spoofing_aware_with_planning/sweeps/charts_store/paper_suite_30seeds_plus_steepz_v2/generated/hub_8x1_s00020/omnetpp.ini
== Running Scenario_Hub_8x1_s00020 comparison ==
Running 1 scenario(s), 2 config(s), parallel=1
(Each scenario = one INI directory; progress prints when that directory finishes.)

[1/1] hub_8x1_s00020 ...
  [hub_8x1_s00017:Scenario_Hub_8x1_s00017_Aware:sim] still running... 150s elapsed
  [hub_8x1_s00012] Copied scalars: 34acff17-Scenario_Hub_8x1_s00012_Aware.sca
  [hub_8x1_s00012] Converting to Parquet...
  [hub_8x1_s00012] Created: 34acff17-Scenario_Hub_8x1_s00012_Aware.parquet
  [hub_8x1_s00012] Running Scenario_Hub_8x1_s00012_TrustRid...
  [hub_8x1_s00012:Scenario_Hub_8x1_s00012_TrustRid:sim] still running... 30s elapsed
  [hub_8x1_s00012] Copied scalars: 34acff17-Scenario_Hub_8x1_s00012_TrustRid.sca
  [hub_8x1_s00012] Converting to Parquet...
  [hub_8x1_s00012] Created: 34acff17-Scenario_Hub_8x1_s00012_TrustRid.parquet
  [hub_8x1_s00012] Complete
[1/1] hub_8x1_s00012 done (2 parquet)

Done — 2 parquet file(s) produced.
== Completed Scenario_Hub_8x1_s00012 in 304s ==
== Writing isolated INI: simulations/spoofing_aware_with_planning/sweeps/charts_store/paper_suite_30seeds_plus_steepz_v2/generated/hub_8x1_s00021/omnetpp.ini ==
Wrote simulations/spoofing_aware_with_planning/sweeps/charts_store/paper_suite_30seeds_plus_steepz_v2/generated/hub_8x1_s00021/omnetpp.ini
== Running Scenario_Hub_8x1_s00021 comparison ==
Running 1 scenario(s), 2 config(s), parallel=1
(Each scenario = one INI directory; progress prints when that directory finishes.)

[1/1] hub_8x1_s00021 ...
  [hub_8x1_s00018] Running Scenario_Hub_8x1_s00018_Aware...
  [hub_8x1_s00018:Scenario_Hub_8x1_s00018_Aware:sim] still running... 30s elapsed
  [hub_8x1_s00014:Scenario_Hub_8x1_s00014_Aware:sim] still running... 240s elapsed
  [hub_8x1_s00016:Scenario_Hub_8x1_s00016_Aware:sim] still running... 180s elapsed
  [hub_8x1_s00015:Scenario_Hub_8x1_s00015_Aware:sim] still running... 240s elapsed
  [hub_8x1_s00019] Running Scenario_Hub_8x1_s00019_Aware...
  [hub_8x1_s00019:Scenario_Hub_8x1_s00019_Aware:sim] still running... 30s elapsed
  [hub_8x1_s00020] Running Scenario_Hub_8x1_s00020_Aware...
  [hub_8x1_s00020:Scenario_Hub_8x1_s00020_Aware:sim] still running... 30s elapsed
  [hub_8x1_s00017:Scenario_Hub_8x1_s00017_Aware:sim] still running... 180s elapsed
  [hub_8x1_s00021] Running Scenario_Hub_8x1_s00021_Aware...
  [hub_8x1_s00021:Scenario_Hub_8x1_s00021_Aware:sim] still running... 30s elapsed
  [hub_8x1_s00018:Scenario_Hub_8x1_s00018_Aware:sim] still running... 60s elapsed
  [hub_8x1_s00014:Scenario_Hub_8x1_s00014_Aware:sim] still running... 270s elapsed
  [hub_8x1_s00016:Scenario_Hub_8x1_s00016_Aware:sim] still running... 210s elapsed
  [hub_8x1_s00015:Scenario_Hub_8x1_s00015_Aware:sim] still running... 270s elapsed
  [hub_8x1_s00019:Scenario_Hub_8x1_s00019_Aware:sim] still running... 60s elapsed
  [hub_8x1_s00020:Scenario_Hub_8x1_s00020_Aware:sim] still running... 60s elapsed
  [hub_8x1_s00017:Scenario_Hub_8x1_s00017_Aware:sim] still running... 210s elapsed
  [hub_8x1_s00021:Scenario_Hub_8x1_s00021_Aware:sim] still running... 60s elapsed
  [hub_8x1_s00018:Scenario_Hub_8x1_s00018_Aware:sim] still running... 90s elapsed
  [hub_8x1_s00014] Copied scalars: cc2e9917-Scenario_Hub_8x1_s00014_Aware.sca
  [hub_8x1_s00014] Converting to Parquet...
  [hub_8x1_s00014] Created: cc2e9917-Scenario_Hub_8x1_s00014_Aware.parquet
  [hub_8x1_s00014] Running Scenario_Hub_8x1_s00014_TrustRid...
  [hub_8x1_s00014:Scenario_Hub_8x1_s00014_TrustRid:sim] still running... 30s elapsed
  [hub_8x1_s00016:Scenario_Hub_8x1_s00016_Aware:sim] still running... 240s elapsed
  [hub_8x1_s00014] Copied scalars: cc2e9917-Scenario_Hub_8x1_s00014_TrustRid.sca
  [hub_8x1_s00014] Converting to Parquet...
  [hub_8x1_s00014] Created: cc2e9917-Scenario_Hub_8x1_s00014_TrustRid.parquet
  [hub_8x1_s00014] Complete
[1/1] hub_8x1_s00014 done (2 parquet)

Done — 2 parquet file(s) produced.
== Completed Scenario_Hub_8x1_s00014 in 306s ==
== Writing isolated INI: simulations/spoofing_aware_with_planning/sweeps/charts_store/paper_suite_30seeds_plus_steepz_v2/generated/hub_8x1_s00022/omnetpp.ini ==
Wrote simulations/spoofing_aware_with_planning/sweeps/charts_store/paper_suite_30seeds_plus_steepz_v2/generated/hub_8x1_s00022/omnetpp.ini
== Running Scenario_Hub_8x1_s00022 comparison ==
Running 1 scenario(s), 2 config(s), parallel=1
(Each scenario = one INI directory; progress prints when that directory finishes.)

[1/1] hub_8x1_s00022 ...
  [hub_8x1_s00015] Copied scalars: be5259de-Scenario_Hub_8x1_s00015_Aware.sca
  [hub_8x1_s00015] Converting to Parquet...
  [hub_8x1_s00015] Created: be5259de-Scenario_Hub_8x1_s00015_Aware.parquet
  [hub_8x1_s00015] Running Scenario_Hub_8x1_s00015_TrustRid...
  [hub_8x1_s00015:Scenario_Hub_8x1_s00015_TrustRid:sim] still running... 30s elapsed
  [hub_8x1_s00015] Copied scalars: be5259de-Scenario_Hub_8x1_s00015_TrustRid.sca
  [hub_8x1_s00015] Converting to Parquet...
  [hub_8x1_s00015] Created: be5259de-Scenario_Hub_8x1_s00015_TrustRid.parquet
  [hub_8x1_s00015] Complete
[1/1] hub_8x1_s00015 done (2 parquet)

Done — 2 parquet file(s) produced.
== Completed Scenario_Hub_8x1_s00015 in 306s ==
== Writing isolated INI: simulations/spoofing_aware_with_planning/sweeps/charts_store/paper_suite_30seeds_plus_steepz_v2/generated/hub_8x1_s00023/omnetpp.ini ==
Wrote simulations/spoofing_aware_with_planning/sweeps/charts_store/paper_suite_30seeds_plus_steepz_v2/generated/hub_8x1_s00023/omnetpp.ini
== Running Scenario_Hub_8x1_s00023 comparison ==
  [hub_8x1_s00019:Scenario_Hub_8x1_s00019_Aware:sim] still running... 90s elapsed
Running 1 scenario(s), 2 config(s), parallel=1
(Each scenario = one INI directory; progress prints when that directory finishes.)

[1/1] hub_8x1_s00023 ...
  [hub_8x1_s00020:Scenario_Hub_8x1_s00020_Aware:sim] still running... 90s elapsed
  [hub_8x1_s00017:Scenario_Hub_8x1_s00017_Aware:sim] still running... 240s elapsed
  [hub_8x1_s00021:Scenario_Hub_8x1_s00021_Aware:sim] still running... 90s elapsed
  [hub_8x1_s00018:Scenario_Hub_8x1_s00018_Aware:sim] still running... 120s elapsed
  [hub_8x1_s00022] Running Scenario_Hub_8x1_s00022_Aware...
  [hub_8x1_s00022:Scenario_Hub_8x1_s00022_Aware:sim] still running... 30s elapsed
  [hub_8x1_s00019:Scenario_Hub_8x1_s00019_Aware:sim] still running... 120s elapsed
  [hub_8x1_s00023] Running Scenario_Hub_8x1_s00023_Aware...
  [hub_8x1_s00023:Scenario_Hub_8x1_s00023_Aware:sim] still running... 30s elapsed
  [hub_8x1_s00020:Scenario_Hub_8x1_s00020_Aware:sim] still running... 120s elapsed
  [hub_8x1_s00021:Scenario_Hub_8x1_s00021_Aware:sim] still running... 120s elapsed
  [hub_8x1_s00016] Copied scalars: 24366260-Scenario_Hub_8x1_s00016_Aware.sca
  [hub_8x1_s00016] Converting to Parquet...
  [hub_8x1_s00016] Created: 24366260-Scenario_Hub_8x1_s00016_Aware.parquet
  [hub_8x1_s00016] Running Scenario_Hub_8x1_s00016_TrustRid...
  [hub_8x1_s00016:Scenario_Hub_8x1_s00016_TrustRid:sim] still running... 30s elapsed
  [hub_8x1_s00018:Scenario_Hub_8x1_s00018_Aware:sim] still running... 150s elapsed
  [hub_8x1_s00016] Copied scalars: 24366260-Scenario_Hub_8x1_s00016_TrustRid.sca
  [hub_8x1_s00016] Converting to Parquet...
  [hub_8x1_s00016] Created: 24366260-Scenario_Hub_8x1_s00016_TrustRid.parquet
  [hub_8x1_s00016] Complete
[1/1] hub_8x1_s00016 done (2 parquet)

Done — 2 parquet file(s) produced.
== Completed Scenario_Hub_8x1_s00016 in 297s ==
== Writing isolated INI: simulations/spoofing_aware_with_planning/sweeps/charts_store/paper_suite_30seeds_plus_steepz_v2/generated/hub_8x1_s00024/omnetpp.ini ==
Wrote simulations/spoofing_aware_with_planning/sweeps/charts_store/paper_suite_30seeds_plus_steepz_v2/generated/hub_8x1_s00024/omnetpp.ini
== Running Scenario_Hub_8x1_s00024 comparison ==
Running 1 scenario(s), 2 config(s), parallel=1
(Each scenario = one INI directory; progress prints when that directory finishes.)

[1/1] hub_8x1_s00024 ...
  [hub_8x1_s00017] Copied scalars: f3636cea-Scenario_Hub_8x1_s00017_Aware.sca
  [hub_8x1_s00017] Converting to Parquet...
  [hub_8x1_s00017] Created: f3636cea-Scenario_Hub_8x1_s00017_Aware.parquet
  [hub_8x1_s00017] Running Scenario_Hub_8x1_s00017_TrustRid...
  [hub_8x1_s00017] Copied scalars: f3636cea-Scenario_Hub_8x1_s00017_TrustRid.sca
  [hub_8x1_s00017] Converting to Parquet...
  [hub_8x1_s00017] Created: f3636cea-Scenario_Hub_8x1_s00017_TrustRid.parquet
  [hub_8x1_s00017] Complete
[1/1] hub_8x1_s00017 done (2 parquet)

Done — 2 parquet file(s) produced.
== Completed Scenario_Hub_8x1_s00017 in 288s ==
== Writing isolated INI: simulations/spoofing_aware_with_planning/sweeps/charts_store/paper_suite_30seeds_plus_steepz_v2/generated/hub_8x1_s00025/omnetpp.ini ==
Wrote simulations/spoofing_aware_with_planning/sweeps/charts_store/paper_suite_30seeds_plus_steepz_v2/generated/hub_8x1_s00025/omnetpp.ini
== Running Scenario_Hub_8x1_s00025 comparison ==
Running 1 scenario(s), 2 config(s), parallel=1
(Each scenario = one INI directory; progress prints when that directory finishes.)

[1/1] hub_8x1_s00025 ...
  [hub_8x1_s00022:Scenario_Hub_8x1_s00022_Aware:sim] still running... 60s elapsed
  [hub_8x1_s00019:Scenario_Hub_8x1_s00019_Aware:sim] still running... 150s elapsed
  [hub_8x1_s00023:Scenario_Hub_8x1_s00023_Aware:sim] still running... 60s elapsed
  [hub_8x1_s00020:Scenario_Hub_8x1_s00020_Aware:sim] still running... 150s elapsed
  [hub_8x1_s00021:Scenario_Hub_8x1_s00021_Aware:sim] still running... 150s elapsed
  [hub_8x1_s00018:Scenario_Hub_8x1_s00018_Aware:sim] still running... 180s elapsed
  [hub_8x1_s00024] Running Scenario_Hub_8x1_s00024_Aware...
  [hub_8x1_s00024:Scenario_Hub_8x1_s00024_Aware:sim] still running... 30s elapsed
  [hub_8x1_s00025] Running Scenario_Hub_8x1_s00025_Aware...
  [hub_8x1_s00025:Scenario_Hub_8x1_s00025_Aware:sim] still running... 30s elapsed
  [hub_8x1_s00022:Scenario_Hub_8x1_s00022_Aware:sim] still running... 90s elapsed
  [hub_8x1_s00019:Scenario_Hub_8x1_s00019_Aware:sim] still running... 180s elapsed
  [hub_8x1_s00023:Scenario_Hub_8x1_s00023_Aware:sim] still running... 90s elapsed
  [hub_8x1_s00020:Scenario_Hub_8x1_s00020_Aware:sim] still running... 180s elapsed
  [hub_8x1_s00021:Scenario_Hub_8x1_s00021_Aware:sim] still running... 180s elapsed
  [hub_8x1_s00018:Scenario_Hub_8x1_s00018_Aware:sim] still running... 210s elapsed
  [hub_8x1_s00024:Scenario_Hub_8x1_s00024_Aware:sim] still running... 60s elapsed
  [hub_8x1_s00025:Scenario_Hub_8x1_s00025_Aware:sim] still running... 60s elapsed
  [hub_8x1_s00022:Scenario_Hub_8x1_s00022_Aware:sim] still running... 120s elapsed
  [hub_8x1_s00019:Scenario_Hub_8x1_s00019_Aware:sim] still running... 210s elapsed
  [hub_8x1_s00023:Scenario_Hub_8x1_s00023_Aware:sim] still running... 120s elapsed
  [hub_8x1_s00020:Scenario_Hub_8x1_s00020_Aware:sim] still running... 210s elapsed
  [hub_8x1_s00021:Scenario_Hub_8x1_s00021_Aware:sim] still running... 210s elapsed
  [hub_8x1_s00018:Scenario_Hub_8x1_s00018_Aware:sim] still running... 240s elapsed
  [hub_8x1_s00024:Scenario_Hub_8x1_s00024_Aware:sim] still running... 90s elapsed
  [hub_8x1_s00025:Scenario_Hub_8x1_s00025_Aware:sim] still running... 90s elapsed
  [hub_8x1_s00022:Scenario_Hub_8x1_s00022_Aware:sim] still running... 150s elapsed
  [hub_8x1_s00019:Scenario_Hub_8x1_s00019_Aware:sim] still running... 240s elapsed
  [hub_8x1_s00023:Scenario_Hub_8x1_s00023_Aware:sim] still running... 150s elapsed
  [hub_8x1_s00020:Scenario_Hub_8x1_s00020_Aware:sim] still running... 240s elapsed
  [hub_8x1_s00021:Scenario_Hub_8x1_s00021_Aware:sim] still running... 240s elapsed
  [hub_8x1_s00018:Scenario_Hub_8x1_s00018_Aware:sim] still running... 270s elapsed
  [hub_8x1_s00024:Scenario_Hub_8x1_s00024_Aware:sim] still running... 120s elapsed
  [hub_8x1_s00025:Scenario_Hub_8x1_s00025_Aware:sim] still running... 120s elapsed
  [hub_8x1_s00022:Scenario_Hub_8x1_s00022_Aware:sim] still running... 180s elapsed
  [hub_8x1_s00023:Scenario_Hub_8x1_s00023_Aware:sim] still running... 180s elapsed
  [hub_8x1_s00019] Copied scalars: d802f967-Scenario_Hub_8x1_s00019_Aware.sca
  [hub_8x1_s00019] Converting to Parquet...
  [hub_8x1_s00019] Created: d802f967-Scenario_Hub_8x1_s00019_Aware.parquet
  [hub_8x1_s00019] Running Scenario_Hub_8x1_s00019_TrustRid...
  [hub_8x1_s00019] Copied scalars: d802f967-Scenario_Hub_8x1_s00019_TrustRid.sca
  [hub_8x1_s00019] Converting to Parquet...
  [hub_8x1_s00019] Created: d802f967-Scenario_Hub_8x1_s00019_TrustRid.parquet
  [hub_8x1_s00019] Complete
[1/1] hub_8x1_s00019 done (2 parquet)

Done — 2 parquet file(s) produced.
== Completed Scenario_Hub_8x1_s00019 in 281s ==
== Writing isolated INI: simulations/spoofing_aware_with_planning/sweeps/charts_store/paper_suite_30seeds_plus_steepz_v2/generated/hub_8x1_s00026/omnetpp.ini ==
Wrote simulations/spoofing_aware_with_planning/sweeps/charts_store/paper_suite_30seeds_plus_steepz_v2/generated/hub_8x1_s00026/omnetpp.ini
== Running Scenario_Hub_8x1_s00026 comparison ==
Running 1 scenario(s), 2 config(s), parallel=1
(Each scenario = one INI directory; progress prints when that directory finishes.)

[1/1] hub_8x1_s00026 ...
  [hub_8x1_s00018] Copied scalars: d3bd17f7-Scenario_Hub_8x1_s00018_Aware.sca
  [hub_8x1_s00018] Converting to Parquet...
  [hub_8x1_s00018] Created: d3bd17f7-Scenario_Hub_8x1_s00018_Aware.parquet
  [hub_8x1_s00018] Running Scenario_Hub_8x1_s00018_TrustRid...
  [hub_8x1_s00018:Scenario_Hub_8x1_s00018_TrustRid:sim] still running... 30s elapsed
  [hub_8x1_s00024:Scenario_Hub_8x1_s00024_Aware:sim] still running... 150s elapsed
  [hub_8x1_s00018] Copied scalars: d3bd17f7-Scenario_Hub_8x1_s00018_TrustRid.sca
  [hub_8x1_s00018] Converting to Parquet...
  [hub_8x1_s00018] Created: d3bd17f7-Scenario_Hub_8x1_s00018_TrustRid.parquet
  [hub_8x1_s00018] Complete
[1/1] hub_8x1_s00018 done (2 parquet)

Done — 2 parquet file(s) produced.
== Completed Scenario_Hub_8x1_s00018 in 306s ==
== Writing isolated INI: simulations/spoofing_aware_with_planning/sweeps/charts_store/paper_suite_30seeds_plus_steepz_v2/generated/hub_8x1_s00027/omnetpp.ini ==
Wrote simulations/spoofing_aware_with_planning/sweeps/charts_store/paper_suite_30seeds_plus_steepz_v2/generated/hub_8x1_s00027/omnetpp.ini
== Running Scenario_Hub_8x1_s00027 comparison ==
Running 1 scenario(s), 2 config(s), parallel=1
(Each scenario = one INI directory; progress prints when that directory finishes.)

[1/1] hub_8x1_s00027 ...
  [hub_8x1_s00025:Scenario_Hub_8x1_s00025_Aware:sim] still running... 150s elapsed
  [hub_8x1_s00022:Scenario_Hub_8x1_s00022_Aware:sim] still running... 210s elapsed
  [hub_8x1_s00020] Copied scalars: 52698aeb-Scenario_Hub_8x1_s00020_Aware.sca
  [hub_8x1_s00020] Converting to Parquet...
  [hub_8x1_s00020] Created: 52698aeb-Scenario_Hub_8x1_s00020_Aware.parquet
  [hub_8x1_s00020] Running Scenario_Hub_8x1_s00020_TrustRid...
  [hub_8x1_s00020] Copied scalars: 52698aeb-Scenario_Hub_8x1_s00020_TrustRid.sca
  [hub_8x1_s00020] Converting to Parquet...
  [hub_8x1_s00020] Created: 52698aeb-Scenario_Hub_8x1_s00020_TrustRid.parquet
  [hub_8x1_s00020] Complete
[1/1] hub_8x1_s00020 done (2 parquet)

Done — 2 parquet file(s) produced.
== Completed Scenario_Hub_8x1_s00020 in 294s ==
== Writing isolated INI: simulations/spoofing_aware_with_planning/sweeps/charts_store/paper_suite_30seeds_plus_steepz_v2/generated/hub_8x1_s00028/omnetpp.ini ==
Wrote simulations/spoofing_aware_with_planning/sweeps/charts_store/paper_suite_30seeds_plus_steepz_v2/generated/hub_8x1_s00028/omnetpp.ini
== Running Scenario_Hub_8x1_s00028 comparison ==
Running 1 scenario(s), 2 config(s), parallel=1
(Each scenario = one INI directory; progress prints when that directory finishes.)

[1/1] hub_8x1_s00028 ...
  [hub_8x1_s00023:Scenario_Hub_8x1_s00023_Aware:sim] still running... 210s elapsed
  [hub_8x1_s00021] Copied scalars: f22f8264-Scenario_Hub_8x1_s00021_Aware.sca
  [hub_8x1_s00021] Converting to Parquet...
  [hub_8x1_s00021] Created: f22f8264-Scenario_Hub_8x1_s00021_Aware.parquet
  [hub_8x1_s00021] Running Scenario_Hub_8x1_s00021_TrustRid...
  [hub_8x1_s00021] Copied scalars: f22f8264-Scenario_Hub_8x1_s00021_TrustRid.sca
  [hub_8x1_s00021] Converting to Parquet...
  [hub_8x1_s00021] Created: f22f8264-Scenario_Hub_8x1_s00021_TrustRid.parquet
  [hub_8x1_s00021] Complete
[1/1] hub_8x1_s00021 done (2 parquet)

Done — 2 parquet file(s) produced.
== Completed Scenario_Hub_8x1_s00021 in 295s ==
== Writing isolated INI: simulations/spoofing_aware_with_planning/sweeps/charts_store/paper_suite_30seeds_plus_steepz_v2/generated/hub_8x1_s00029/omnetpp.ini ==
Wrote simulations/spoofing_aware_with_planning/sweeps/charts_store/paper_suite_30seeds_plus_steepz_v2/generated/hub_8x1_s00029/omnetpp.ini
== Running Scenario_Hub_8x1_s00029 comparison ==
Running 1 scenario(s), 2 config(s), parallel=1
(Each scenario = one INI directory; progress prints when that directory finishes.)

[1/1] hub_8x1_s00029 ...
  [hub_8x1_s00026] Running Scenario_Hub_8x1_s00026_Aware...
  [hub_8x1_s00026:Scenario_Hub_8x1_s00026_Aware:sim] still running... 30s elapsed
  [hub_8x1_s00024:Scenario_Hub_8x1_s00024_Aware:sim] still running... 180s elapsed
  [hub_8x1_s00027] Running Scenario_Hub_8x1_s00027_Aware...
  [hub_8x1_s00027:Scenario_Hub_8x1_s00027_Aware:sim] still running... 30s elapsed
  [hub_8x1_s00025:Scenario_Hub_8x1_s00025_Aware:sim] still running... 180s elapsed
  [hub_8x1_s00022:Scenario_Hub_8x1_s00022_Aware:sim] still running... 240s elapsed
  [hub_8x1_s00028] Running Scenario_Hub_8x1_s00028_Aware...
  [hub_8x1_s00028:Scenario_Hub_8x1_s00028_Aware:sim] still running... 30s elapsed
  [hub_8x1_s00023:Scenario_Hub_8x1_s00023_Aware:sim] still running... 240s elapsed
  [hub_8x1_s00029] Running Scenario_Hub_8x1_s00029_Aware...
  [hub_8x1_s00029:Scenario_Hub_8x1_s00029_Aware:sim] still running... 30s elapsed
  [hub_8x1_s00026:Scenario_Hub_8x1_s00026_Aware:sim] still running... 60s elapsed
  [hub_8x1_s00024:Scenario_Hub_8x1_s00024_Aware:sim] still running... 210s elapsed
  [hub_8x1_s00027:Scenario_Hub_8x1_s00027_Aware:sim] still running... 60s elapsed
  [hub_8x1_s00025:Scenario_Hub_8x1_s00025_Aware:sim] still running... 210s elapsed
  [hub_8x1_s00022:Scenario_Hub_8x1_s00022_Aware:sim] still running... 270s elapsed
  [hub_8x1_s00028:Scenario_Hub_8x1_s00028_Aware:sim] still running... 60s elapsed
  [hub_8x1_s00029:Scenario_Hub_8x1_s00029_Aware:sim] still running... 60s elapsed
  [hub_8x1_s00026:Scenario_Hub_8x1_s00026_Aware:sim] still running... 90s elapsed
  [hub_8x1_s00024:Scenario_Hub_8x1_s00024_Aware:sim] still running... 240s elapsed
  [hub_8x1_s00027:Scenario_Hub_8x1_s00027_Aware:sim] still running... 90s elapsed
  [hub_8x1_s00023] Copied scalars: 173c0d6e-Scenario_Hub_8x1_s00023_Aware.sca
  [hub_8x1_s00023] Converting to Parquet...
  [hub_8x1_s00023] Created: 173c0d6e-Scenario_Hub_8x1_s00023_Aware.parquet
  [hub_8x1_s00023] Running Scenario_Hub_8x1_s00023_TrustRid...
  [hub_8x1_s00023] Copied scalars: 173c0d6e-Scenario_Hub_8x1_s00023_TrustRid.sca
  [hub_8x1_s00023] Converting to Parquet...
  [hub_8x1_s00023] Created: 173c0d6e-Scenario_Hub_8x1_s00023_TrustRid.parquet
  [hub_8x1_s00023] Complete
[1/1] hub_8x1_s00023 done (2 parquet)

Done — 2 parquet file(s) produced.
== Completed Scenario_Hub_8x1_s00023 in 293s ==
== Writing isolated INI: simulations/spoofing_aware_with_planning/sweeps/charts_store/paper_suite_30seeds_plus_steepz_v2/generated/hub_12x1_s00000/omnetpp.ini ==
Wrote simulations/spoofing_aware_with_planning/sweeps/charts_store/paper_suite_30seeds_plus_steepz_v2/generated/hub_12x1_s00000/omnetpp.ini
== Running Scenario_Hub_12x1_s00000 comparison ==
  [hub_8x1_s00025:Scenario_Hub_8x1_s00025_Aware:sim] still running... 240s elapsed
Running 1 scenario(s), 2 config(s), parallel=1
(Each scenario = one INI directory; progress prints when that directory finishes.)

[1/1] hub_12x1_s00000 ...
  [hub_8x1_s00022] Copied scalars: 56723a84-Scenario_Hub_8x1_s00022_Aware.sca
  [hub_8x1_s00022] Converting to Parquet...
  [hub_8x1_s00022] Created: 56723a84-Scenario_Hub_8x1_s00022_Aware.parquet
  [hub_8x1_s00022] Running Scenario_Hub_8x1_s00022_TrustRid...
  [hub_8x1_s00022:Scenario_Hub_8x1_s00022_TrustRid:sim] still running... 30s elapsed
  [hub_8x1_s00022] Copied scalars: 56723a84-Scenario_Hub_8x1_s00022_TrustRid.sca
  [hub_8x1_s00022] Converting to Parquet...
  [hub_8x1_s00022] Created: 56723a84-Scenario_Hub_8x1_s00022_TrustRid.parquet
  [hub_8x1_s00022] Complete
[1/1] hub_8x1_s00022 done (2 parquet)

Done — 2 parquet file(s) produced.
== Completed Scenario_Hub_8x1_s00022 in 305s ==
== Writing isolated INI: simulations/spoofing_aware_with_planning/sweeps/charts_store/paper_suite_30seeds_plus_steepz_v2/generated/hub_12x1_s00001/omnetpp.ini ==
Wrote simulations/spoofing_aware_with_planning/sweeps/charts_store/paper_suite_30seeds_plus_steepz_v2/generated/hub_12x1_s00001/omnetpp.ini
== Running Scenario_Hub_12x1_s00001 comparison ==
Running 1 scenario(s), 2 config(s), parallel=1
(Each scenario = one INI directory; progress prints when that directory finishes.)

[1/1] hub_12x1_s00001 ...
  [hub_8x1_s00028:Scenario_Hub_8x1_s00028_Aware:sim] still running... 90s elapsed
  [hub_8x1_s00029:Scenario_Hub_8x1_s00029_Aware:sim] still running... 90s elapsed
  [hub_8x1_s00026:Scenario_Hub_8x1_s00026_Aware:sim] still running... 120s elapsed
  [hub_8x1_s00027:Scenario_Hub_8x1_s00027_Aware:sim] still running... 120s elapsed
  [hub_12x1_s00000] Running Scenario_Hub_12x1_s00000_Aware...
  [hub_12x1_s00000:Scenario_Hub_12x1_s00000_Aware:sim] still running... 30s elapsed
  [hub_12x1_s00001] Running Scenario_Hub_12x1_s00001_Aware...
  [hub_12x1_s00001:Scenario_Hub_12x1_s00001_Aware:sim] still running... 30s elapsed
  [hub_8x1_s00028:Scenario_Hub_8x1_s00028_Aware:sim] still running... 120s elapsed
  [hub_8x1_s00024] Copied scalars: 95048859-Scenario_Hub_8x1_s00024_Aware.sca
  [hub_8x1_s00024] Converting to Parquet...
  [hub_8x1_s00024] Created: 95048859-Scenario_Hub_8x1_s00024_Aware.parquet
  [hub_8x1_s00024] Running Scenario_Hub_8x1_s00024_TrustRid...
  [hub_8x1_s00024] Copied scalars: 95048859-Scenario_Hub_8x1_s00024_TrustRid.sca
  [hub_8x1_s00024] Converting to Parquet...
  [hub_8x1_s00024] Created: 95048859-Scenario_Hub_8x1_s00024_TrustRid.parquet
  [hub_8x1_s00024] Complete
[1/1] hub_8x1_s00024 done (2 parquet)

Done — 2 parquet file(s) produced.
== Completed Scenario_Hub_8x1_s00024 in 282s ==
== Writing isolated INI: simulations/spoofing_aware_with_planning/sweeps/charts_store/paper_suite_30seeds_plus_steepz_v2/generated/hub_12x1_s00002/omnetpp.ini ==
Wrote simulations/spoofing_aware_with_planning/sweeps/charts_store/paper_suite_30seeds_plus_steepz_v2/generated/hub_12x1_s00002/omnetpp.ini
== Running Scenario_Hub_12x1_s00002 comparison ==
Running 1 scenario(s), 2 config(s), parallel=1
(Each scenario = one INI directory; progress prints when that directory finishes.)

[1/1] hub_12x1_s00002 ...
  [hub_8x1_s00029:Scenario_Hub_8x1_s00029_Aware:sim] still running... 120s elapsed
  [hub_8x1_s00026:Scenario_Hub_8x1_s00026_Aware:sim] still running... 150s elapsed
  [hub_8x1_s00025] Copied scalars: 0d9d5dae-Scenario_Hub_8x1_s00025_Aware.sca
  [hub_8x1_s00025] Converting to Parquet...
  [hub_8x1_s00025] Created: 0d9d5dae-Scenario_Hub_8x1_s00025_Aware.parquet
  [hub_8x1_s00025] Running Scenario_Hub_8x1_s00025_TrustRid...
  [hub_8x1_s00025] Copied scalars: 0d9d5dae-Scenario_Hub_8x1_s00025_TrustRid.sca
  [hub_8x1_s00025] Converting to Parquet...
  [hub_8x1_s00025] Created: 0d9d5dae-Scenario_Hub_8x1_s00025_TrustRid.parquet
  [hub_8x1_s00025] Complete
[1/1] hub_8x1_s00025 done (2 parquet)

Done — 2 parquet file(s) produced.
== Completed Scenario_Hub_8x1_s00025 in 294s ==
== Writing isolated INI: simulations/spoofing_aware_with_planning/sweeps/charts_store/paper_suite_30seeds_plus_steepz_v2/generated/hub_12x1_s00003/omnetpp.ini ==
Wrote simulations/spoofing_aware_with_planning/sweeps/charts_store/paper_suite_30seeds_plus_steepz_v2/generated/hub_12x1_s00003/omnetpp.ini
== Running Scenario_Hub_12x1_s00003 comparison ==
Running 1 scenario(s), 2 config(s), parallel=1
(Each scenario = one INI directory; progress prints when that directory finishes.)

[1/1] hub_12x1_s00003 ...
  [hub_8x1_s00027:Scenario_Hub_8x1_s00027_Aware:sim] still running... 150s elapsed
  [hub_12x1_s00000:Scenario_Hub_12x1_s00000_Aware:sim] still running... 60s elapsed
  [hub_12x1_s00001:Scenario_Hub_12x1_s00001_Aware:sim] still running... 60s elapsed
  [hub_8x1_s00028:Scenario_Hub_8x1_s00028_Aware:sim] still running... 150s elapsed
  [hub_12x1_s00002] Running Scenario_Hub_12x1_s00002_Aware...
  [hub_12x1_s00002:Scenario_Hub_12x1_s00002_Aware:sim] still running... 30s elapsed
  [hub_8x1_s00029:Scenario_Hub_8x1_s00029_Aware:sim] still running... 150s elapsed
  [hub_8x1_s00026:Scenario_Hub_8x1_s00026_Aware:sim] still running... 180s elapsed
  [hub_12x1_s00003] Running Scenario_Hub_12x1_s00003_Aware...
  [hub_12x1_s00003:Scenario_Hub_12x1_s00003_Aware:sim] still running... 30s elapsed
  [hub_8x1_s00027:Scenario_Hub_8x1_s00027_Aware:sim] still running... 180s elapsed
  [hub_12x1_s00000:Scenario_Hub_12x1_s00000_Aware:sim] still running... 90s elapsed
  [hub_12x1_s00001:Scenario_Hub_12x1_s00001_Aware:sim] still running... 90s elapsed
  [hub_8x1_s00028:Scenario_Hub_8x1_s00028_Aware:sim] still running... 180s elapsed
  [hub_12x1_s00002:Scenario_Hub_12x1_s00002_Aware:sim] still running... 60s elapsed
  [hub_8x1_s00029:Scenario_Hub_8x1_s00029_Aware:sim] still running... 180s elapsed
  [hub_8x1_s00026:Scenario_Hub_8x1_s00026_Aware:sim] still running... 210s elapsed
  [hub_12x1_s00003:Scenario_Hub_12x1_s00003_Aware:sim] still running... 60s elapsed
  [hub_8x1_s00027:Scenario_Hub_8x1_s00027_Aware:sim] still running... 210s elapsed
  [hub_12x1_s00000:Scenario_Hub_12x1_s00000_Aware:sim] still running... 120s elapsed
  [hub_12x1_s00001:Scenario_Hub_12x1_s00001_Aware:sim] still running... 120s elapsed
  [hub_8x1_s00028:Scenario_Hub_8x1_s00028_Aware:sim] still running... 210s elapsed
  [hub_12x1_s00002:Scenario_Hub_12x1_s00002_Aware:sim] still running... 90s elapsed
  [hub_8x1_s00029:Scenario_Hub_8x1_s00029_Aware:sim] still running... 210s elapsed
  [hub_8x1_s00026:Scenario_Hub_8x1_s00026_Aware:sim] still running... 240s elapsed
  [hub_12x1_s00003:Scenario_Hub_12x1_s00003_Aware:sim] still running... 90s elapsed
  [hub_8x1_s00027:Scenario_Hub_8x1_s00027_Aware:sim] still running... 240s elapsed
  [hub_12x1_s00000:Scenario_Hub_12x1_s00000_Aware:sim] still running... 150s elapsed
  [hub_12x1_s00001:Scenario_Hub_12x1_s00001_Aware:sim] still running... 150s elapsed
  [hub_8x1_s00028:Scenario_Hub_8x1_s00028_Aware:sim] still running... 240s elapsed
  [hub_12x1_s00002:Scenario_Hub_12x1_s00002_Aware:sim] still running... 120s elapsed
  [hub_8x1_s00029:Scenario_Hub_8x1_s00029_Aware:sim] still running... 240s elapsed
  [hub_8x1_s00026:Scenario_Hub_8x1_s00026_Aware:sim] still running... 270s elapsed
  [hub_12x1_s00003:Scenario_Hub_12x1_s00003_Aware:sim] still running... 120s elapsed
  [hub_12x1_s00000:Scenario_Hub_12x1_s00000_Aware:sim] still running... 180s elapsed
  [hub_12x1_s00001:Scenario_Hub_12x1_s00001_Aware:sim] still running... 180s elapsed
  [hub_12x1_s00002:Scenario_Hub_12x1_s00002_Aware:sim] still running... 150s elapsed
  [hub_8x1_s00026] Copied scalars: 9259d32d-Scenario_Hub_8x1_s00026_Aware.sca
  [hub_8x1_s00026] Converting to Parquet...
  [hub_8x1_s00026] Created: 9259d32d-Scenario_Hub_8x1_s00026_Aware.parquet
  [hub_8x1_s00026] Running Scenario_Hub_8x1_s00026_TrustRid...
  [hub_8x1_s00026:Scenario_Hub_8x1_s00026_TrustRid:sim] still running... 30s elapsed
  [hub_8x1_s00026] Copied scalars: 9259d32d-Scenario_Hub_8x1_s00026_TrustRid.sca
  [hub_8x1_s00026] Converting to Parquet...
  [hub_8x1_s00026] Created: 9259d32d-Scenario_Hub_8x1_s00026_TrustRid.parquet
  [hub_8x1_s00026] Complete
[1/1] hub_8x1_s00026 done (2 parquet)

Done — 2 parquet file(s) produced.
== Completed Scenario_Hub_8x1_s00026 in 306s ==
== Writing isolated INI: simulations/spoofing_aware_with_planning/sweeps/charts_store/paper_suite_30seeds_plus_steepz_v2/generated/hub_12x1_s00004/omnetpp.ini ==
Wrote simulations/spoofing_aware_with_planning/sweeps/charts_store/paper_suite_30seeds_plus_steepz_v2/generated/hub_12x1_s00004/omnetpp.ini
== Running Scenario_Hub_12x1_s00004 comparison ==
Running 1 scenario(s), 2 config(s), parallel=1
(Each scenario = one INI directory; progress prints when that directory finishes.)

[1/1] hub_12x1_s00004 ...
  [hub_12x1_s00003:Scenario_Hub_12x1_s00003_Aware:sim] still running... 150s elapsed
  [hub_8x1_s00027] Copied scalars: 4272660a-Scenario_Hub_8x1_s00027_Aware.sca
  [hub_8x1_s00027] Converting to Parquet...
  [hub_8x1_s00027] Created: 4272660a-Scenario_Hub_8x1_s00027_Aware.parquet
  [hub_8x1_s00027] Running Scenario_Hub_8x1_s00027_TrustRid...
  [hub_8x1_s00027] Copied scalars: 4272660a-Scenario_Hub_8x1_s00027_TrustRid.sca
  [hub_8x1_s00027] Converting to Parquet...
  [hub_8x1_s00027] Created: 4272660a-Scenario_Hub_8x1_s00027_TrustRid.parquet
  [hub_8x1_s00027] Complete
[1/1] hub_8x1_s00027 done (2 parquet)

Done — 2 parquet file(s) produced.
== Completed Scenario_Hub_8x1_s00027 in 297s ==
== Writing isolated INI: simulations/spoofing_aware_with_planning/sweeps/charts_store/paper_suite_30seeds_plus_steepz_v2/generated/hub_12x1_s00005/omnetpp.ini ==
Wrote simulations/spoofing_aware_with_planning/sweeps/charts_store/paper_suite_30seeds_plus_steepz_v2/generated/hub_12x1_s00005/omnetpp.ini
== Running Scenario_Hub_12x1_s00005 comparison ==
Running 1 scenario(s), 2 config(s), parallel=1
(Each scenario = one INI directory; progress prints when that directory finishes.)

[1/1] hub_12x1_s00005 ...
  [hub_8x1_s00029] Copied scalars: 640fa0c9-Scenario_Hub_8x1_s00029_Aware.sca
  [hub_8x1_s00029] Converting to Parquet...
  [hub_8x1_s00029] Created: 640fa0c9-Scenario_Hub_8x1_s00029_Aware.parquet
  [hub_8x1_s00029] Running Scenario_Hub_8x1_s00029_TrustRid...
  [hub_8x1_s00029] Copied scalars: 640fa0c9-Scenario_Hub_8x1_s00029_TrustRid.sca
  [hub_8x1_s00029] Converting to Parquet...
  [hub_8x1_s00029] Created: 640fa0c9-Scenario_Hub_8x1_s00029_TrustRid.parquet
  [hub_8x1_s00029] Complete
[1/1] hub_8x1_s00029 done (2 parquet)

Done — 2 parquet file(s) produced.
== Completed Scenario_Hub_8x1_s00029 in 282s ==
== Writing isolated INI: simulations/spoofing_aware_with_planning/sweeps/charts_store/paper_suite_30seeds_plus_steepz_v2/generated/hub_12x1_s00006/omnetpp.ini ==
Wrote simulations/spoofing_aware_with_planning/sweeps/charts_store/paper_suite_30seeds_plus_steepz_v2/generated/hub_12x1_s00006/omnetpp.ini
== Running Scenario_Hub_12x1_s00006 comparison ==
Running 1 scenario(s), 2 config(s), parallel=1
(Each scenario = one INI directory; progress prints when that directory finishes.)

[1/1] hub_12x1_s00006 ...
  [hub_12x1_s00000:Scenario_Hub_12x1_s00000_Aware:sim] still running... 210s elapsed
  [hub_8x1_s00028] Copied scalars: e066b5e8-Scenario_Hub_8x1_s00028_Aware.sca
  [hub_8x1_s00028] Converting to Parquet...
  [hub_8x1_s00028] Created: e066b5e8-Scenario_Hub_8x1_s00028_Aware.parquet
  [hub_8x1_s00028] Running Scenario_Hub_8x1_s00028_TrustRid...
  [hub_8x1_s00028] Copied scalars: e066b5e8-Scenario_Hub_8x1_s00028_TrustRid.sca
  [hub_8x1_s00028] Converting to Parquet...
  [hub_8x1_s00028] Created: e066b5e8-Scenario_Hub_8x1_s00028_TrustRid.parquet
  [hub_8x1_s00028] Complete
[1/1] hub_8x1_s00028 done (2 parquet)

Done — 2 parquet file(s) produced.
== Completed Scenario_Hub_8x1_s00028 in 297s ==
== Writing isolated INI: simulations/spoofing_aware_with_planning/sweeps/charts_store/paper_suite_30seeds_plus_steepz_v2/generated/hub_12x1_s00007/omnetpp.ini ==
Wrote simulations/spoofing_aware_with_planning/sweeps/charts_store/paper_suite_30seeds_plus_steepz_v2/generated/hub_12x1_s00007/omnetpp.ini
== Running Scenario_Hub_12x1_s00007 comparison ==
Running 1 scenario(s), 2 config(s), parallel=1
(Each scenario = one INI directory; progress prints when that directory finishes.)

[1/1] hub_12x1_s00007 ...
  [hub_12x1_s00001:Scenario_Hub_12x1_s00001_Aware:sim] still running... 210s elapsed
  [hub_12x1_s00002:Scenario_Hub_12x1_s00002_Aware:sim] still running... 180s elapsed
  [hub_12x1_s00004] Running Scenario_Hub_12x1_s00004_Aware...
  [hub_12x1_s00004:Scenario_Hub_12x1_s00004_Aware:sim] still running... 30s elapsed
  [hub_12x1_s00003:Scenario_Hub_12x1_s00003_Aware:sim] still running... 180s elapsed
  [hub_12x1_s00005] Running Scenario_Hub_12x1_s00005_Aware...
  [hub_12x1_s00005:Scenario_Hub_12x1_s00005_Aware:sim] still running... 30s elapsed
  [hub_12x1_s00006] Running Scenario_Hub_12x1_s00006_Aware...
  [hub_12x1_s00006:Scenario_Hub_12x1_s00006_Aware:sim] still running... 30s elapsed
  [hub_12x1_s00000:Scenario_Hub_12x1_s00000_Aware:sim] still running... 240s elapsed
  [hub_12x1_s00007] Running Scenario_Hub_12x1_s00007_Aware...
  [hub_12x1_s00007:Scenario_Hub_12x1_s00007_Aware:sim] still running... 30s elapsed
  [hub_12x1_s00001:Scenario_Hub_12x1_s00001_Aware:sim] still running... 240s elapsed
  [hub_12x1_s00002:Scenario_Hub_12x1_s00002_Aware:sim] still running... 210s elapsed
  [hub_12x1_s00004:Scenario_Hub_12x1_s00004_Aware:sim] still running... 60s elapsed
  [hub_12x1_s00003:Scenario_Hub_12x1_s00003_Aware:sim] still running... 210s elapsed
  [hub_12x1_s00005:Scenario_Hub_12x1_s00005_Aware:sim] still running... 60s elapsed
  [hub_12x1_s00006:Scenario_Hub_12x1_s00006_Aware:sim] still running... 60s elapsed
  [hub_12x1_s00000:Scenario_Hub_12x1_s00000_Aware:sim] still running... 270s elapsed
  [hub_12x1_s00007:Scenario_Hub_12x1_s00007_Aware:sim] still running... 60s elapsed
  [hub_12x1_s00001:Scenario_Hub_12x1_s00001_Aware:sim] still running... 270s elapsed
  [hub_12x1_s00002:Scenario_Hub_12x1_s00002_Aware:sim] still running... 240s elapsed
  [hub_12x1_s00004:Scenario_Hub_12x1_s00004_Aware:sim] still running... 90s elapsed
  [hub_12x1_s00003:Scenario_Hub_12x1_s00003_Aware:sim] still running... 240s elapsed
  [hub_12x1_s00005:Scenario_Hub_12x1_s00005_Aware:sim] still running... 90s elapsed
  [hub_12x1_s00006:Scenario_Hub_12x1_s00006_Aware:sim] still running... 90s elapsed
  [hub_12x1_s00000:Scenario_Hub_12x1_s00000_Aware:sim] still running... 300s elapsed
  [hub_12x1_s00007:Scenario_Hub_12x1_s00007_Aware:sim] still running... 90s elapsed
  [hub_12x1_s00001:Scenario_Hub_12x1_s00001_Aware:sim] still running... 300s elapsed
  [hub_12x1_s00002:Scenario_Hub_12x1_s00002_Aware:sim] still running... 270s elapsed
  [hub_12x1_s00004:Scenario_Hub_12x1_s00004_Aware:sim] still running... 120s elapsed
  [hub_12x1_s00003:Scenario_Hub_12x1_s00003_Aware:sim] still running... 270s elapsed
  [hub_12x1_s00005:Scenario_Hub_12x1_s00005_Aware:sim] still running... 120s elapsed
  [hub_12x1_s00006:Scenario_Hub_12x1_s00006_Aware:sim] still running... 120s elapsed
  [hub_12x1_s00000:Scenario_Hub_12x1_s00000_Aware:sim] still running... 330s elapsed
  [hub_12x1_s00007:Scenario_Hub_12x1_s00007_Aware:sim] still running... 120s elapsed
  [hub_12x1_s00001:Scenario_Hub_12x1_s00001_Aware:sim] still running... 330s elapsed
  [hub_12x1_s00002:Scenario_Hub_12x1_s00002_Aware:sim] still running... 300s elapsed
  [hub_12x1_s00004:Scenario_Hub_12x1_s00004_Aware:sim] still running... 150s elapsed
  [hub_12x1_s00003:Scenario_Hub_12x1_s00003_Aware:sim] still running... 300s elapsed
  [hub_12x1_s00005:Scenario_Hub_12x1_s00005_Aware:sim] still running... 150s elapsed
  [hub_12x1_s00006:Scenario_Hub_12x1_s00006_Aware:sim] still running... 150s elapsed
  [hub_12x1_s00000:Scenario_Hub_12x1_s00000_Aware:sim] still running... 360s elapsed
  [hub_12x1_s00007:Scenario_Hub_12x1_s00007_Aware:sim] still running... 150s elapsed
  [hub_12x1_s00001:Scenario_Hub_12x1_s00001_Aware:sim] still running... 360s elapsed
  [hub_12x1_s00002:Scenario_Hub_12x1_s00002_Aware:sim] still running... 330s elapsed
  [hub_12x1_s00004:Scenario_Hub_12x1_s00004_Aware:sim] still running... 180s elapsed
  [hub_12x1_s00003:Scenario_Hub_12x1_s00003_Aware:sim] still running... 330s elapsed
  [hub_12x1_s00005:Scenario_Hub_12x1_s00005_Aware:sim] still running... 180s elapsed
  [hub_12x1_s00006:Scenario_Hub_12x1_s00006_Aware:sim] still running... 180s elapsed
  [hub_12x1_s00000:Scenario_Hub_12x1_s00000_Aware:sim] still running... 390s elapsed
  [hub_12x1_s00007:Scenario_Hub_12x1_s00007_Aware:sim] still running... 180s elapsed
  [hub_12x1_s00001:Scenario_Hub_12x1_s00001_Aware:sim] still running... 390s elapsed
  [hub_12x1_s00002:Scenario_Hub_12x1_s00002_Aware:sim] still running... 360s elapsed
  [hub_12x1_s00004:Scenario_Hub_12x1_s00004_Aware:sim] still running... 210s elapsed
  [hub_12x1_s00003:Scenario_Hub_12x1_s00003_Aware:sim] still running... 360s elapsed
  [hub_12x1_s00005:Scenario_Hub_12x1_s00005_Aware:sim] still running... 210s elapsed
  [hub_12x1_s00006:Scenario_Hub_12x1_s00006_Aware:sim] still running... 210s elapsed
  [hub_12x1_s00007:Scenario_Hub_12x1_s00007_Aware:sim] still running... 210s elapsed
  [hub_12x1_s00001:Scenario_Hub_12x1_s00001_Aware:sim] still running... 420s elapsed
  [hub_12x1_s00002:Scenario_Hub_12x1_s00002_Aware:sim] still running... 390s elapsed
  [hub_12x1_s00004:Scenario_Hub_12x1_s00004_Aware:sim] still running... 240s elapsed
  [hub_12x1_s00003:Scenario_Hub_12x1_s00003_Aware:sim] still running... 390s elapsed
  [hub_12x1_s00005:Scenario_Hub_12x1_s00005_Aware:sim] still running... 240s elapsed
  [hub_12x1_s00006:Scenario_Hub_12x1_s00006_Aware:sim] still running... 240s elapsed
  [hub_12x1_s00000] Copied scalars: dac1a2ef-Scenario_Hub_12x1_s00000_Aware.sca
  [hub_12x1_s00000] Converting to Parquet...
  [hub_12x1_s00000] Created: dac1a2ef-Scenario_Hub_12x1_s00000_Aware.parquet
  [hub_12x1_s00000] Running Scenario_Hub_12x1_s00000_TrustRid...
  [hub_12x1_s00000:Scenario_Hub_12x1_s00000_TrustRid:sim] still running... 30s elapsed
  [hub_12x1_s00007:Scenario_Hub_12x1_s00007_Aware:sim] still running... 240s elapsed
  [hub_12x1_s00002:Scenario_Hub_12x1_s00002_Aware:sim] still running... 420s elapsed
  [hub_12x1_s00000] Copied scalars: dac1a2ef-Scenario_Hub_12x1_s00000_TrustRid.sca
  [hub_12x1_s00000] Converting to Parquet...
  [hub_12x1_s00000] Created: dac1a2ef-Scenario_Hub_12x1_s00000_TrustRid.parquet
  [hub_12x1_s00000] Complete
[1/1] hub_12x1_s00000 done (2 parquet)

Done — 2 parquet file(s) produced.
== Completed Scenario_Hub_12x1_s00000 in 465s ==
== Writing isolated INI: simulations/spoofing_aware_with_planning/sweeps/charts_store/paper_suite_30seeds_plus_steepz_v2/generated/hub_12x1_s00008/omnetpp.ini ==
Wrote simulations/spoofing_aware_with_planning/sweeps/charts_store/paper_suite_30seeds_plus_steepz_v2/generated/hub_12x1_s00008/omnetpp.ini
== Running Scenario_Hub_12x1_s00008 comparison ==
Running 1 scenario(s), 2 config(s), parallel=1
(Each scenario = one INI directory; progress prints when that directory finishes.)

[1/1] hub_12x1_s00008 ...
  [hub_12x1_s00001] Copied scalars: f9075063-Scenario_Hub_12x1_s00001_Aware.sca
  [hub_12x1_s00001] Converting to Parquet...
  [hub_12x1_s00001] Created: f9075063-Scenario_Hub_12x1_s00001_Aware.parquet
  [hub_12x1_s00001] Running Scenario_Hub_12x1_s00001_TrustRid...
  [hub_12x1_s00001:Scenario_Hub_12x1_s00001_TrustRid:sim] still running... 30s elapsed
  [hub_12x1_s00004:Scenario_Hub_12x1_s00004_Aware:sim] still running... 270s elapsed
  [hub_12x1_s00003:Scenario_Hub_12x1_s00003_Aware:sim] still running... 420s elapsed
  [hub_12x1_s00005:Scenario_Hub_12x1_s00005_Aware:sim] still running... 270s elapsed
  [hub_12x1_s00006:Scenario_Hub_12x1_s00006_Aware:sim] still running... 270s elapsed
  [hub_12x1_s00007:Scenario_Hub_12x1_s00007_Aware:sim] still running... 270s elapsed
  [hub_12x1_s00001] Copied scalars: f9075063-Scenario_Hub_12x1_s00001_TrustRid.sca
  [hub_12x1_s00001] Converting to Parquet...
  [hub_12x1_s00001] Created: f9075063-Scenario_Hub_12x1_s00001_TrustRid.parquet
  [hub_12x1_s00001] Complete
[1/1] hub_12x1_s00001 done (2 parquet)

Done — 2 parquet file(s) produced.
== Completed Scenario_Hub_12x1_s00001 in 484s ==
== Writing isolated INI: simulations/spoofing_aware_with_planning/sweeps/charts_store/paper_suite_30seeds_plus_steepz_v2/generated/hub_12x1_s00009/omnetpp.ini ==
Wrote simulations/spoofing_aware_with_planning/sweeps/charts_store/paper_suite_30seeds_plus_steepz_v2/generated/hub_12x1_s00009/omnetpp.ini
== Running Scenario_Hub_12x1_s00009 comparison ==
Running 1 scenario(s), 2 config(s), parallel=1
(Each scenario = one INI directory; progress prints when that directory finishes.)

[1/1] hub_12x1_s00009 ...
  [hub_12x1_s00008] Running Scenario_Hub_12x1_s00008_Aware...
  [hub_12x1_s00008:Scenario_Hub_12x1_s00008_Aware:sim] still running... 30s elapsed
  [hub_12x1_s00002] Copied scalars: 8d3bb9cc-Scenario_Hub_12x1_s00002_Aware.sca
  [hub_12x1_s00002] Converting to Parquet...
  [hub_12x1_s00002] Created: 8d3bb9cc-Scenario_Hub_12x1_s00002_Aware.parquet
  [hub_12x1_s00002] Running Scenario_Hub_12x1_s00002_TrustRid...
  [hub_12x1_s00002:Scenario_Hub_12x1_s00002_TrustRid:sim] still running... 30s elapsed
  [hub_12x1_s00004:Scenario_Hub_12x1_s00004_Aware:sim] still running... 300s elapsed
  [hub_12x1_s00003:Scenario_Hub_12x1_s00003_Aware:sim] still running... 450s elapsed
  [hub_12x1_s00005:Scenario_Hub_12x1_s00005_Aware:sim] still running... 300s elapsed
  [hub_12x1_s00006:Scenario_Hub_12x1_s00006_Aware:sim] still running... 300s elapsed
  [hub_12x1_s00007:Scenario_Hub_12x1_s00007_Aware:sim] still running... 300s elapsed
  [hub_12x1_s00009] Running Scenario_Hub_12x1_s00009_Aware...
  [hub_12x1_s00009:Scenario_Hub_12x1_s00009_Aware:sim] still running... 30s elapsed
  [hub_12x1_s00002] Copied scalars: 8d3bb9cc-Scenario_Hub_12x1_s00002_TrustRid.sca
  [hub_12x1_s00002] Converting to Parquet...
  [hub_12x1_s00002] Created: 8d3bb9cc-Scenario_Hub_12x1_s00002_TrustRid.parquet
  [hub_12x1_s00002] Complete
[1/1] hub_12x1_s00002 done (2 parquet)

Done — 2 parquet file(s) produced.
== Completed Scenario_Hub_12x1_s00002 in 484s ==
== Writing isolated INI: simulations/spoofing_aware_with_planning/sweeps/charts_store/paper_suite_30seeds_plus_steepz_v2/generated/hub_12x1_s00010/omnetpp.ini ==
Wrote simulations/spoofing_aware_with_planning/sweeps/charts_store/paper_suite_30seeds_plus_steepz_v2/generated/hub_12x1_s00010/omnetpp.ini
== Running Scenario_Hub_12x1_s00010 comparison ==
Running 1 scenario(s), 2 config(s), parallel=1
(Each scenario = one INI directory; progress prints when that directory finishes.)

[1/1] hub_12x1_s00010 ...
  [hub_12x1_s00008:Scenario_Hub_12x1_s00008_Aware:sim] still running... 60s elapsed
  [hub_12x1_s00004:Scenario_Hub_12x1_s00004_Aware:sim] still running... 330s elapsed
  [hub_12x1_s00005:Scenario_Hub_12x1_s00005_Aware:sim] still running... 330s elapsed
  [hub_12x1_s00006:Scenario_Hub_12x1_s00006_Aware:sim] still running... 330s elapsed
  [hub_12x1_s00007:Scenario_Hub_12x1_s00007_Aware:sim] still running... 330s elapsed
  [hub_12x1_s00003] Copied scalars: e3a6bfec-Scenario_Hub_12x1_s00003_Aware.sca
  [hub_12x1_s00003] Converting to Parquet...
  [hub_12x1_s00003] Created: e3a6bfec-Scenario_Hub_12x1_s00003_Aware.parquet
  [hub_12x1_s00003] Running Scenario_Hub_12x1_s00003_TrustRid...
  [hub_12x1_s00003:Scenario_Hub_12x1_s00003_TrustRid:sim] still running... 30s elapsed
  [hub_12x1_s00009:Scenario_Hub_12x1_s00009_Aware:sim] still running... 60s elapsed
  [hub_12x1_s00010] Running Scenario_Hub_12x1_s00010_Aware...
  [hub_12x1_s00010:Scenario_Hub_12x1_s00010_Aware:sim] still running... 30s elapsed
  [hub_12x1_s00008:Scenario_Hub_12x1_s00008_Aware:sim] still running... 90s elapsed
  [hub_12x1_s00004:Scenario_Hub_12x1_s00004_Aware:sim] still running... 360s elapsed
  [hub_12x1_s00005:Scenario_Hub_12x1_s00005_Aware:sim] still running... 360s elapsed
  [hub_12x1_s00006:Scenario_Hub_12x1_s00006_Aware:sim] still running... 360s elapsed
  [hub_12x1_s00007:Scenario_Hub_12x1_s00007_Aware:sim] still running... 360s elapsed
  [hub_12x1_s00003:Scenario_Hub_12x1_s00003_TrustRid:sim] still running... 60s elapsed
  [hub_12x1_s00009:Scenario_Hub_12x1_s00009_Aware:sim] still running... 90s elapsed
  [hub_12x1_s00003] Copied scalars: e3a6bfec-Scenario_Hub_12x1_s00003_TrustRid.sca
  [hub_12x1_s00003] Converting to Parquet...
  [hub_12x1_s00003] Created: e3a6bfec-Scenario_Hub_12x1_s00003_TrustRid.parquet
  [hub_12x1_s00003] Complete
[1/1] hub_12x1_s00003 done (2 parquet)

Done — 2 parquet file(s) produced.
== Completed Scenario_Hub_12x1_s00003 in 527s ==
== Writing isolated INI: simulations/spoofing_aware_with_planning/sweeps/charts_store/paper_suite_30seeds_plus_steepz_v2/generated/hub_12x1_s00011/omnetpp.ini ==
Wrote simulations/spoofing_aware_with_planning/sweeps/charts_store/paper_suite_30seeds_plus_steepz_v2/generated/hub_12x1_s00011/omnetpp.ini
== Running Scenario_Hub_12x1_s00011 comparison ==
Running 1 scenario(s), 2 config(s), parallel=1
(Each scenario = one INI directory; progress prints when that directory finishes.)

[1/1] hub_12x1_s00011 ...
  [hub_12x1_s00010:Scenario_Hub_12x1_s00010_Aware:sim] still running... 60s elapsed
  [hub_12x1_s00008:Scenario_Hub_12x1_s00008_Aware:sim] still running... 120s elapsed
  [hub_12x1_s00004:Scenario_Hub_12x1_s00004_Aware:sim] still running... 390s elapsed
  [hub_12x1_s00005:Scenario_Hub_12x1_s00005_Aware:sim] still running... 390s elapsed
  [hub_12x1_s00006:Scenario_Hub_12x1_s00006_Aware:sim] still running... 390s elapsed
  [hub_12x1_s00007:Scenario_Hub_12x1_s00007_Aware:sim] still running... 390s elapsed
  [hub_12x1_s00009:Scenario_Hub_12x1_s00009_Aware:sim] still running... 120s elapsed
  [hub_12x1_s00011] Running Scenario_Hub_12x1_s00011_Aware...
  [hub_12x1_s00011:Scenario_Hub_12x1_s00011_Aware:sim] still running... 30s elapsed
  [hub_12x1_s00010:Scenario_Hub_12x1_s00010_Aware:sim] still running... 90s elapsed
  [hub_12x1_s00008:Scenario_Hub_12x1_s00008_Aware:sim] still running... 150s elapsed
  [hub_12x1_s00004:Scenario_Hub_12x1_s00004_Aware:sim] still running... 420s elapsed
  [hub_12x1_s00006:Scenario_Hub_12x1_s00006_Aware:sim] still running... 420s elapsed
  [hub_12x1_s00007:Scenario_Hub_12x1_s00007_Aware:sim] still running... 420s elapsed
  [hub_12x1_s00009:Scenario_Hub_12x1_s00009_Aware:sim] still running... 150s elapsed
  [hub_12x1_s00011:Scenario_Hub_12x1_s00011_Aware:sim] still running... 60s elapsed
  [hub_12x1_s00010:Scenario_Hub_12x1_s00010_Aware:sim] still running... 120s elapsed
  [hub_12x1_s00008:Scenario_Hub_12x1_s00008_Aware:sim] still running... 180s elapsed
  [hub_12x1_s00005] Copied scalars: e4a695ee-Scenario_Hub_12x1_s00005_Aware.sca
  [hub_12x1_s00005] Converting to Parquet...
  [hub_12x1_s00005] Created: e4a695ee-Scenario_Hub_12x1_s00005_Aware.parquet
  [hub_12x1_s00005] Running Scenario_Hub_12x1_s00005_TrustRid...
  [hub_12x1_s00005:Scenario_Hub_12x1_s00005_TrustRid:sim] still running... 30s elapsed
  [hub_12x1_s00004:Scenario_Hub_12x1_s00004_Aware:sim] still running... 450s elapsed
  [hub_12x1_s00005] Copied scalars: e4a695ee-Scenario_Hub_12x1_s00005_TrustRid.sca
  [hub_12x1_s00005] Converting to Parquet...
  [hub_12x1_s00005] Created: e4a695ee-Scenario_Hub_12x1_s00005_TrustRid.parquet
  [hub_12x1_s00005] Complete
[1/1] hub_12x1_s00005 done (2 parquet)

Done — 2 parquet file(s) produced.
== Completed Scenario_Hub_12x1_s00005 in 453s ==
== Writing isolated INI: simulations/spoofing_aware_with_planning/sweeps/charts_store/paper_suite_30seeds_plus_steepz_v2/generated/hub_12x1_s00012/omnetpp.ini ==
Wrote simulations/spoofing_aware_with_planning/sweeps/charts_store/paper_suite_30seeds_plus_steepz_v2/generated/hub_12x1_s00012/omnetpp.ini
== Running Scenario_Hub_12x1_s00012 comparison ==
Running 1 scenario(s), 2 config(s), parallel=1
(Each scenario = one INI directory; progress prints when that directory finishes.)

[1/1] hub_12x1_s00012 ...
  [hub_12x1_s00006] Copied scalars: 02f5a894-Scenario_Hub_12x1_s00006_Aware.sca
  [hub_12x1_s00006] Converting to Parquet...
  [hub_12x1_s00006] Created: 02f5a894-Scenario_Hub_12x1_s00006_Aware.parquet
  [hub_12x1_s00006] Running Scenario_Hub_12x1_s00006_TrustRid...
  [hub_12x1_s00006:Scenario_Hub_12x1_s00006_TrustRid:sim] still running... 30s elapsed
  [hub_12x1_s00009:Scenario_Hub_12x1_s00009_Aware:sim] still running... 180s elapsed
  [hub_12x1_s00011:Scenario_Hub_12x1_s00011_Aware:sim] still running... 90s elapsed
  [hub_12x1_s00010:Scenario_Hub_12x1_s00010_Aware:sim] still running... 150s elapsed
  [hub_12x1_s00008:Scenario_Hub_12x1_s00008_Aware:sim] still running... 210s elapsed
  [hub_12x1_s00007] Copied scalars: f31f0f24-Scenario_Hub_12x1_s00007_Aware.sca
  [hub_12x1_s00007] Converting to Parquet...
  [hub_12x1_s00007] Created: f31f0f24-Scenario_Hub_12x1_s00007_Aware.parquet
  [hub_12x1_s00007] Running Scenario_Hub_12x1_s00007_TrustRid...
  [hub_12x1_s00007:Scenario_Hub_12x1_s00007_TrustRid:sim] still running... 30s elapsed
  [hub_12x1_s00006] Copied scalars: 02f5a894-Scenario_Hub_12x1_s00006_TrustRid.sca
  [hub_12x1_s00006] Converting to Parquet...
  [hub_12x1_s00006] Created: 02f5a894-Scenario_Hub_12x1_s00006_TrustRid.parquet
  [hub_12x1_s00006] Complete
[1/1] hub_12x1_s00006 done (2 parquet)

Done — 2 parquet file(s) produced.
== Completed Scenario_Hub_12x1_s00006 in 479s ==
== Writing isolated INI: simulations/spoofing_aware_with_planning/sweeps/charts_store/paper_suite_30seeds_plus_steepz_v2/generated/hub_12x1_s00013/omnetpp.ini ==
Wrote simulations/spoofing_aware_with_planning/sweeps/charts_store/paper_suite_30seeds_plus_steepz_v2/generated/hub_12x1_s00013/omnetpp.ini
== Running Scenario_Hub_12x1_s00013 comparison ==
Running 1 scenario(s), 2 config(s), parallel=1
(Each scenario = one INI directory; progress prints when that directory finishes.)

[1/1] hub_12x1_s00013 ...
  [hub_12x1_s00012] Running Scenario_Hub_12x1_s00012_Aware...
  [hub_12x1_s00012:Scenario_Hub_12x1_s00012_Aware:sim] still running... 30s elapsed
  [hub_12x1_s00004] Copied scalars: e11551ab-Scenario_Hub_12x1_s00004_Aware.sca
  [hub_12x1_s00004] Converting to Parquet...
  [hub_12x1_s00004] Created: e11551ab-Scenario_Hub_12x1_s00004_Aware.parquet
  [hub_12x1_s00004] Running Scenario_Hub_12x1_s00004_TrustRid...
  [hub_12x1_s00004:Scenario_Hub_12x1_s00004_TrustRid:sim] still running... 30s elapsed
  [hub_12x1_s00009:Scenario_Hub_12x1_s00009_Aware:sim] still running... 210s elapsed
  [hub_12x1_s00011:Scenario_Hub_12x1_s00011_Aware:sim] still running... 120s elapsed
  [hub_12x1_s00010:Scenario_Hub_12x1_s00010_Aware:sim] still running... 180s elapsed
  [hub_12x1_s00008:Scenario_Hub_12x1_s00008_Aware:sim] still running... 240s elapsed
  [hub_12x1_s00007] Copied scalars: f31f0f24-Scenario_Hub_12x1_s00007_TrustRid.sca
  [hub_12x1_s00007] Converting to Parquet...
  [hub_12x1_s00007] Created: f31f0f24-Scenario_Hub_12x1_s00007_TrustRid.parquet
  [hub_12x1_s00007] Complete
[1/1] hub_12x1_s00007 done (2 parquet)

Done — 2 parquet file(s) produced.
== Completed Scenario_Hub_12x1_s00007 in 494s ==
== Writing isolated INI: simulations/spoofing_aware_with_planning/sweeps/charts_store/paper_suite_30seeds_plus_steepz_v2/generated/hub_12x1_s00014/omnetpp.ini ==
Wrote simulations/spoofing_aware_with_planning/sweeps/charts_store/paper_suite_30seeds_plus_steepz_v2/generated/hub_12x1_s00014/omnetpp.ini
== Running Scenario_Hub_12x1_s00014 comparison ==
Running 1 scenario(s), 2 config(s), parallel=1
(Each scenario = one INI directory; progress prints when that directory finishes.)

[1/1] hub_12x1_s00014 ...
  [hub_12x1_s00004] Copied scalars: e11551ab-Scenario_Hub_12x1_s00004_TrustRid.sca
  [hub_12x1_s00004] Converting to Parquet...
  [hub_12x1_s00004] Created: e11551ab-Scenario_Hub_12x1_s00004_TrustRid.parquet
  [hub_12x1_s00004] Complete
[1/1] hub_12x1_s00004 done (2 parquet)

Done — 2 parquet file(s) produced.
== Completed Scenario_Hub_12x1_s00004 in 513s ==
== Writing isolated INI: simulations/spoofing_aware_with_planning/sweeps/charts_store/paper_suite_30seeds_plus_steepz_v2/generated/hub_12x1_s00015/omnetpp.ini ==
Wrote simulations/spoofing_aware_with_planning/sweeps/charts_store/paper_suite_30seeds_plus_steepz_v2/generated/hub_12x1_s00015/omnetpp.ini
== Running Scenario_Hub_12x1_s00015 comparison ==
  [hub_12x1_s00013] Running Scenario_Hub_12x1_s00013_Aware...
  [hub_12x1_s00013:Scenario_Hub_12x1_s00013_Aware:sim] still running... 30s elapsed
Running 1 scenario(s), 2 config(s), parallel=1
(Each scenario = one INI directory; progress prints when that directory finishes.)

[1/1] hub_12x1_s00015 ...
  [hub_12x1_s00012:Scenario_Hub_12x1_s00012_Aware:sim] still running... 60s elapsed
  [hub_12x1_s00009:Scenario_Hub_12x1_s00009_Aware:sim] still running... 240s elapsed
  [hub_12x1_s00011:Scenario_Hub_12x1_s00011_Aware:sim] still running... 150s elapsed
  [hub_12x1_s00010:Scenario_Hub_12x1_s00010_Aware:sim] still running... 210s elapsed
  [hub_12x1_s00008:Scenario_Hub_12x1_s00008_Aware:sim] still running... 270s elapsed
  [hub_12x1_s00014] Running Scenario_Hub_12x1_s00014_Aware...
  [hub_12x1_s00014:Scenario_Hub_12x1_s00014_Aware:sim] still running... 30s elapsed
  [hub_12x1_s00013:Scenario_Hub_12x1_s00013_Aware:sim] still running... 60s elapsed
  [hub_12x1_s00015] Running Scenario_Hub_12x1_s00015_Aware...
  [hub_12x1_s00015:Scenario_Hub_12x1_s00015_Aware:sim] still running... 30s elapsed
  [hub_12x1_s00012:Scenario_Hub_12x1_s00012_Aware:sim] still running... 90s elapsed
  [hub_12x1_s00009:Scenario_Hub_12x1_s00009_Aware:sim] still running... 270s elapsed
  [hub_12x1_s00011:Scenario_Hub_12x1_s00011_Aware:sim] still running... 180s elapsed
  [hub_12x1_s00010:Scenario_Hub_12x1_s00010_Aware:sim] still running... 240s elapsed
  [hub_12x1_s00008:Scenario_Hub_12x1_s00008_Aware:sim] still running... 300s elapsed
  [hub_12x1_s00014:Scenario_Hub_12x1_s00014_Aware:sim] still running... 60s elapsed
  [hub_12x1_s00013:Scenario_Hub_12x1_s00013_Aware:sim] still running... 90s elapsed
  [hub_12x1_s00015:Scenario_Hub_12x1_s00015_Aware:sim] still running... 60s elapsed
  [hub_12x1_s00012:Scenario_Hub_12x1_s00012_Aware:sim] still running... 120s elapsed
  [hub_12x1_s00009:Scenario_Hub_12x1_s00009_Aware:sim] still running... 300s elapsed
  [hub_12x1_s00011:Scenario_Hub_12x1_s00011_Aware:sim] still running... 210s elapsed
  [hub_12x1_s00010:Scenario_Hub_12x1_s00010_Aware:sim] still running... 270s elapsed
  [hub_12x1_s00008:Scenario_Hub_12x1_s00008_Aware:sim] still running... 330s elapsed
  [hub_12x1_s00014:Scenario_Hub_12x1_s00014_Aware:sim] still running... 90s elapsed
  [hub_12x1_s00013:Scenario_Hub_12x1_s00013_Aware:sim] still running... 120s elapsed
  [hub_12x1_s00015:Scenario_Hub_12x1_s00015_Aware:sim] still running... 90s elapsed
  [hub_12x1_s00012:Scenario_Hub_12x1_s00012_Aware:sim] still running... 150s elapsed
  [hub_12x1_s00009:Scenario_Hub_12x1_s00009_Aware:sim] still running... 330s elapsed
  [hub_12x1_s00011:Scenario_Hub_12x1_s00011_Aware:sim] still running... 240s elapsed
  [hub_12x1_s00010:Scenario_Hub_12x1_s00010_Aware:sim] still running... 300s elapsed
  [hub_12x1_s00008:Scenario_Hub_12x1_s00008_Aware:sim] still running... 360s elapsed
  [hub_12x1_s00014:Scenario_Hub_12x1_s00014_Aware:sim] still running... 120s elapsed
  [hub_12x1_s00013:Scenario_Hub_12x1_s00013_Aware:sim] still running... 150s elapsed
  [hub_12x1_s00015:Scenario_Hub_12x1_s00015_Aware:sim] still running... 120s elapsed
  [hub_12x1_s00012:Scenario_Hub_12x1_s00012_Aware:sim] still running... 180s elapsed
  [hub_12x1_s00009:Scenario_Hub_12x1_s00009_Aware:sim] still running... 360s elapsed
  [hub_12x1_s00011:Scenario_Hub_12x1_s00011_Aware:sim] still running... 270s elapsed
  [hub_12x1_s00010:Scenario_Hub_12x1_s00010_Aware:sim] still running... 330s elapsed
  [hub_12x1_s00008:Scenario_Hub_12x1_s00008_Aware:sim] still running... 390s elapsed
  [hub_12x1_s00014:Scenario_Hub_12x1_s00014_Aware:sim] still running... 150s elapsed
  [hub_12x1_s00013:Scenario_Hub_12x1_s00013_Aware:sim] still running... 180s elapsed
  [hub_12x1_s00015:Scenario_Hub_12x1_s00015_Aware:sim] still running... 150s elapsed
  [hub_12x1_s00012:Scenario_Hub_12x1_s00012_Aware:sim] still running... 210s elapsed
  [hub_12x1_s00009:Scenario_Hub_12x1_s00009_Aware:sim] still running... 390s elapsed
  [hub_12x1_s00011:Scenario_Hub_12x1_s00011_Aware:sim] still running... 300s elapsed
  [hub_12x1_s00010:Scenario_Hub_12x1_s00010_Aware:sim] still running... 360s elapsed
  [hub_12x1_s00008:Scenario_Hub_12x1_s00008_Aware:sim] still running... 420s elapsed
  [hub_12x1_s00014:Scenario_Hub_12x1_s00014_Aware:sim] still running... 180s elapsed
  [hub_12x1_s00013:Scenario_Hub_12x1_s00013_Aware:sim] still running... 210s elapsed
  [hub_12x1_s00015:Scenario_Hub_12x1_s00015_Aware:sim] still running... 180s elapsed
  [hub_12x1_s00012:Scenario_Hub_12x1_s00012_Aware:sim] still running... 240s elapsed
  [hub_12x1_s00009:Scenario_Hub_12x1_s00009_Aware:sim] still running... 420s elapsed
  [hub_12x1_s00011:Scenario_Hub_12x1_s00011_Aware:sim] still running... 330s elapsed
  [hub_12x1_s00010:Scenario_Hub_12x1_s00010_Aware:sim] still running... 390s elapsed
  [hub_12x1_s00008:Scenario_Hub_12x1_s00008_Aware:sim] still running... 450s elapsed
  [hub_12x1_s00014:Scenario_Hub_12x1_s00014_Aware:sim] still running... 210s elapsed
  [hub_12x1_s00013:Scenario_Hub_12x1_s00013_Aware:sim] still running... 240s elapsed
  [hub_12x1_s00015:Scenario_Hub_12x1_s00015_Aware:sim] still running... 210s elapsed
  [hub_12x1_s00012:Scenario_Hub_12x1_s00012_Aware:sim] still running... 270s elapsed
  [hub_12x1_s00011:Scenario_Hub_12x1_s00011_Aware:sim] still running... 360s elapsed
  [hub_12x1_s00014:Scenario_Hub_12x1_s00014_Aware:sim] still running... 240s elapsed
  [hub_12x1_s00013:Scenario_Hub_12x1_s00013_Aware:sim] still running... 270s elapsed
  [hub_12x1_s00015:Scenario_Hub_12x1_s00015_Aware:sim] still running... 240s elapsed
  [hub_12x1_s00012:Scenario_Hub_12x1_s00012_Aware:sim] still running... 300s elapsed
  [hub_12x1_s00009] Copied scalars: 7f5bfa8a-Scenario_Hub_12x1_s00009_Aware.sca
  [hub_12x1_s00009] Converting to Parquet...
  [hub_12x1_s00009] Created: 7f5bfa8a-Scenario_Hub_12x1_s00009_Aware.parquet
  [hub_12x1_s00009] Running Scenario_Hub_12x1_s00009_TrustRid...
  [hub_12x1_s00009:Scenario_Hub_12x1_s00009_TrustRid:sim] still running... 30s elapsed
  [hub_12x1_s00010] Copied scalars: 37c05576-Scenario_Hub_12x1_s00010_Aware.sca
  [hub_12x1_s00010] Converting to Parquet...
  [hub_12x1_s00010] Created: 37c05576-Scenario_Hub_12x1_s00010_Aware.parquet
  [hub_12x1_s00010] Running Scenario_Hub_12x1_s00010_TrustRid...
  [hub_12x1_s00010:Scenario_Hub_12x1_s00010_TrustRid:sim] still running... 30s elapsed
  [hub_12x1_s00011:Scenario_Hub_12x1_s00011_Aware:sim] still running... 390s elapsed
  [hub_12x1_s00008] Copied scalars: 6d58c2bb-Scenario_Hub_12x1_s00008_Aware.sca
  [hub_12x1_s00008] Converting to Parquet...
  [hub_12x1_s00008] Created: 6d58c2bb-Scenario_Hub_12x1_s00008_Aware.parquet
  [hub_12x1_s00008] Running Scenario_Hub_12x1_s00008_TrustRid...
  [hub_12x1_s00008:Scenario_Hub_12x1_s00008_TrustRid:sim] still running... 30s elapsed
  [hub_12x1_s00014:Scenario_Hub_12x1_s00014_Aware:sim] still running... 270s elapsed
  [hub_12x1_s00010] Copied scalars: 37c05576-Scenario_Hub_12x1_s00010_TrustRid.sca
  [hub_12x1_s00010] Converting to Parquet...
  [hub_12x1_s00010] Created: 37c05576-Scenario_Hub_12x1_s00010_TrustRid.parquet
  [hub_12x1_s00010] Complete
[1/1] hub_12x1_s00010 done (2 parquet)

Done — 2 parquet file(s) produced.
== Completed Scenario_Hub_12x1_s00010 in 465s ==
== Writing isolated INI: simulations/spoofing_aware_with_planning/sweeps/charts_store/paper_suite_30seeds_plus_steepz_v2/generated/hub_12x1_s00016/omnetpp.ini ==
Wrote simulations/spoofing_aware_with_planning/sweeps/charts_store/paper_suite_30seeds_plus_steepz_v2/generated/hub_12x1_s00016/omnetpp.ini
== Running Scenario_Hub_12x1_s00016 comparison ==
Running 1 scenario(s), 2 config(s), parallel=1
(Each scenario = one INI directory; progress prints when that directory finishes.)

[1/1] hub_12x1_s00016 ...
  [hub_12x1_s00013:Scenario_Hub_12x1_s00013_Aware:sim] still running... 300s elapsed
  [hub_12x1_s00015:Scenario_Hub_12x1_s00015_Aware:sim] still running... 270s elapsed
  [hub_12x1_s00012:Scenario_Hub_12x1_s00012_Aware:sim] still running... 330s elapsed
  [hub_12x1_s00009] Copied scalars: 7f5bfa8a-Scenario_Hub_12x1_s00009_TrustRid.sca
  [hub_12x1_s00009] Converting to Parquet...
  [hub_12x1_s00009] Created: 7f5bfa8a-Scenario_Hub_12x1_s00009_TrustRid.parquet
  [hub_12x1_s00009] Complete
[1/1] hub_12x1_s00009 done (2 parquet)

Done — 2 parquet file(s) produced.
== Completed Scenario_Hub_12x1_s00009 in 505s ==
== Writing isolated INI: simulations/spoofing_aware_with_planning/sweeps/charts_store/paper_suite_30seeds_plus_steepz_v2/generated/hub_12x1_s00017/omnetpp.ini ==
Wrote simulations/spoofing_aware_with_planning/sweeps/charts_store/paper_suite_30seeds_plus_steepz_v2/generated/hub_12x1_s00017/omnetpp.ini
== Running Scenario_Hub_12x1_s00017 comparison ==
Running 1 scenario(s), 2 config(s), parallel=1
(Each scenario = one INI directory; progress prints when that directory finishes.)

[1/1] hub_12x1_s00017 ...
  [hub_12x1_s00011:Scenario_Hub_12x1_s00011_Aware:sim] still running... 420s elapsed
  [hub_12x1_s00008] Copied scalars: 6d58c2bb-Scenario_Hub_12x1_s00008_TrustRid.sca
  [hub_12x1_s00008] Converting to Parquet...
  [hub_12x1_s00008] Created: 6d58c2bb-Scenario_Hub_12x1_s00008_TrustRid.parquet
  [hub_12x1_s00008] Complete
[1/1] hub_12x1_s00008 done (2 parquet)

Done — 2 parquet file(s) produced.
== Completed Scenario_Hub_12x1_s00008 in 537s ==
== Writing isolated INI: simulations/spoofing_aware_with_planning/sweeps/charts_store/paper_suite_30seeds_plus_steepz_v2/generated/hub_12x1_s00018/omnetpp.ini ==
Wrote simulations/spoofing_aware_with_planning/sweeps/charts_store/paper_suite_30seeds_plus_steepz_v2/generated/hub_12x1_s00018/omnetpp.ini
== Running Scenario_Hub_12x1_s00018 comparison ==
Running 1 scenario(s), 2 config(s), parallel=1
(Each scenario = one INI directory; progress prints when that directory finishes.)

[1/1] hub_12x1_s00018 ...
  [hub_12x1_s00014:Scenario_Hub_12x1_s00014_Aware:sim] still running... 300s elapsed
  [hub_12x1_s00016] Running Scenario_Hub_12x1_s00016_Aware...
  [hub_12x1_s00016:Scenario_Hub_12x1_s00016_Aware:sim] still running... 30s elapsed
  [hub_12x1_s00013:Scenario_Hub_12x1_s00013_Aware:sim] still running... 330s elapsed
  [hub_12x1_s00015:Scenario_Hub_12x1_s00015_Aware:sim] still running... 300s elapsed
  [hub_12x1_s00012:Scenario_Hub_12x1_s00012_Aware:sim] still running... 360s elapsed
  [hub_12x1_s00017] Running Scenario_Hub_12x1_s00017_Aware...
  [hub_12x1_s00017:Scenario_Hub_12x1_s00017_Aware:sim] still running... 30s elapsed
  [hub_12x1_s00018] Running Scenario_Hub_12x1_s00018_Aware...
  [hub_12x1_s00018:Scenario_Hub_12x1_s00018_Aware:sim] still running... 30s elapsed
  [hub_12x1_s00014:Scenario_Hub_12x1_s00014_Aware:sim] still running... 330s elapsed
  [hub_12x1_s00016:Scenario_Hub_12x1_s00016_Aware:sim] still running... 60s elapsed
  [hub_12x1_s00013:Scenario_Hub_12x1_s00013_Aware:sim] still running... 360s elapsed
  [hub_12x1_s00015:Scenario_Hub_12x1_s00015_Aware:sim] still running... 330s elapsed
  [hub_12x1_s00012:Scenario_Hub_12x1_s00012_Aware:sim] still running... 390s elapsed
  [hub_12x1_s00011] Copied scalars: 2d4fc810-Scenario_Hub_12x1_s00011_Aware.sca
  [hub_12x1_s00011] Converting to Parquet...
  [hub_12x1_s00011] Created: 2d4fc810-Scenario_Hub_12x1_s00011_Aware.parquet
  [hub_12x1_s00011] Running Scenario_Hub_12x1_s00011_TrustRid...
  [hub_12x1_s00011:Scenario_Hub_12x1_s00011_TrustRid:sim] still running... 30s elapsed
  [hub_12x1_s00017:Scenario_Hub_12x1_s00017_Aware:sim] still running... 60s elapsed
  [hub_12x1_s00018:Scenario_Hub_12x1_s00018_Aware:sim] still running... 60s elapsed
  [hub_12x1_s00014:Scenario_Hub_12x1_s00014_Aware:sim] still running... 360s elapsed
  [hub_12x1_s00011] Copied scalars: 2d4fc810-Scenario_Hub_12x1_s00011_TrustRid.sca
  [hub_12x1_s00011] Converting to Parquet...
  [hub_12x1_s00011] Created: 2d4fc810-Scenario_Hub_12x1_s00011_TrustRid.parquet
  [hub_12x1_s00011] Complete
[1/1] hub_12x1_s00011 done (2 parquet)

Done — 2 parquet file(s) produced.
== Completed Scenario_Hub_12x1_s00011 in 488s ==
== Writing isolated INI: simulations/spoofing_aware_with_planning/sweeps/charts_store/paper_suite_30seeds_plus_steepz_v2/generated/hub_12x1_s00019/omnetpp.ini ==
Wrote simulations/spoofing_aware_with_planning/sweeps/charts_store/paper_suite_30seeds_plus_steepz_v2/generated/hub_12x1_s00019/omnetpp.ini
== Running Scenario_Hub_12x1_s00019 comparison ==
Running 1 scenario(s), 2 config(s), parallel=1
(Each scenario = one INI directory; progress prints when that directory finishes.)

[1/1] hub_12x1_s00019 ...
  [hub_12x1_s00016:Scenario_Hub_12x1_s00016_Aware:sim] still running... 90s elapsed
  [hub_12x1_s00013:Scenario_Hub_12x1_s00013_Aware:sim] still running... 390s elapsed
  [hub_12x1_s00015:Scenario_Hub_12x1_s00015_Aware:sim] still running... 360s elapsed
  [hub_12x1_s00012:Scenario_Hub_12x1_s00012_Aware:sim] still running... 420s elapsed
  [hub_12x1_s00017:Scenario_Hub_12x1_s00017_Aware:sim] still running... 90s elapsed
  [hub_12x1_s00018:Scenario_Hub_12x1_s00018_Aware:sim] still running... 90s elapsed
  [hub_12x1_s00014:Scenario_Hub_12x1_s00014_Aware:sim] still running... 390s elapsed
  [hub_12x1_s00019] Running Scenario_Hub_12x1_s00019_Aware...
  [hub_12x1_s00019:Scenario_Hub_12x1_s00019_Aware:sim] still running... 30s elapsed
  [hub_12x1_s00016:Scenario_Hub_12x1_s00016_Aware:sim] still running... 120s elapsed
  [hub_12x1_s00013:Scenario_Hub_12x1_s00013_Aware:sim] still running... 420s elapsed
  [hub_12x1_s00015:Scenario_Hub_12x1_s00015_Aware:sim] still running... 390s elapsed
  [hub_12x1_s00017:Scenario_Hub_12x1_s00017_Aware:sim] still running... 120s elapsed
  [hub_12x1_s00018:Scenario_Hub_12x1_s00018_Aware:sim] still running... 120s elapsed
  [hub_12x1_s00014:Scenario_Hub_12x1_s00014_Aware:sim] still running... 420s elapsed
  [hub_12x1_s00019:Scenario_Hub_12x1_s00019_Aware:sim] still running... 60s elapsed
  [hub_12x1_s00016:Scenario_Hub_12x1_s00016_Aware:sim] still running... 150s elapsed
  [hub_12x1_s00012] Copied scalars: b2cd84bf-Scenario_Hub_12x1_s00012_Aware.sca
  [hub_12x1_s00012] Converting to Parquet...
  [hub_12x1_s00012] Created: b2cd84bf-Scenario_Hub_12x1_s00012_Aware.parquet
  [hub_12x1_s00012] Running Scenario_Hub_12x1_s00012_TrustRid...
  [hub_12x1_s00012:Scenario_Hub_12x1_s00012_TrustRid:sim] still running... 30s elapsed
  [hub_12x1_s00015:Scenario_Hub_12x1_s00015_Aware:sim] still running... 420s elapsed
  [hub_12x1_s00017:Scenario_Hub_12x1_s00017_Aware:sim] still running... 150s elapsed
  [hub_12x1_s00018:Scenario_Hub_12x1_s00018_Aware:sim] still running... 150s elapsed
  [hub_12x1_s00019:Scenario_Hub_12x1_s00019_Aware:sim] still running... 90s elapsed
  [hub_12x1_s00013] Copied scalars: 7150a8e5-Scenario_Hub_12x1_s00013_Aware.sca
  [hub_12x1_s00013] Converting to Parquet...
  [hub_12x1_s00013] Created: 7150a8e5-Scenario_Hub_12x1_s00013_Aware.parquet
  [hub_12x1_s00013] Running Scenario_Hub_12x1_s00013_TrustRid...
  [hub_12x1_s00013:Scenario_Hub_12x1_s00013_TrustRid:sim] still running... 30s elapsed
  [hub_12x1_s00012] Copied scalars: b2cd84bf-Scenario_Hub_12x1_s00012_TrustRid.sca
  [hub_12x1_s00012] Converting to Parquet...
  [hub_12x1_s00012] Created: b2cd84bf-Scenario_Hub_12x1_s00012_TrustRid.parquet
  [hub_12x1_s00012] Complete
[1/1] hub_12x1_s00012 done (2 parquet)

Done — 2 parquet file(s) produced.
== Completed Scenario_Hub_12x1_s00012 in 506s ==
== Writing isolated INI: simulations/spoofing_aware_with_planning/sweeps/charts_store/paper_suite_30seeds_plus_steepz_v2/generated/hub_12x1_s00020/omnetpp.ini ==
Wrote simulations/spoofing_aware_with_planning/sweeps/charts_store/paper_suite_30seeds_plus_steepz_v2/generated/hub_12x1_s00020/omnetpp.ini
== Running Scenario_Hub_12x1_s00020 comparison ==
Running 1 scenario(s), 2 config(s), parallel=1
(Each scenario = one INI directory; progress prints when that directory finishes.)

[1/1] hub_12x1_s00020 ...
  [hub_12x1_s00014] Copied scalars: edf8fc33-Scenario_Hub_12x1_s00014_Aware.sca
  [hub_12x1_s00014] Converting to Parquet...
  [hub_12x1_s00014] Created: edf8fc33-Scenario_Hub_12x1_s00014_Aware.parquet
  [hub_12x1_s00014] Running Scenario_Hub_12x1_s00014_TrustRid...
  [hub_12x1_s00014:Scenario_Hub_12x1_s00014_TrustRid:sim] still running... 30s elapsed
  [hub_12x1_s00016:Scenario_Hub_12x1_s00016_Aware:sim] still running... 180s elapsed
  [hub_12x1_s00015:Scenario_Hub_12x1_s00015_Aware:sim] still running... 450s elapsed
  [hub_12x1_s00017:Scenario_Hub_12x1_s00017_Aware:sim] still running... 180s elapsed
  [hub_12x1_s00014] Copied scalars: edf8fc33-Scenario_Hub_12x1_s00014_TrustRid.sca
  [hub_12x1_s00014] Converting to Parquet...
  [hub_12x1_s00014] Created: edf8fc33-Scenario_Hub_12x1_s00014_TrustRid.parquet
  [hub_12x1_s00014] Complete
[1/1] hub_12x1_s00014 done (2 parquet)

Done — 2 parquet file(s) produced.
== Completed Scenario_Hub_12x1_s00014 in 470s ==
== Writing isolated INI: simulations/spoofing_aware_with_planning/sweeps/charts_store/paper_suite_30seeds_plus_steepz_v2/generated/hub_12x1_s00021/omnetpp.ini ==
Wrote simulations/spoofing_aware_with_planning/sweeps/charts_store/paper_suite_30seeds_plus_steepz_v2/generated/hub_12x1_s00021/omnetpp.ini
== Running Scenario_Hub_12x1_s00021 comparison ==
Running 1 scenario(s), 2 config(s), parallel=1
(Each scenario = one INI directory; progress prints when that directory finishes.)

[1/1] hub_12x1_s00021 ...
  [hub_12x1_s00018:Scenario_Hub_12x1_s00018_Aware:sim] still running... 180s elapsed
  [hub_12x1_s00013] Copied scalars: 7150a8e5-Scenario_Hub_12x1_s00013_TrustRid.sca
  [hub_12x1_s00013] Converting to Parquet...
  [hub_12x1_s00013] Created: 7150a8e5-Scenario_Hub_12x1_s00013_TrustRid.parquet
  [hub_12x1_s00013] Complete
[1/1] hub_12x1_s00013 done (2 parquet)

Done — 2 parquet file(s) produced.
== Completed Scenario_Hub_12x1_s00013 in 501s ==
== Writing isolated INI: simulations/spoofing_aware_with_planning/sweeps/charts_store/paper_suite_30seeds_plus_steepz_v2/generated/hub_12x1_s00022/omnetpp.ini ==
Wrote simulations/spoofing_aware_with_planning/sweeps/charts_store/paper_suite_30seeds_plus_steepz_v2/generated/hub_12x1_s00022/omnetpp.ini
== Running Scenario_Hub_12x1_s00022 comparison ==
Running 1 scenario(s), 2 config(s), parallel=1
(Each scenario = one INI directory; progress prints when that directory finishes.)

[1/1] hub_12x1_s00022 ...
  [hub_12x1_s00019:Scenario_Hub_12x1_s00019_Aware:sim] still running... 120s elapsed
  [hub_12x1_s00020] Running Scenario_Hub_12x1_s00020_Aware...
  [hub_12x1_s00020:Scenario_Hub_12x1_s00020_Aware:sim] still running... 30s elapsed
  [hub_12x1_s00016:Scenario_Hub_12x1_s00016_Aware:sim] still running... 210s elapsed
  [hub_12x1_s00015:Scenario_Hub_12x1_s00015_Aware:sim] still running... 480s elapsed
  [hub_12x1_s00017:Scenario_Hub_12x1_s00017_Aware:sim] still running... 210s elapsed
  [hub_12x1_s00021] Running Scenario_Hub_12x1_s00021_Aware...
  [hub_12x1_s00021:Scenario_Hub_12x1_s00021_Aware:sim] still running... 30s elapsed
  [hub_12x1_s00018:Scenario_Hub_12x1_s00018_Aware:sim] still running... 210s elapsed
  [hub_12x1_s00022] Running Scenario_Hub_12x1_s00022_Aware...
  [hub_12x1_s00022:Scenario_Hub_12x1_s00022_Aware:sim] still running... 30s elapsed
  [hub_12x1_s00019:Scenario_Hub_12x1_s00019_Aware:sim] still running... 150s elapsed
  [hub_12x1_s00020:Scenario_Hub_12x1_s00020_Aware:sim] still running... 60s elapsed
  [hub_12x1_s00016:Scenario_Hub_12x1_s00016_Aware:sim] still running... 240s elapsed
  [hub_12x1_s00017:Scenario_Hub_12x1_s00017_Aware:sim] still running... 240s elapsed
  [hub_12x1_s00015] Copied scalars: d9f2739e-Scenario_Hub_12x1_s00015_Aware.sca
  [hub_12x1_s00015] Converting to Parquet...
  [hub_12x1_s00015] Created: d9f2739e-Scenario_Hub_12x1_s00015_Aware.parquet
  [hub_12x1_s00015] Running Scenario_Hub_12x1_s00015_TrustRid...
  [hub_12x1_s00015:Scenario_Hub_12x1_s00015_TrustRid:sim] still running... 30s elapsed
  [hub_12x1_s00021:Scenario_Hub_12x1_s00021_Aware:sim] still running... 60s elapsed
  [hub_12x1_s00018:Scenario_Hub_12x1_s00018_Aware:sim] still running... 240s elapsed
  [hub_12x1_s00022:Scenario_Hub_12x1_s00022_Aware:sim] still running... 60s elapsed
  [hub_12x1_s00019:Scenario_Hub_12x1_s00019_Aware:sim] still running... 180s elapsed
  [hub_12x1_s00020:Scenario_Hub_12x1_s00020_Aware:sim] still running... 90s elapsed
  [hub_12x1_s00016:Scenario_Hub_12x1_s00016_Aware:sim] still running... 270s elapsed
  [hub_12x1_s00017:Scenario_Hub_12x1_s00017_Aware:sim] still running... 270s elapsed
  [hub_12x1_s00015:Scenario_Hub_12x1_s00015_TrustRid:sim] still running... 60s elapsed
  [hub_12x1_s00021:Scenario_Hub_12x1_s00021_Aware:sim] still running... 90s elapsed
  [hub_12x1_s00015] Copied scalars: d9f2739e-Scenario_Hub_12x1_s00015_TrustRid.sca
  [hub_12x1_s00015] Converting to Parquet...
  [hub_12x1_s00015] Created: d9f2739e-Scenario_Hub_12x1_s00015_TrustRid.parquet
  [hub_12x1_s00015] Complete
[1/1] hub_12x1_s00015 done (2 parquet)

Done — 2 parquet file(s) produced.
== Completed Scenario_Hub_12x1_s00015 in 552s ==
== Writing isolated INI: simulations/spoofing_aware_with_planning/sweeps/charts_store/paper_suite_30seeds_plus_steepz_v2/generated/hub_12x1_s00023/omnetpp.ini ==
Wrote simulations/spoofing_aware_with_planning/sweeps/charts_store/paper_suite_30seeds_plus_steepz_v2/generated/hub_12x1_s00023/omnetpp.ini
== Running Scenario_Hub_12x1_s00023 comparison ==
Running 1 scenario(s), 2 config(s), parallel=1
(Each scenario = one INI directory; progress prints when that directory finishes.)

[1/1] hub_12x1_s00023 ...
  [hub_12x1_s00018:Scenario_Hub_12x1_s00018_Aware:sim] still running... 270s elapsed
  [hub_12x1_s00022:Scenario_Hub_12x1_s00022_Aware:sim] still running... 90s elapsed
  [hub_12x1_s00019:Scenario_Hub_12x1_s00019_Aware:sim] still running... 210s elapsed
  [hub_12x1_s00020:Scenario_Hub_12x1_s00020_Aware:sim] still running... 120s elapsed
  [hub_12x1_s00016:Scenario_Hub_12x1_s00016_Aware:sim] still running... 300s elapsed
  [hub_12x1_s00017:Scenario_Hub_12x1_s00017_Aware:sim] still running... 300s elapsed
  [hub_12x1_s00021:Scenario_Hub_12x1_s00021_Aware:sim] still running... 120s elapsed
  [hub_12x1_s00023] Running Scenario_Hub_12x1_s00023_Aware...
  [hub_12x1_s00023:Scenario_Hub_12x1_s00023_Aware:sim] still running... 30s elapsed
  [hub_12x1_s00018:Scenario_Hub_12x1_s00018_Aware:sim] still running... 300s elapsed
  [hub_12x1_s00022:Scenario_Hub_12x1_s00022_Aware:sim] still running... 120s elapsed
  [hub_12x1_s00019:Scenario_Hub_12x1_s00019_Aware:sim] still running... 240s elapsed
  [hub_12x1_s00020:Scenario_Hub_12x1_s00020_Aware:sim] still running... 150s elapsed
  [hub_12x1_s00016:Scenario_Hub_12x1_s00016_Aware:sim] still running... 330s elapsed
  [hub_12x1_s00017:Scenario_Hub_12x1_s00017_Aware:sim] still running... 330s elapsed
  [hub_12x1_s00021:Scenario_Hub_12x1_s00021_Aware:sim] still running... 150s elapsed
  [hub_12x1_s00023:Scenario_Hub_12x1_s00023_Aware:sim] still running... 60s elapsed
  [hub_12x1_s00018:Scenario_Hub_12x1_s00018_Aware:sim] still running... 330s elapsed
  [hub_12x1_s00022:Scenario_Hub_12x1_s00022_Aware:sim] still running... 150s elapsed
  [hub_12x1_s00019:Scenario_Hub_12x1_s00019_Aware:sim] still running... 270s elapsed
  [hub_12x1_s00020:Scenario_Hub_12x1_s00020_Aware:sim] still running... 180s elapsed
  [hub_12x1_s00016:Scenario_Hub_12x1_s00016_Aware:sim] still running... 360s elapsed
  [hub_12x1_s00017:Scenario_Hub_12x1_s00017_Aware:sim] still running... 360s elapsed
  [hub_12x1_s00021:Scenario_Hub_12x1_s00021_Aware:sim] still running... 180s elapsed
  [hub_12x1_s00023:Scenario_Hub_12x1_s00023_Aware:sim] still running... 90s elapsed
  [hub_12x1_s00018:Scenario_Hub_12x1_s00018_Aware:sim] still running... 360s elapsed
  [hub_12x1_s00022:Scenario_Hub_12x1_s00022_Aware:sim] still running... 180s elapsed
  [hub_12x1_s00019:Scenario_Hub_12x1_s00019_Aware:sim] still running... 300s elapsed
  [hub_12x1_s00020:Scenario_Hub_12x1_s00020_Aware:sim] still running... 210s elapsed
  [hub_12x1_s00016:Scenario_Hub_12x1_s00016_Aware:sim] still running... 390s elapsed
  [hub_12x1_s00017:Scenario_Hub_12x1_s00017_Aware:sim] still running... 390s elapsed
  [hub_12x1_s00021:Scenario_Hub_12x1_s00021_Aware:sim] still running... 210s elapsed
  [hub_12x1_s00023:Scenario_Hub_12x1_s00023_Aware:sim] still running... 120s elapsed
  [hub_12x1_s00018:Scenario_Hub_12x1_s00018_Aware:sim] still running... 390s elapsed
  [hub_12x1_s00022:Scenario_Hub_12x1_s00022_Aware:sim] still running... 210s elapsed
  [hub_12x1_s00019:Scenario_Hub_12x1_s00019_Aware:sim] still running... 330s elapsed
  [hub_12x1_s00020:Scenario_Hub_12x1_s00020_Aware:sim] still running... 240s elapsed
  [hub_12x1_s00016:Scenario_Hub_12x1_s00016_Aware:sim] still running... 420s elapsed
  [hub_12x1_s00017:Scenario_Hub_12x1_s00017_Aware:sim] still running... 420s elapsed
  [hub_12x1_s00021:Scenario_Hub_12x1_s00021_Aware:sim] still running... 240s elapsed
  [hub_12x1_s00023:Scenario_Hub_12x1_s00023_Aware:sim] still running... 150s elapsed
  [hub_12x1_s00018:Scenario_Hub_12x1_s00018_Aware:sim] still running... 420s elapsed
  [hub_12x1_s00022:Scenario_Hub_12x1_s00022_Aware:sim] still running... 240s elapsed
  [hub_12x1_s00019:Scenario_Hub_12x1_s00019_Aware:sim] still running... 360s elapsed
  [hub_12x1_s00020:Scenario_Hub_12x1_s00020_Aware:sim] still running... 270s elapsed
  [hub_12x1_s00021:Scenario_Hub_12x1_s00021_Aware:sim] still running... 270s elapsed
  [hub_12x1_s00023:Scenario_Hub_12x1_s00023_Aware:sim] still running... 180s elapsed
  [hub_12x1_s00016] Copied scalars: a91ce4e5-Scenario_Hub_12x1_s00016_Aware.sca
  [hub_12x1_s00016] Converting to Parquet...
  [hub_12x1_s00016] Created: a91ce4e5-Scenario_Hub_12x1_s00016_Aware.parquet
  [hub_12x1_s00016] Running Scenario_Hub_12x1_s00016_TrustRid...
  [hub_12x1_s00016:Scenario_Hub_12x1_s00016_TrustRid:sim] still running... 30s elapsed
  [hub_12x1_s00022:Scenario_Hub_12x1_s00022_Aware:sim] still running... 270s elapsed
  [hub_12x1_s00019:Scenario_Hub_12x1_s00019_Aware:sim] still running... 390s elapsed
  [hub_12x1_s00020:Scenario_Hub_12x1_s00020_Aware:sim] still running... 300s elapsed
  [hub_12x1_s00018] Copied scalars: f4fdd895-Scenario_Hub_12x1_s00018_Aware.sca
  [hub_12x1_s00018] Converting to Parquet...
  [hub_12x1_s00018] Created: f4fdd895-Scenario_Hub_12x1_s00018_Aware.parquet
  [hub_12x1_s00018] Running Scenario_Hub_12x1_s00018_TrustRid...
  [hub_12x1_s00018:Scenario_Hub_12x1_s00018_TrustRid:sim] still running... 30s elapsed
  [hub_12x1_s00017] Copied scalars: f3ba9ef8-Scenario_Hub_12x1_s00017_Aware.sca
  [hub_12x1_s00017] Converting to Parquet...
  [hub_12x1_s00017] Created: f3ba9ef8-Scenario_Hub_12x1_s00017_Aware.parquet
  [hub_12x1_s00017] Running Scenario_Hub_12x1_s00017_TrustRid...
  [hub_12x1_s00017:Scenario_Hub_12x1_s00017_TrustRid:sim] still running... 30s elapsed
  [hub_12x1_s00021:Scenario_Hub_12x1_s00021_Aware:sim] still running... 300s elapsed
  [hub_12x1_s00023:Scenario_Hub_12x1_s00023_Aware:sim] still running... 210s elapsed
  [hub_12x1_s00016] Copied scalars: a91ce4e5-Scenario_Hub_12x1_s00016_TrustRid.sca
  [hub_12x1_s00016] Converting to Parquet...
  [hub_12x1_s00016] Created: a91ce4e5-Scenario_Hub_12x1_s00016_TrustRid.parquet
  [hub_12x1_s00016] Complete
[1/1] hub_12x1_s00016 done (2 parquet)

Done — 2 parquet file(s) produced.
== Completed Scenario_Hub_12x1_s00016 in 496s ==
== Writing isolated INI: simulations/spoofing_aware_with_planning/sweeps/charts_store/paper_suite_30seeds_plus_steepz_v2/generated/hub_12x1_s00024/omnetpp.ini ==
Wrote simulations/spoofing_aware_with_planning/sweeps/charts_store/paper_suite_30seeds_plus_steepz_v2/generated/hub_12x1_s00024/omnetpp.ini
== Running Scenario_Hub_12x1_s00024 comparison ==
Running 1 scenario(s), 2 config(s), parallel=1
(Each scenario = one INI directory; progress prints when that directory finishes.)

[1/1] hub_12x1_s00024 ...
  [hub_12x1_s00018] Copied scalars: f4fdd895-Scenario_Hub_12x1_s00018_TrustRid.sca
  [hub_12x1_s00018] Converting to Parquet...
  [hub_12x1_s00018] Created: f4fdd895-Scenario_Hub_12x1_s00018_TrustRid.parquet
  [hub_12x1_s00018] Complete
[1/1] hub_12x1_s00018 done (2 parquet)

Done — 2 parquet file(s) produced.
== Completed Scenario_Hub_12x1_s00018 in 483s ==
== Writing isolated INI: simulations/spoofing_aware_with_planning/sweeps/charts_store/paper_suite_30seeds_plus_steepz_v2/generated/hub_12x1_s00025/omnetpp.ini ==
Wrote simulations/spoofing_aware_with_planning/sweeps/charts_store/paper_suite_30seeds_plus_steepz_v2/generated/hub_12x1_s00025/omnetpp.ini
== Running Scenario_Hub_12x1_s00025 comparison ==
Running 1 scenario(s), 2 config(s), parallel=1
(Each scenario = one INI directory; progress prints when that directory finishes.)

[1/1] hub_12x1_s00025 ...
  [hub_12x1_s00022:Scenario_Hub_12x1_s00022_Aware:sim] still running... 300s elapsed
  [hub_12x1_s00019:Scenario_Hub_12x1_s00019_Aware:sim] still running... 420s elapsed
  [hub_12x1_s00020:Scenario_Hub_12x1_s00020_Aware:sim] still running... 330s elapsed
  [hub_12x1_s00017:Scenario_Hub_12x1_s00017_TrustRid:sim] still running... 60s elapsed
  [hub_12x1_s00017] Copied scalars: f3ba9ef8-Scenario_Hub_12x1_s00017_TrustRid.sca
  [hub_12x1_s00017] Converting to Parquet...
  [hub_12x1_s00017] Created: f3ba9ef8-Scenario_Hub_12x1_s00017_TrustRid.parquet
  [hub_12x1_s00017] Complete
[1/1] hub_12x1_s00017 done (2 parquet)

Done — 2 parquet file(s) produced.
== Completed Scenario_Hub_12x1_s00017 in 513s ==
== Writing isolated INI: simulations/spoofing_aware_with_planning/sweeps/charts_store/paper_suite_30seeds_plus_steepz_v2/generated/hub_12x1_s00026/omnetpp.ini ==
Wrote simulations/spoofing_aware_with_planning/sweeps/charts_store/paper_suite_30seeds_plus_steepz_v2/generated/hub_12x1_s00026/omnetpp.ini
== Running Scenario_Hub_12x1_s00026 comparison ==
  [hub_12x1_s00021:Scenario_Hub_12x1_s00021_Aware:sim] still running... 330s elapsed
Running 1 scenario(s), 2 config(s), parallel=1
(Each scenario = one INI directory; progress prints when that directory finishes.)

[1/1] hub_12x1_s00026 ...
  [hub_12x1_s00023:Scenario_Hub_12x1_s00023_Aware:sim] still running... 240s elapsed
  [hub_12x1_s00024] Running Scenario_Hub_12x1_s00024_Aware...
  [hub_12x1_s00024:Scenario_Hub_12x1_s00024_Aware:sim] still running... 30s elapsed
  [hub_12x1_s00025] Running Scenario_Hub_12x1_s00025_Aware...
  [hub_12x1_s00025:Scenario_Hub_12x1_s00025_Aware:sim] still running... 30s elapsed
  [hub_12x1_s00022:Scenario_Hub_12x1_s00022_Aware:sim] still running... 330s elapsed
  [hub_12x1_s00020:Scenario_Hub_12x1_s00020_Aware:sim] still running... 360s elapsed
  [hub_12x1_s00019] Copied scalars: be9dfc08-Scenario_Hub_12x1_s00019_Aware.sca
  [hub_12x1_s00019] Converting to Parquet...
  [hub_12x1_s00019] Created: be9dfc08-Scenario_Hub_12x1_s00019_Aware.parquet
  [hub_12x1_s00019] Running Scenario_Hub_12x1_s00019_TrustRid...
  [hub_12x1_s00019:Scenario_Hub_12x1_s00019_TrustRid:sim] still running... 30s elapsed
  [hub_12x1_s00021:Scenario_Hub_12x1_s00021_Aware:sim] still running... 360s elapsed
  [hub_12x1_s00026] Running Scenario_Hub_12x1_s00026_Aware...
  [hub_12x1_s00026:Scenario_Hub_12x1_s00026_Aware:sim] still running... 30s elapsed
  [hub_12x1_s00023:Scenario_Hub_12x1_s00023_Aware:sim] still running... 270s elapsed
  [hub_12x1_s00024:Scenario_Hub_12x1_s00024_Aware:sim] still running... 60s elapsed
  [hub_12x1_s00025:Scenario_Hub_12x1_s00025_Aware:sim] still running... 60s elapsed
  [hub_12x1_s00022:Scenario_Hub_12x1_s00022_Aware:sim] still running... 360s elapsed
  [hub_12x1_s00019] Copied scalars: be9dfc08-Scenario_Hub_12x1_s00019_TrustRid.sca
  [hub_12x1_s00019] Converting to Parquet...
  [hub_12x1_s00019] Created: be9dfc08-Scenario_Hub_12x1_s00019_TrustRid.parquet
  [hub_12x1_s00019] Complete
[1/1] hub_12x1_s00019 done (2 parquet)

Done — 2 parquet file(s) produced.
== Completed Scenario_Hub_12x1_s00019 in 486s ==
== Writing isolated INI: simulations/spoofing_aware_with_planning/sweeps/charts_store/paper_suite_30seeds_plus_steepz_v2/generated/hub_12x1_s00027/omnetpp.ini ==
  [hub_12x1_s00020:Scenario_Hub_12x1_s00020_Aware:sim] still running... 390s elapsed
Wrote simulations/spoofing_aware_with_planning/sweeps/charts_store/paper_suite_30seeds_plus_steepz_v2/generated/hub_12x1_s00027/omnetpp.ini
== Running Scenario_Hub_12x1_s00027 comparison ==
Running 1 scenario(s), 2 config(s), parallel=1
(Each scenario = one INI directory; progress prints when that directory finishes.)

[1/1] hub_12x1_s00027 ...
  [hub_12x1_s00021:Scenario_Hub_12x1_s00021_Aware:sim] still running... 390s elapsed
  [hub_12x1_s00026:Scenario_Hub_12x1_s00026_Aware:sim] still running... 60s elapsed
  [hub_12x1_s00023:Scenario_Hub_12x1_s00023_Aware:sim] still running... 300s elapsed
  [hub_12x1_s00024:Scenario_Hub_12x1_s00024_Aware:sim] still running... 90s elapsed
  [hub_12x1_s00025:Scenario_Hub_12x1_s00025_Aware:sim] still running... 90s elapsed
  [hub_12x1_s00022:Scenario_Hub_12x1_s00022_Aware:sim] still running... 390s elapsed
  [hub_12x1_s00020:Scenario_Hub_12x1_s00020_Aware:sim] still running... 420s elapsed
  [hub_12x1_s00027] Running Scenario_Hub_12x1_s00027_Aware...
  [hub_12x1_s00027:Scenario_Hub_12x1_s00027_Aware:sim] still running... 30s elapsed
  [hub_12x1_s00021:Scenario_Hub_12x1_s00021_Aware:sim] still running... 420s elapsed
  [hub_12x1_s00026:Scenario_Hub_12x1_s00026_Aware:sim] still running... 90s elapsed
  [hub_12x1_s00023:Scenario_Hub_12x1_s00023_Aware:sim] still running... 330s elapsed
  [hub_12x1_s00024:Scenario_Hub_12x1_s00024_Aware:sim] still running... 120s elapsed
  [hub_12x1_s00025:Scenario_Hub_12x1_s00025_Aware:sim] still running... 120s elapsed
  [hub_12x1_s00022:Scenario_Hub_12x1_s00022_Aware:sim] still running... 420s elapsed
  [hub_12x1_s00027:Scenario_Hub_12x1_s00027_Aware:sim] still running... 60s elapsed
  [hub_12x1_s00026:Scenario_Hub_12x1_s00026_Aware:sim] still running... 120s elapsed
  [hub_12x1_s00023:Scenario_Hub_12x1_s00023_Aware:sim] still running... 360s elapsed
  [hub_12x1_s00024:Scenario_Hub_12x1_s00024_Aware:sim] still running... 150s elapsed
  [hub_12x1_s00025:Scenario_Hub_12x1_s00025_Aware:sim] still running... 150s elapsed
  [hub_12x1_s00021] Copied scalars: 6baebf27-Scenario_Hub_12x1_s00021_Aware.sca
  [hub_12x1_s00021] Converting to Parquet...
  [hub_12x1_s00021] Created: 6baebf27-Scenario_Hub_12x1_s00021_Aware.parquet
  [hub_12x1_s00021] Running Scenario_Hub_12x1_s00021_TrustRid...
  [hub_12x1_s00021:Scenario_Hub_12x1_s00021_TrustRid:sim] still running... 30s elapsed
  [hub_12x1_s00022:Scenario_Hub_12x1_s00022_Aware:sim] still running... 450s elapsed
  [hub_12x1_s00020] Copied scalars: 24365e3f-Scenario_Hub_12x1_s00020_Aware.sca
  [hub_12x1_s00020] Converting to Parquet...
  [hub_12x1_s00020] Created: 24365e3f-Scenario_Hub_12x1_s00020_Aware.parquet
  [hub_12x1_s00020] Running Scenario_Hub_12x1_s00020_TrustRid...
  [hub_12x1_s00020:Scenario_Hub_12x1_s00020_TrustRid:sim] still running... 30s elapsed
  [hub_12x1_s00027:Scenario_Hub_12x1_s00027_Aware:sim] still running... 90s elapsed
  [hub_12x1_s00021] Copied scalars: 6baebf27-Scenario_Hub_12x1_s00021_TrustRid.sca
  [hub_12x1_s00021] Converting to Parquet...
  [hub_12x1_s00021] Created: 6baebf27-Scenario_Hub_12x1_s00021_TrustRid.parquet
  [hub_12x1_s00021] Complete
[1/1] hub_12x1_s00021 done (2 parquet)

Done — 2 parquet file(s) produced.
== Completed Scenario_Hub_12x1_s00021 in 476s ==
== Writing isolated INI: simulations/spoofing_aware_with_planning/sweeps/charts_store/paper_suite_30seeds_plus_steepz_v2/generated/hub_12x1_s00028/omnetpp.ini ==
Wrote simulations/spoofing_aware_with_planning/sweeps/charts_store/paper_suite_30seeds_plus_steepz_v2/generated/hub_12x1_s00028/omnetpp.ini
== Running Scenario_Hub_12x1_s00028 comparison ==
Running 1 scenario(s), 2 config(s), parallel=1
(Each scenario = one INI directory; progress prints when that directory finishes.)

[1/1] hub_12x1_s00028 ...
  [hub_12x1_s00026:Scenario_Hub_12x1_s00026_Aware:sim] still running... 150s elapsed
  [hub_12x1_s00020] Copied scalars: 24365e3f-Scenario_Hub_12x1_s00020_TrustRid.sca
  [hub_12x1_s00020] Converting to Parquet...
  [hub_12x1_s00020] Created: 24365e3f-Scenario_Hub_12x1_s00020_TrustRid.parquet
  [hub_12x1_s00020] Complete
[1/1] hub_12x1_s00020 done (2 parquet)

Done — 2 parquet file(s) produced.
== Completed Scenario_Hub_12x1_s00020 in 495s ==
== Writing isolated INI: simulations/spoofing_aware_with_planning/sweeps/charts_store/paper_suite_30seeds_plus_steepz_v2/generated/hub_12x1_s00029/omnetpp.ini ==
Wrote simulations/spoofing_aware_with_planning/sweeps/charts_store/paper_suite_30seeds_plus_steepz_v2/generated/hub_12x1_s00029/omnetpp.ini
== Running Scenario_Hub_12x1_s00029 comparison ==
Running 1 scenario(s), 2 config(s), parallel=1
(Each scenario = one INI directory; progress prints when that directory finishes.)

[1/1] hub_12x1_s00029 ...
  [hub_12x1_s00023:Scenario_Hub_12x1_s00023_Aware:sim] still running... 390s elapsed
  [hub_12x1_s00024:Scenario_Hub_12x1_s00024_Aware:sim] still running... 180s elapsed
  [hub_12x1_s00025:Scenario_Hub_12x1_s00025_Aware:sim] still running... 180s elapsed
  [hub_12x1_s00027:Scenario_Hub_12x1_s00027_Aware:sim] still running... 120s elapsed
  [hub_12x1_s00022] Copied scalars: 6c2a4df7-Scenario_Hub_12x1_s00022_Aware.sca
  [hub_12x1_s00022] Converting to Parquet...
  [hub_12x1_s00022] Created: 6c2a4df7-Scenario_Hub_12x1_s00022_Aware.parquet
  [hub_12x1_s00022] Running Scenario_Hub_12x1_s00022_TrustRid...
  [hub_12x1_s00022:Scenario_Hub_12x1_s00022_TrustRid:sim] still running... 30s elapsed
  [hub_12x1_s00028] Running Scenario_Hub_12x1_s00028_Aware...
  [hub_12x1_s00028:Scenario_Hub_12x1_s00028_Aware:sim] still running... 30s elapsed
  [hub_12x1_s00026:Scenario_Hub_12x1_s00026_Aware:sim] still running... 180s elapsed
  [hub_12x1_s00029] Running Scenario_Hub_12x1_s00029_Aware...
  [hub_12x1_s00029:Scenario_Hub_12x1_s00029_Aware:sim] still running... 30s elapsed
  [hub_12x1_s00023:Scenario_Hub_12x1_s00023_Aware:sim] still running... 420s elapsed
  [hub_12x1_s00024:Scenario_Hub_12x1_s00024_Aware:sim] still running... 210s elapsed
  [hub_12x1_s00025:Scenario_Hub_12x1_s00025_Aware:sim] still running... 210s elapsed
  [hub_12x1_s00027:Scenario_Hub_12x1_s00027_Aware:sim] still running... 150s elapsed
  [hub_12x1_s00022:Scenario_Hub_12x1_s00022_TrustRid:sim] still running... 60s elapsed
  [hub_12x1_s00028:Scenario_Hub_12x1_s00028_Aware:sim] still running... 60s elapsed
  [hub_12x1_s00022] Copied scalars: 6c2a4df7-Scenario_Hub_12x1_s00022_TrustRid.sca
  [hub_12x1_s00022] Converting to Parquet...
  [hub_12x1_s00022] Created: 6c2a4df7-Scenario_Hub_12x1_s00022_TrustRid.parquet
  [hub_12x1_s00022] Complete
[1/1] hub_12x1_s00022 done (2 parquet)

Done — 2 parquet file(s) produced.
== Completed Scenario_Hub_12x1_s00022 in 529s ==
== Writing isolated INI: simulations/spoofing_aware_with_planning/sweeps/charts_store/paper_suite_30seeds_plus_steepz_v2/generated/steepz_8x1_s00000/omnetpp.ini ==
Wrote simulations/spoofing_aware_with_planning/sweeps/charts_store/paper_suite_30seeds_plus_steepz_v2/generated/steepz_8x1_s00000/omnetpp.ini
== Running Scenario_SteepZ_8x1_s00000 comparison ==
Running 1 scenario(s), 2 config(s), parallel=1
(Each scenario = one INI directory; progress prints when that directory finishes.)

[1/1] steepz_8x1_s00000 ...
  [hub_12x1_s00026:Scenario_Hub_12x1_s00026_Aware:sim] still running... 210s elapsed
  [hub_12x1_s00029:Scenario_Hub_12x1_s00029_Aware:sim] still running... 60s elapsed
  [hub_12x1_s00024:Scenario_Hub_12x1_s00024_Aware:sim] still running... 240s elapsed
  [hub_12x1_s00025:Scenario_Hub_12x1_s00025_Aware:sim] still running... 240s elapsed
  [hub_12x1_s00027:Scenario_Hub_12x1_s00027_Aware:sim] still running... 180s elapsed
  [hub_12x1_s00023] Copied scalars: eb088c34-Scenario_Hub_12x1_s00023_Aware.sca
  [hub_12x1_s00023] Converting to Parquet...
  [hub_12x1_s00023] Created: eb088c34-Scenario_Hub_12x1_s00023_Aware.parquet
  [hub_12x1_s00023] Running Scenario_Hub_12x1_s00023_TrustRid...
  [hub_12x1_s00023:Scenario_Hub_12x1_s00023_TrustRid:sim] still running... 30s elapsed
  [hub_12x1_s00028:Scenario_Hub_12x1_s00028_Aware:sim] still running... 90s elapsed
  [steepz_8x1_s00000] Running Scenario_SteepZ_8x1_s00000_Aware...
  [steepz_8x1_s00000:Scenario_SteepZ_8x1_s00000_Aware:sim] still running... 30s elapsed
  [hub_12x1_s00026:Scenario_Hub_12x1_s00026_Aware:sim] still running... 240s elapsed
  [hub_12x1_s00029:Scenario_Hub_12x1_s00029_Aware:sim] still running... 90s elapsed
  [hub_12x1_s00024:Scenario_Hub_12x1_s00024_Aware:sim] still running... 270s elapsed
  [hub_12x1_s00025:Scenario_Hub_12x1_s00025_Aware:sim] still running... 270s elapsed
  [hub_12x1_s00023] Copied scalars: eb088c34-Scenario_Hub_12x1_s00023_TrustRid.sca
  [hub_12x1_s00023] Converting to Parquet...
  [hub_12x1_s00023] Created: eb088c34-Scenario_Hub_12x1_s00023_TrustRid.parquet
  [hub_12x1_s00023] Complete
[1/1] hub_12x1_s00023 done (2 parquet)

Done — 2 parquet file(s) produced.
== Completed Scenario_Hub_12x1_s00023 in 495s ==
== Writing isolated INI: simulations/spoofing_aware_with_planning/sweeps/charts_store/paper_suite_30seeds_plus_steepz_v2/generated/steepz_8x1_s00001/omnetpp.ini ==
Wrote simulations/spoofing_aware_with_planning/sweeps/charts_store/paper_suite_30seeds_plus_steepz_v2/generated/steepz_8x1_s00001/omnetpp.ini
== Running Scenario_SteepZ_8x1_s00001 comparison ==
Running 1 scenario(s), 2 config(s), parallel=1
(Each scenario = one INI directory; progress prints when that directory finishes.)

[1/1] steepz_8x1_s00001 ...
  [hub_12x1_s00027:Scenario_Hub_12x1_s00027_Aware:sim] still running... 210s elapsed
  [hub_12x1_s00028:Scenario_Hub_12x1_s00028_Aware:sim] still running... 120s elapsed
  [steepz_8x1_s00000:Scenario_SteepZ_8x1_s00000_Aware:sim] still running... 60s elapsed
  [hub_12x1_s00026:Scenario_Hub_12x1_s00026_Aware:sim] still running... 270s elapsed
  [hub_12x1_s00029:Scenario_Hub_12x1_s00029_Aware:sim] still running... 120s elapsed
  [hub_12x1_s00024:Scenario_Hub_12x1_s00024_Aware:sim] still running... 300s elapsed
  [hub_12x1_s00025:Scenario_Hub_12x1_s00025_Aware:sim] still running... 300s elapsed
  [steepz_8x1_s00001] Running Scenario_SteepZ_8x1_s00001_Aware...
  [steepz_8x1_s00001:Scenario_SteepZ_8x1_s00001_Aware:sim] still running... 30s elapsed
  [hub_12x1_s00027:Scenario_Hub_12x1_s00027_Aware:sim] still running... 240s elapsed
  [hub_12x1_s00028:Scenario_Hub_12x1_s00028_Aware:sim] still running... 150s elapsed
  [steepz_8x1_s00000:Scenario_SteepZ_8x1_s00000_Aware:sim] still running... 90s elapsed
  [hub_12x1_s00026:Scenario_Hub_12x1_s00026_Aware:sim] still running... 300s elapsed
  [hub_12x1_s00029:Scenario_Hub_12x1_s00029_Aware:sim] still running... 150s elapsed
  [hub_12x1_s00024:Scenario_Hub_12x1_s00024_Aware:sim] still running... 330s elapsed
  [hub_12x1_s00025:Scenario_Hub_12x1_s00025_Aware:sim] still running... 330s elapsed
  [steepz_8x1_s00001:Scenario_SteepZ_8x1_s00001_Aware:sim] still running... 60s elapsed
  [hub_12x1_s00027:Scenario_Hub_12x1_s00027_Aware:sim] still running... 270s elapsed
  [hub_12x1_s00028:Scenario_Hub_12x1_s00028_Aware:sim] still running... 180s elapsed
  [steepz_8x1_s00000:Scenario_SteepZ_8x1_s00000_Aware:sim] still running... 120s elapsed
  [hub_12x1_s00026:Scenario_Hub_12x1_s00026_Aware:sim] still running... 330s elapsed
  [hub_12x1_s00029:Scenario_Hub_12x1_s00029_Aware:sim] still running... 180s elapsed
  [hub_12x1_s00024:Scenario_Hub_12x1_s00024_Aware:sim] still running... 360s elapsed
  [hub_12x1_s00025:Scenario_Hub_12x1_s00025_Aware:sim] still running... 360s elapsed
  [steepz_8x1_s00001:Scenario_SteepZ_8x1_s00001_Aware:sim] still running... 90s elapsed
  [hub_12x1_s00027:Scenario_Hub_12x1_s00027_Aware:sim] still running... 300s elapsed
  [hub_12x1_s00028:Scenario_Hub_12x1_s00028_Aware:sim] still running... 210s elapsed
  [steepz_8x1_s00000:Scenario_SteepZ_8x1_s00000_Aware:sim] still running... 150s elapsed
  [hub_12x1_s00026:Scenario_Hub_12x1_s00026_Aware:sim] still running... 360s elapsed
  [hub_12x1_s00029:Scenario_Hub_12x1_s00029_Aware:sim] still running... 210s elapsed
  [hub_12x1_s00024:Scenario_Hub_12x1_s00024_Aware:sim] still running... 390s elapsed
  [hub_12x1_s00025:Scenario_Hub_12x1_s00025_Aware:sim] still running... 390s elapsed
  [steepz_8x1_s00001:Scenario_SteepZ_8x1_s00001_Aware:sim] still running... 120s elapsed
  [hub_12x1_s00027:Scenario_Hub_12x1_s00027_Aware:sim] still running... 330s elapsed
  [hub_12x1_s00028:Scenario_Hub_12x1_s00028_Aware:sim] still running... 240s elapsed
  [steepz_8x1_s00000:Scenario_SteepZ_8x1_s00000_Aware:sim] still running... 180s elapsed
  [hub_12x1_s00026:Scenario_Hub_12x1_s00026_Aware:sim] still running... 390s elapsed
  [hub_12x1_s00029:Scenario_Hub_12x1_s00029_Aware:sim] still running... 240s elapsed
  [hub_12x1_s00024:Scenario_Hub_12x1_s00024_Aware:sim] still running... 420s elapsed
  [hub_12x1_s00025:Scenario_Hub_12x1_s00025_Aware:sim] still running... 420s elapsed
  [steepz_8x1_s00001:Scenario_SteepZ_8x1_s00001_Aware:sim] still running... 150s elapsed
  [hub_12x1_s00027:Scenario_Hub_12x1_s00027_Aware:sim] still running... 360s elapsed
  [hub_12x1_s00028:Scenario_Hub_12x1_s00028_Aware:sim] still running... 270s elapsed
  [steepz_8x1_s00000:Scenario_SteepZ_8x1_s00000_Aware:sim] still running... 210s elapsed
  [hub_12x1_s00026:Scenario_Hub_12x1_s00026_Aware:sim] still running... 420s elapsed
  [hub_12x1_s00029:Scenario_Hub_12x1_s00029_Aware:sim] still running... 270s elapsed
  [steepz_8x1_s00001:Scenario_SteepZ_8x1_s00001_Aware:sim] still running... 180s elapsed
  [hub_12x1_s00027:Scenario_Hub_12x1_s00027_Aware:sim] still running... 390s elapsed
  [hub_12x1_s00024] Copied scalars: ecbdb745-Scenario_Hub_12x1_s00024_Aware.sca
  [hub_12x1_s00024] Converting to Parquet...
  [hub_12x1_s00024] Created: ecbdb745-Scenario_Hub_12x1_s00024_Aware.parquet
  [hub_12x1_s00024] Running Scenario_Hub_12x1_s00024_TrustRid...
  [hub_12x1_s00024:Scenario_Hub_12x1_s00024_TrustRid:sim] still running... 30s elapsed
  [hub_12x1_s00028:Scenario_Hub_12x1_s00028_Aware:sim] still running... 300s elapsed
  [steepz_8x1_s00000:Scenario_SteepZ_8x1_s00000_Aware:sim] still running... 240s elapsed
  [hub_12x1_s00029:Scenario_Hub_12x1_s00029_Aware:sim] still running... 300s elapsed
  [hub_12x1_s00025] Copied scalars: a5ade468-Scenario_Hub_12x1_s00025_Aware.sca
  [hub_12x1_s00025] Converting to Parquet...
  [hub_12x1_s00025] Created: a5ade468-Scenario_Hub_12x1_s00025_Aware.parquet
  [hub_12x1_s00025] Running Scenario_Hub_12x1_s00025_TrustRid...
  [hub_12x1_s00025:Scenario_Hub_12x1_s00025_TrustRid:sim] still running... 30s elapsed
  [hub_12x1_s00024] Copied scalars: ecbdb745-Scenario_Hub_12x1_s00024_TrustRid.sca
  [hub_12x1_s00024] Converting to Parquet...
  [hub_12x1_s00024] Created: ecbdb745-Scenario_Hub_12x1_s00024_TrustRid.parquet
  [hub_12x1_s00024] Complete
[1/1] hub_12x1_s00024 done (2 parquet)

Done — 2 parquet file(s) produced.
== Completed Scenario_Hub_12x1_s00024 in 485s ==
== Writing isolated INI: simulations/spoofing_aware_with_planning/sweeps/charts_store/paper_suite_30seeds_plus_steepz_v2/generated/steepz_8x1_s00002/omnetpp.ini ==
Wrote simulations/spoofing_aware_with_planning/sweeps/charts_store/paper_suite_30seeds_plus_steepz_v2/generated/steepz_8x1_s00002/omnetpp.ini
== Running Scenario_SteepZ_8x1_s00002 comparison ==
Running 1 scenario(s), 2 config(s), parallel=1
(Each scenario = one INI directory; progress prints when that directory finishes.)

[1/1] steepz_8x1_s00002 ...
  [steepz_8x1_s00001:Scenario_SteepZ_8x1_s00001_Aware:sim] still running... 210s elapsed
  [hub_12x1_s00027:Scenario_Hub_12x1_s00027_Aware:sim] still running... 420s elapsed
  [hub_12x1_s00028:Scenario_Hub_12x1_s00028_Aware:sim] still running... 330s elapsed
  [hub_12x1_s00026] Copied scalars: 0ae8d78f-Scenario_Hub_12x1_s00026_Aware.sca
  [hub_12x1_s00026] Converting to Parquet...
  [hub_12x1_s00026] Created: 0ae8d78f-Scenario_Hub_12x1_s00026_Aware.parquet
  [hub_12x1_s00026] Running Scenario_Hub_12x1_s00026_TrustRid...
  [hub_12x1_s00026:Scenario_Hub_12x1_s00026_TrustRid:sim] still running... 30s elapsed
  [hub_12x1_s00029:Scenario_Hub_12x1_s00029_Aware:sim] still running... 330s elapsed
  [hub_12x1_s00025] Copied scalars: a5ade468-Scenario_Hub_12x1_s00025_TrustRid.sca
  [hub_12x1_s00025] Converting to Parquet...
  [hub_12x1_s00025] Created: a5ade468-Scenario_Hub_12x1_s00025_TrustRid.parquet
  [hub_12x1_s00025] Complete
[1/1] hub_12x1_s00025 done (2 parquet)

Done — 2 parquet file(s) produced.
== Completed Scenario_Hub_12x1_s00025 in 506s ==
== Writing isolated INI: simulations/spoofing_aware_with_planning/sweeps/charts_store/paper_suite_30seeds_plus_steepz_v2/generated/steepz_8x1_s00003/omnetpp.ini ==
Wrote simulations/spoofing_aware_with_planning/sweeps/charts_store/paper_suite_30seeds_plus_steepz_v2/generated/steepz_8x1_s00003/omnetpp.ini
== Running Scenario_SteepZ_8x1_s00003 comparison ==
Running 1 scenario(s), 2 config(s), parallel=1
(Each scenario = one INI directory; progress prints when that directory finishes.)

[1/1] steepz_8x1_s00003 ...
  [steepz_8x1_s00002] Running Scenario_SteepZ_8x1_s00002_Aware...
  [steepz_8x1_s00002:Scenario_SteepZ_8x1_s00002_Aware:sim] still running... 30s elapsed
  [steepz_8x1_s00001:Scenario_SteepZ_8x1_s00001_Aware:sim] still running... 240s elapsed
  [steepz_8x1_s00000] Copied scalars: 602f6f89-Scenario_SteepZ_8x1_s00000_Aware.sca
  [steepz_8x1_s00000] Converting to Parquet...
  [steepz_8x1_s00000] Created: 602f6f89-Scenario_SteepZ_8x1_s00000_Aware.parquet
  [steepz_8x1_s00000] Running Scenario_SteepZ_8x1_s00000_TrustRid...
  [steepz_8x1_s00000] Copied scalars: 602f6f89-Scenario_SteepZ_8x1_s00000_TrustRid.sca
  [steepz_8x1_s00000] Converting to Parquet...
  [steepz_8x1_s00000] Created: 602f6f89-Scenario_SteepZ_8x1_s00000_TrustRid.parquet
  [steepz_8x1_s00000] Complete
[1/1] steepz_8x1_s00000 done (2 parquet)

Done — 2 parquet file(s) produced.
== Completed Scenario_SteepZ_8x1_s00000 in 290s ==
== Writing isolated INI: simulations/spoofing_aware_with_planning/sweeps/charts_store/paper_suite_30seeds_plus_steepz_v2/generated/steepz_8x1_s00004/omnetpp.ini ==
Wrote simulations/spoofing_aware_with_planning/sweeps/charts_store/paper_suite_30seeds_plus_steepz_v2/generated/steepz_8x1_s00004/omnetpp.ini
== Running Scenario_SteepZ_8x1_s00004 comparison ==
Running 1 scenario(s), 2 config(s), parallel=1
(Each scenario = one INI directory; progress prints when that directory finishes.)

[1/1] steepz_8x1_s00004 ...
  [hub_12x1_s00026] Copied scalars: 0ae8d78f-Scenario_Hub_12x1_s00026_TrustRid.sca
  [hub_12x1_s00026] Converting to Parquet...
  [hub_12x1_s00026] Created: 0ae8d78f-Scenario_Hub_12x1_s00026_TrustRid.parquet
  [hub_12x1_s00026] Complete
[1/1] hub_12x1_s00026 done (2 parquet)

Done — 2 parquet file(s) produced.
== Completed Scenario_Hub_12x1_s00026 in 507s ==
== Writing isolated INI: simulations/spoofing_aware_with_planning/sweeps/charts_store/paper_suite_30seeds_plus_steepz_v2/generated/steepz_8x1_s00005/omnetpp.ini ==
Wrote simulations/spoofing_aware_with_planning/sweeps/charts_store/paper_suite_30seeds_plus_steepz_v2/generated/steepz_8x1_s00005/omnetpp.ini
== Running Scenario_SteepZ_8x1_s00005 comparison ==
  [hub_12x1_s00028:Scenario_Hub_12x1_s00028_Aware:sim] still running... 360s elapsed
Running 1 scenario(s), 2 config(s), parallel=1
(Each scenario = one INI directory; progress prints when that directory finishes.)

[1/1] steepz_8x1_s00005 ...
  [hub_12x1_s00029:Scenario_Hub_12x1_s00029_Aware:sim] still running... 360s elapsed
  [steepz_8x1_s00003] Running Scenario_SteepZ_8x1_s00003_Aware...
  [steepz_8x1_s00003:Scenario_SteepZ_8x1_s00003_Aware:sim] still running... 30s elapsed
  [steepz_8x1_s00002:Scenario_SteepZ_8x1_s00002_Aware:sim] still running... 60s elapsed
  [hub_12x1_s00027] Copied scalars: 69a2ce3b-Scenario_Hub_12x1_s00027_Aware.sca
  [hub_12x1_s00027] Converting to Parquet...
  [hub_12x1_s00027] Created: 69a2ce3b-Scenario_Hub_12x1_s00027_Aware.parquet
  [hub_12x1_s00027] Running Scenario_Hub_12x1_s00027_TrustRid...
  [hub_12x1_s00027:Scenario_Hub_12x1_s00027_TrustRid:sim] still running... 30s elapsed
  [steepz_8x1_s00004] Running Scenario_SteepZ_8x1_s00004_Aware...
  [steepz_8x1_s00004:Scenario_SteepZ_8x1_s00004_Aware:sim] still running... 30s elapsed
  [hub_12x1_s00028:Scenario_Hub_12x1_s00028_Aware:sim] still running... 390s elapsed
  [steepz_8x1_s00005] Running Scenario_SteepZ_8x1_s00005_Aware...
  [steepz_8x1_s00005:Scenario_SteepZ_8x1_s00005_Aware:sim] still running... 30s elapsed
  [hub_12x1_s00027] Copied scalars: 69a2ce3b-Scenario_Hub_12x1_s00027_TrustRid.sca
  [hub_12x1_s00027] Converting to Parquet...
  [hub_12x1_s00027] Created: 69a2ce3b-Scenario_Hub_12x1_s00027_TrustRid.parquet
  [hub_12x1_s00027] Complete
[1/1] hub_12x1_s00027 done (2 parquet)

Done — 2 parquet file(s) produced.
== Completed Scenario_Hub_12x1_s00027 in 495s ==
== Writing isolated INI: simulations/spoofing_aware_with_planning/sweeps/charts_store/paper_suite_30seeds_plus_steepz_v2/generated/steepz_8x1_s00006/omnetpp.ini ==
Wrote simulations/spoofing_aware_with_planning/sweeps/charts_store/paper_suite_30seeds_plus_steepz_v2/generated/steepz_8x1_s00006/omnetpp.ini
== Running Scenario_SteepZ_8x1_s00006 comparison ==
  [hub_12x1_s00029:Scenario_Hub_12x1_s00029_Aware:sim] still running... 390s elapsed
Running 1 scenario(s), 2 config(s), parallel=1
(Each scenario = one INI directory; progress prints when that directory finishes.)

[1/1] steepz_8x1_s00006 ...
  [steepz_8x1_s00003:Scenario_SteepZ_8x1_s00003_Aware:sim] still running... 60s elapsed
  [steepz_8x1_s00002:Scenario_SteepZ_8x1_s00002_Aware:sim] still running... 90s elapsed
  [steepz_8x1_s00001] Copied scalars: 7f98cd2a-Scenario_SteepZ_8x1_s00001_Aware.sca
  [steepz_8x1_s00001] Converting to Parquet...
  [steepz_8x1_s00001] Created: 7f98cd2a-Scenario_SteepZ_8x1_s00001_Aware.parquet
  [steepz_8x1_s00001] Running Scenario_SteepZ_8x1_s00001_TrustRid...
  [steepz_8x1_s00001:Scenario_SteepZ_8x1_s00001_TrustRid:sim] still running... 30s elapsed
  [steepz_8x1_s00001] Copied scalars: 7f98cd2a-Scenario_SteepZ_8x1_s00001_TrustRid.sca
  [steepz_8x1_s00001] Converting to Parquet...
  [steepz_8x1_s00001] Created: 7f98cd2a-Scenario_SteepZ_8x1_s00001_TrustRid.parquet
  [steepz_8x1_s00001] Complete
[1/1] steepz_8x1_s00001 done (2 parquet)

Done — 2 parquet file(s) produced.
== Completed Scenario_SteepZ_8x1_s00001 in 301s ==
== Writing isolated INI: simulations/spoofing_aware_with_planning/sweeps/charts_store/paper_suite_30seeds_plus_steepz_v2/generated/steepz_8x1_s00007/omnetpp.ini ==
Wrote simulations/spoofing_aware_with_planning/sweeps/charts_store/paper_suite_30seeds_plus_steepz_v2/generated/steepz_8x1_s00007/omnetpp.ini
== Running Scenario_SteepZ_8x1_s00007 comparison ==
Running 1 scenario(s), 2 config(s), parallel=1
(Each scenario = one INI directory; progress prints when that directory finishes.)

[1/1] steepz_8x1_s00007 ...
  [steepz_8x1_s00004:Scenario_SteepZ_8x1_s00004_Aware:sim] still running... 60s elapsed
  [hub_12x1_s00028:Scenario_Hub_12x1_s00028_Aware:sim] still running... 420s elapsed
  [steepz_8x1_s00005:Scenario_SteepZ_8x1_s00005_Aware:sim] still running... 60s elapsed
  [hub_12x1_s00029:Scenario_Hub_12x1_s00029_Aware:sim] still running... 420s elapsed
  [steepz_8x1_s00006] Running Scenario_SteepZ_8x1_s00006_Aware...
  [steepz_8x1_s00006:Scenario_SteepZ_8x1_s00006_Aware:sim] still running... 30s elapsed
  [steepz_8x1_s00003:Scenario_SteepZ_8x1_s00003_Aware:sim] still running... 90s elapsed
  [steepz_8x1_s00002:Scenario_SteepZ_8x1_s00002_Aware:sim] still running... 120s elapsed
  [steepz_8x1_s00007] Running Scenario_SteepZ_8x1_s00007_Aware...
  [steepz_8x1_s00007:Scenario_SteepZ_8x1_s00007_Aware:sim] still running... 30s elapsed
  [steepz_8x1_s00004:Scenario_SteepZ_8x1_s00004_Aware:sim] still running... 90s elapsed
  [hub_12x1_s00028:Scenario_Hub_12x1_s00028_Aware:sim] still running... 450s elapsed
  [steepz_8x1_s00005:Scenario_SteepZ_8x1_s00005_Aware:sim] still running... 90s elapsed
  [steepz_8x1_s00006:Scenario_SteepZ_8x1_s00006_Aware:sim] still running... 60s elapsed
  [steepz_8x1_s00003:Scenario_SteepZ_8x1_s00003_Aware:sim] still running... 120s elapsed
  [steepz_8x1_s00002:Scenario_SteepZ_8x1_s00002_Aware:sim] still running... 150s elapsed
  [steepz_8x1_s00007:Scenario_SteepZ_8x1_s00007_Aware:sim] still running... 60s elapsed
  [steepz_8x1_s00004:Scenario_SteepZ_8x1_s00004_Aware:sim] still running... 120s elapsed
  [hub_12x1_s00029] Copied scalars: 0b50f38b-Scenario_Hub_12x1_s00029_Aware.sca
  [hub_12x1_s00029] Converting to Parquet...
  [hub_12x1_s00029] Created: 0b50f38b-Scenario_Hub_12x1_s00029_Aware.parquet
  [hub_12x1_s00029] Running Scenario_Hub_12x1_s00029_TrustRid...
  [hub_12x1_s00029:Scenario_Hub_12x1_s00029_TrustRid:sim] still running... 30s elapsed
  [hub_12x1_s00028:Scenario_Hub_12x1_s00028_Aware:sim] still running... 480s elapsed
  [steepz_8x1_s00005:Scenario_SteepZ_8x1_s00005_Aware:sim] still running... 120s elapsed
  [steepz_8x1_s00006:Scenario_SteepZ_8x1_s00006_Aware:sim] still running... 90s elapsed
  [steepz_8x1_s00003:Scenario_SteepZ_8x1_s00003_Aware:sim] still running... 150s elapsed
  [steepz_8x1_s00002:Scenario_SteepZ_8x1_s00002_Aware:sim] still running... 180s elapsed
  [steepz_8x1_s00007:Scenario_SteepZ_8x1_s00007_Aware:sim] still running... 90s elapsed
  [steepz_8x1_s00004:Scenario_SteepZ_8x1_s00004_Aware:sim] still running... 150s elapsed
  [hub_12x1_s00029] Copied scalars: 0b50f38b-Scenario_Hub_12x1_s00029_TrustRid.sca
  [hub_12x1_s00029] Converting to Parquet...
  [hub_12x1_s00029] Created: 0b50f38b-Scenario_Hub_12x1_s00029_TrustRid.parquet
  [hub_12x1_s00029] Complete
[1/1] hub_12x1_s00029 done (2 parquet)

Done — 2 parquet file(s) produced.
== Completed Scenario_Hub_12x1_s00029 in 500s ==
== Writing isolated INI: simulations/spoofing_aware_with_planning/sweeps/charts_store/paper_suite_30seeds_plus_steepz_v2/generated/steepz_8x1_s00008/omnetpp.ini ==
Wrote simulations/spoofing_aware_with_planning/sweeps/charts_store/paper_suite_30seeds_plus_steepz_v2/generated/steepz_8x1_s00008/omnetpp.ini
== Running Scenario_SteepZ_8x1_s00008 comparison ==
Running 1 scenario(s), 2 config(s), parallel=1
(Each scenario = one INI directory; progress prints when that directory finishes.)

[1/1] steepz_8x1_s00008 ...
  [steepz_8x1_s00005:Scenario_SteepZ_8x1_s00005_Aware:sim] still running... 150s elapsed
  [hub_12x1_s00028] Copied scalars: 0ad789de-Scenario_Hub_12x1_s00028_Aware.sca
  [hub_12x1_s00028] Converting to Parquet...
  [hub_12x1_s00028] Created: 0ad789de-Scenario_Hub_12x1_s00028_Aware.parquet
  [hub_12x1_s00028] Running Scenario_Hub_12x1_s00028_TrustRid...
  [hub_12x1_s00028:Scenario_Hub_12x1_s00028_TrustRid:sim] still running... 30s elapsed
  [steepz_8x1_s00006:Scenario_SteepZ_8x1_s00006_Aware:sim] still running... 120s elapsed
  [steepz_8x1_s00003:Scenario_SteepZ_8x1_s00003_Aware:sim] still running... 180s elapsed
  [steepz_8x1_s00002:Scenario_SteepZ_8x1_s00002_Aware:sim] still running... 210s elapsed
  [steepz_8x1_s00007:Scenario_SteepZ_8x1_s00007_Aware:sim] still running... 120s elapsed
  [steepz_8x1_s00004:Scenario_SteepZ_8x1_s00004_Aware:sim] still running... 180s elapsed
  [steepz_8x1_s00008] Running Scenario_SteepZ_8x1_s00008_Aware...
  [steepz_8x1_s00008:Scenario_SteepZ_8x1_s00008_Aware:sim] still running... 30s elapsed
  [hub_12x1_s00028] Copied scalars: 0ad789de-Scenario_Hub_12x1_s00028_TrustRid.sca
  [hub_12x1_s00028] Converting to Parquet...
  [hub_12x1_s00028] Created: 0ad789de-Scenario_Hub_12x1_s00028_TrustRid.parquet
  [hub_12x1_s00028] Complete
[1/1] hub_12x1_s00028 done (2 parquet)

Done — 2 parquet file(s) produced.
== Completed Scenario_Hub_12x1_s00028 in 539s ==
== Writing isolated INI: simulations/spoofing_aware_with_planning/sweeps/charts_store/paper_suite_30seeds_plus_steepz_v2/generated/steepz_8x1_s00009/omnetpp.ini ==
Wrote simulations/spoofing_aware_with_planning/sweeps/charts_store/paper_suite_30seeds_plus_steepz_v2/generated/steepz_8x1_s00009/omnetpp.ini
== Running Scenario_SteepZ_8x1_s00009 comparison ==
Running 1 scenario(s), 2 config(s), parallel=1
(Each scenario = one INI directory; progress prints when that directory finishes.)

[1/1] steepz_8x1_s00009 ...
  [steepz_8x1_s00005:Scenario_SteepZ_8x1_s00005_Aware:sim] still running... 180s elapsed
  [steepz_8x1_s00006:Scenario_SteepZ_8x1_s00006_Aware:sim] still running... 150s elapsed
  [steepz_8x1_s00003:Scenario_SteepZ_8x1_s00003_Aware:sim] still running... 210s elapsed
  [steepz_8x1_s00002:Scenario_SteepZ_8x1_s00002_Aware:sim] still running... 240s elapsed
  [steepz_8x1_s00007:Scenario_SteepZ_8x1_s00007_Aware:sim] still running... 150s elapsed
  [steepz_8x1_s00004:Scenario_SteepZ_8x1_s00004_Aware:sim] still running... 210s elapsed
  [steepz_8x1_s00008:Scenario_SteepZ_8x1_s00008_Aware:sim] still running... 60s elapsed
  [steepz_8x1_s00009] Running Scenario_SteepZ_8x1_s00009_Aware...
  [steepz_8x1_s00009:Scenario_SteepZ_8x1_s00009_Aware:sim] still running... 30s elapsed
  [steepz_8x1_s00005:Scenario_SteepZ_8x1_s00005_Aware:sim] still running... 210s elapsed
  [steepz_8x1_s00006:Scenario_SteepZ_8x1_s00006_Aware:sim] still running... 180s elapsed
  [steepz_8x1_s00003:Scenario_SteepZ_8x1_s00003_Aware:sim] still running... 240s elapsed
  [steepz_8x1_s00007:Scenario_SteepZ_8x1_s00007_Aware:sim] still running... 180s elapsed
  [steepz_8x1_s00004:Scenario_SteepZ_8x1_s00004_Aware:sim] still running... 240s elapsed
  [steepz_8x1_s00008:Scenario_SteepZ_8x1_s00008_Aware:sim] still running... 90s elapsed
  [steepz_8x1_s00009:Scenario_SteepZ_8x1_s00009_Aware:sim] still running... 60s elapsed
  [steepz_8x1_s00005:Scenario_SteepZ_8x1_s00005_Aware:sim] still running... 240s elapsed
  [steepz_8x1_s00002] Copied scalars: c649b585-Scenario_SteepZ_8x1_s00002_Aware.sca
  [steepz_8x1_s00002] Converting to Parquet...
  [steepz_8x1_s00002] Created: c649b585-Scenario_SteepZ_8x1_s00002_Aware.parquet
  [steepz_8x1_s00002] Running Scenario_SteepZ_8x1_s00002_TrustRid...
  [steepz_8x1_s00002] Copied scalars: c649b585-Scenario_SteepZ_8x1_s00002_TrustRid.sca
  [steepz_8x1_s00002] Converting to Parquet...
  [steepz_8x1_s00002] Created: c649b585-Scenario_SteepZ_8x1_s00002_TrustRid.parquet
  [steepz_8x1_s00002] Complete
[1/1] steepz_8x1_s00002 done (2 parquet)

Done — 2 parquet file(s) produced.
== Completed Scenario_SteepZ_8x1_s00002 in 291s ==
== Writing isolated INI: simulations/spoofing_aware_with_planning/sweeps/charts_store/paper_suite_30seeds_plus_steepz_v2/generated/steepz_8x1_s00010/omnetpp.ini ==
Wrote simulations/spoofing_aware_with_planning/sweeps/charts_store/paper_suite_30seeds_plus_steepz_v2/generated/steepz_8x1_s00010/omnetpp.ini
== Running Scenario_SteepZ_8x1_s00010 comparison ==
Running 1 scenario(s), 2 config(s), parallel=1
(Each scenario = one INI directory; progress prints when that directory finishes.)

[1/1] steepz_8x1_s00010 ...
  [steepz_8x1_s00006:Scenario_SteepZ_8x1_s00006_Aware:sim] still running... 210s elapsed
  [steepz_8x1_s00007:Scenario_SteepZ_8x1_s00007_Aware:sim] still running... 210s elapsed
  [steepz_8x1_s00008:Scenario_SteepZ_8x1_s00008_Aware:sim] still running... 120s elapsed
  [steepz_8x1_s00003] Copied scalars: b4135da7-Scenario_SteepZ_8x1_s00003_Aware.sca
  [steepz_8x1_s00003] Converting to Parquet...
  [steepz_8x1_s00003] Created: b4135da7-Scenario_SteepZ_8x1_s00003_Aware.parquet
  [steepz_8x1_s00003] Running Scenario_SteepZ_8x1_s00003_TrustRid...
  [steepz_8x1_s00003] Copied scalars: b4135da7-Scenario_SteepZ_8x1_s00003_TrustRid.sca
  [steepz_8x1_s00003] Converting to Parquet...
  [steepz_8x1_s00003] Created: b4135da7-Scenario_SteepZ_8x1_s00003_TrustRid.parquet
  [steepz_8x1_s00003] Complete
[1/1] steepz_8x1_s00003 done (2 parquet)

Done — 2 parquet file(s) produced.
== Completed Scenario_SteepZ_8x1_s00003 in 290s ==
== Writing isolated INI: simulations/spoofing_aware_with_planning/sweeps/charts_store/paper_suite_30seeds_plus_steepz_v2/generated/steepz_8x1_s00011/omnetpp.ini ==
Wrote simulations/spoofing_aware_with_planning/sweeps/charts_store/paper_suite_30seeds_plus_steepz_v2/generated/steepz_8x1_s00011/omnetpp.ini
== Running Scenario_SteepZ_8x1_s00011 comparison ==
Running 1 scenario(s), 2 config(s), parallel=1
(Each scenario = one INI directory; progress prints when that directory finishes.)

[1/1] steepz_8x1_s00011 ...
  [steepz_8x1_s00009:Scenario_SteepZ_8x1_s00009_Aware:sim] still running... 90s elapsed
  [steepz_8x1_s00005] Copied scalars: 6249104e-Scenario_SteepZ_8x1_s00005_Aware.sca
  [steepz_8x1_s00005] Converting to Parquet...
  [steepz_8x1_s00005] Created: 6249104e-Scenario_SteepZ_8x1_s00005_Aware.parquet
  [steepz_8x1_s00005] Running Scenario_SteepZ_8x1_s00005_TrustRid...
  [steepz_8x1_s00005] Copied scalars: 6249104e-Scenario_SteepZ_8x1_s00005_TrustRid.sca
  [steepz_8x1_s00005] Converting to Parquet...
  [steepz_8x1_s00005] Created: 6249104e-Scenario_SteepZ_8x1_s00005_TrustRid.parquet
  [steepz_8x1_s00005] Complete
[1/1] steepz_8x1_s00005 done (2 parquet)

Done — 2 parquet file(s) produced.
== Completed Scenario_SteepZ_8x1_s00005 in 269s ==
== Writing isolated INI: simulations/spoofing_aware_with_planning/sweeps/charts_store/paper_suite_30seeds_plus_steepz_v2/generated/steepz_8x1_s00012/omnetpp.ini ==
Wrote simulations/spoofing_aware_with_planning/sweeps/charts_store/paper_suite_30seeds_plus_steepz_v2/generated/steepz_8x1_s00012/omnetpp.ini
== Running Scenario_SteepZ_8x1_s00012 comparison ==
Running 1 scenario(s), 2 config(s), parallel=1
(Each scenario = one INI directory; progress prints when that directory finishes.)

[1/1] steepz_8x1_s00012 ...
  [steepz_8x1_s00010] Running Scenario_SteepZ_8x1_s00010_Aware...
  [steepz_8x1_s00010:Scenario_SteepZ_8x1_s00010_Aware:sim] still running... 30s elapsed
  [steepz_8x1_s00006:Scenario_SteepZ_8x1_s00006_Aware:sim] still running... 240s elapsed
  [steepz_8x1_s00004] Copied scalars: d1e6b517-Scenario_SteepZ_8x1_s00004_Aware.sca
  [steepz_8x1_s00004] Converting to Parquet...
  [steepz_8x1_s00004] Created: d1e6b517-Scenario_SteepZ_8x1_s00004_Aware.parquet
  [steepz_8x1_s00004] Running Scenario_SteepZ_8x1_s00004_TrustRid...
  [steepz_8x1_s00004] Copied scalars: d1e6b517-Scenario_SteepZ_8x1_s00004_TrustRid.sca
  [steepz_8x1_s00004] Converting to Parquet...
  [steepz_8x1_s00004] Created: d1e6b517-Scenario_SteepZ_8x1_s00004_TrustRid.parquet
  [steepz_8x1_s00004] Complete
[1/1] steepz_8x1_s00004 done (2 parquet)

Done — 2 parquet file(s) produced.
== Completed Scenario_SteepZ_8x1_s00004 in 294s ==
== Writing isolated INI: simulations/spoofing_aware_with_planning/sweeps/charts_store/paper_suite_30seeds_plus_steepz_v2/generated/steepz_8x1_s00013/omnetpp.ini ==
Wrote simulations/spoofing_aware_with_planning/sweeps/charts_store/paper_suite_30seeds_plus_steepz_v2/generated/steepz_8x1_s00013/omnetpp.ini
== Running Scenario_SteepZ_8x1_s00013 comparison ==
Running 1 scenario(s), 2 config(s), parallel=1
(Each scenario = one INI directory; progress prints when that directory finishes.)

[1/1] steepz_8x1_s00013 ...
  [steepz_8x1_s00007:Scenario_SteepZ_8x1_s00007_Aware:sim] still running... 240s elapsed
  [steepz_8x1_s00008:Scenario_SteepZ_8x1_s00008_Aware:sim] still running... 150s elapsed
  [steepz_8x1_s00011] Running Scenario_SteepZ_8x1_s00011_Aware...
  [steepz_8x1_s00011:Scenario_SteepZ_8x1_s00011_Aware:sim] still running... 30s elapsed
  [steepz_8x1_s00009:Scenario_SteepZ_8x1_s00009_Aware:sim] still running... 120s elapsed
  [steepz_8x1_s00012] Running Scenario_SteepZ_8x1_s00012_Aware...
  [steepz_8x1_s00012:Scenario_SteepZ_8x1_s00012_Aware:sim] still running... 30s elapsed
  [steepz_8x1_s00010:Scenario_SteepZ_8x1_s00010_Aware:sim] still running... 60s elapsed
  [steepz_8x1_s00013] Running Scenario_SteepZ_8x1_s00013_Aware...
  [steepz_8x1_s00013:Scenario_SteepZ_8x1_s00013_Aware:sim] still running... 30s elapsed
  [steepz_8x1_s00008:Scenario_SteepZ_8x1_s00008_Aware:sim] still running... 180s elapsed
  [steepz_8x1_s00011:Scenario_SteepZ_8x1_s00011_Aware:sim] still running... 60s elapsed
  [steepz_8x1_s00009:Scenario_SteepZ_8x1_s00009_Aware:sim] still running... 150s elapsed
  [steepz_8x1_s00006] Copied scalars: 3ba826d9-Scenario_SteepZ_8x1_s00006_Aware.sca
  [steepz_8x1_s00006] Converting to Parquet...
  [steepz_8x1_s00006] Created: 3ba826d9-Scenario_SteepZ_8x1_s00006_Aware.parquet
  [steepz_8x1_s00006] Running Scenario_SteepZ_8x1_s00006_TrustRid...
  [steepz_8x1_s00006] Copied scalars: 3ba826d9-Scenario_SteepZ_8x1_s00006_TrustRid.sca
  [steepz_8x1_s00006] Converting to Parquet...
  [steepz_8x1_s00006] Created: 3ba826d9-Scenario_SteepZ_8x1_s00006_TrustRid.parquet
  [steepz_8x1_s00006] Complete
[1/1] steepz_8x1_s00006 done (2 parquet)

Done — 2 parquet file(s) produced.
== Completed Scenario_SteepZ_8x1_s00006 in 294s ==
== Writing isolated INI: simulations/spoofing_aware_with_planning/sweeps/charts_store/paper_suite_30seeds_plus_steepz_v2/generated/steepz_8x1_s00014/omnetpp.ini ==
Wrote simulations/spoofing_aware_with_planning/sweeps/charts_store/paper_suite_30seeds_plus_steepz_v2/generated/steepz_8x1_s00014/omnetpp.ini
== Running Scenario_SteepZ_8x1_s00014 comparison ==
  [steepz_8x1_s00012:Scenario_SteepZ_8x1_s00012_Aware:sim] still running... 60s elapsed
Running 1 scenario(s), 2 config(s), parallel=1
(Each scenario = one INI directory; progress prints when that directory finishes.)

[1/1] steepz_8x1_s00014 ...
  [steepz_8x1_s00007] Copied scalars: 7dae8754-Scenario_SteepZ_8x1_s00007_Aware.sca
  [steepz_8x1_s00007] Converting to Parquet...
  [steepz_8x1_s00007] Created: 7dae8754-Scenario_SteepZ_8x1_s00007_Aware.parquet
  [steepz_8x1_s00007] Running Scenario_SteepZ_8x1_s00007_TrustRid...
  [steepz_8x1_s00007] Copied scalars: 7dae8754-Scenario_SteepZ_8x1_s00007_TrustRid.sca
  [steepz_8x1_s00007] Converting to Parquet...
  [steepz_8x1_s00007] Created: 7dae8754-Scenario_SteepZ_8x1_s00007_TrustRid.parquet
  [steepz_8x1_s00007] Complete
[1/1] steepz_8x1_s00007 done (2 parquet)

Done — 2 parquet file(s) produced.
== Completed Scenario_SteepZ_8x1_s00007 in 281s ==
== Writing isolated INI: simulations/spoofing_aware_with_planning/sweeps/charts_store/paper_suite_30seeds_plus_steepz_v2/generated/steepz_8x1_s00015/omnetpp.ini ==
Wrote simulations/spoofing_aware_with_planning/sweeps/charts_store/paper_suite_30seeds_plus_steepz_v2/generated/steepz_8x1_s00015/omnetpp.ini
== Running Scenario_SteepZ_8x1_s00015 comparison ==
Running 1 scenario(s), 2 config(s), parallel=1
(Each scenario = one INI directory; progress prints when that directory finishes.)

[1/1] steepz_8x1_s00015 ...
  [steepz_8x1_s00010:Scenario_SteepZ_8x1_s00010_Aware:sim] still running... 90s elapsed
  [steepz_8x1_s00013:Scenario_SteepZ_8x1_s00013_Aware:sim] still running... 60s elapsed
  [steepz_8x1_s00008:Scenario_SteepZ_8x1_s00008_Aware:sim] still running... 210s elapsed
  [steepz_8x1_s00011:Scenario_SteepZ_8x1_s00011_Aware:sim] still running... 90s elapsed
  [steepz_8x1_s00009:Scenario_SteepZ_8x1_s00009_Aware:sim] still running... 180s elapsed
  [steepz_8x1_s00012:Scenario_SteepZ_8x1_s00012_Aware:sim] still running... 90s elapsed
  [steepz_8x1_s00014] Running Scenario_SteepZ_8x1_s00014_Aware...
  [steepz_8x1_s00014:Scenario_SteepZ_8x1_s00014_Aware:sim] still running... 30s elapsed
  [steepz_8x1_s00015] Running Scenario_SteepZ_8x1_s00015_Aware...
  [steepz_8x1_s00015:Scenario_SteepZ_8x1_s00015_Aware:sim] still running... 30s elapsed
  [steepz_8x1_s00010:Scenario_SteepZ_8x1_s00010_Aware:sim] still running... 120s elapsed
  [steepz_8x1_s00013:Scenario_SteepZ_8x1_s00013_Aware:sim] still running... 90s elapsed
  [steepz_8x1_s00008:Scenario_SteepZ_8x1_s00008_Aware:sim] still running... 240s elapsed
  [steepz_8x1_s00011:Scenario_SteepZ_8x1_s00011_Aware:sim] still running... 120s elapsed
  [steepz_8x1_s00009:Scenario_SteepZ_8x1_s00009_Aware:sim] still running... 210s elapsed
  [steepz_8x1_s00012:Scenario_SteepZ_8x1_s00012_Aware:sim] still running... 120s elapsed
  [steepz_8x1_s00014:Scenario_SteepZ_8x1_s00014_Aware:sim] still running... 60s elapsed
  [steepz_8x1_s00015:Scenario_SteepZ_8x1_s00015_Aware:sim] still running... 60s elapsed
  [steepz_8x1_s00010:Scenario_SteepZ_8x1_s00010_Aware:sim] still running... 150s elapsed
  [steepz_8x1_s00013:Scenario_SteepZ_8x1_s00013_Aware:sim] still running... 120s elapsed
  [steepz_8x1_s00011:Scenario_SteepZ_8x1_s00011_Aware:sim] still running... 150s elapsed
  [steepz_8x1_s00009:Scenario_SteepZ_8x1_s00009_Aware:sim] still running... 240s elapsed
  [steepz_8x1_s00012:Scenario_SteepZ_8x1_s00012_Aware:sim] still running... 150s elapsed
  [steepz_8x1_s00014:Scenario_SteepZ_8x1_s00014_Aware:sim] still running... 90s elapsed
  [steepz_8x1_s00015:Scenario_SteepZ_8x1_s00015_Aware:sim] still running... 90s elapsed
  [steepz_8x1_s00010:Scenario_SteepZ_8x1_s00010_Aware:sim] still running... 180s elapsed
  [steepz_8x1_s00013:Scenario_SteepZ_8x1_s00013_Aware:sim] still running... 150s elapsed
  [steepz_8x1_s00008] Copied scalars: 86fa780e-Scenario_SteepZ_8x1_s00008_Aware.sca
  [steepz_8x1_s00008] Converting to Parquet...
  [steepz_8x1_s00008] Created: 86fa780e-Scenario_SteepZ_8x1_s00008_Aware.parquet
  [steepz_8x1_s00008] Running Scenario_SteepZ_8x1_s00008_TrustRid...
  [steepz_8x1_s00008:Scenario_SteepZ_8x1_s00008_TrustRid:sim] still running... 30s elapsed
  [steepz_8x1_s00008] Copied scalars: 86fa780e-Scenario_SteepZ_8x1_s00008_TrustRid.sca
  [steepz_8x1_s00008] Converting to Parquet...
  [steepz_8x1_s00008] Created: 86fa780e-Scenario_SteepZ_8x1_s00008_TrustRid.parquet
  [steepz_8x1_s00008] Complete
[1/1] steepz_8x1_s00008 done (2 parquet)

Done — 2 parquet file(s) produced.
== Completed Scenario_SteepZ_8x1_s00008 in 302s ==
== Writing isolated INI: simulations/spoofing_aware_with_planning/sweeps/charts_store/paper_suite_30seeds_plus_steepz_v2/generated/steepz_8x1_s00016/omnetpp.ini ==
Wrote simulations/spoofing_aware_with_planning/sweeps/charts_store/paper_suite_30seeds_plus_steepz_v2/generated/steepz_8x1_s00016/omnetpp.ini
== Running Scenario_SteepZ_8x1_s00016 comparison ==
Running 1 scenario(s), 2 config(s), parallel=1
(Each scenario = one INI directory; progress prints when that directory finishes.)

[1/1] steepz_8x1_s00016 ...
  [steepz_8x1_s00011:Scenario_SteepZ_8x1_s00011_Aware:sim] still running... 180s elapsed
  [steepz_8x1_s00012:Scenario_SteepZ_8x1_s00012_Aware:sim] still running... 180s elapsed
  [steepz_8x1_s00014:Scenario_SteepZ_8x1_s00014_Aware:sim] still running... 120s elapsed
  [steepz_8x1_s00015:Scenario_SteepZ_8x1_s00015_Aware:sim] still running... 120s elapsed
  [steepz_8x1_s00010:Scenario_SteepZ_8x1_s00010_Aware:sim] still running... 210s elapsed
  [steepz_8x1_s00013:Scenario_SteepZ_8x1_s00013_Aware:sim] still running... 180s elapsed
  [steepz_8x1_s00009] Copied scalars: 48162f91-Scenario_SteepZ_8x1_s00009_Aware.sca
  [steepz_8x1_s00009] Converting to Parquet...
  [steepz_8x1_s00009] Created: 48162f91-Scenario_SteepZ_8x1_s00009_Aware.parquet
  [steepz_8x1_s00009] Running Scenario_SteepZ_8x1_s00009_TrustRid...
  [steepz_8x1_s00009:Scenario_SteepZ_8x1_s00009_TrustRid:sim] still running... 30s elapsed
  [steepz_8x1_s00016] Running Scenario_SteepZ_8x1_s00016_Aware...
  [steepz_8x1_s00016:Scenario_SteepZ_8x1_s00016_Aware:sim] still running... 30s elapsed
  [steepz_8x1_s00011:Scenario_SteepZ_8x1_s00011_Aware:sim] still running... 210s elapsed
  [steepz_8x1_s00009] Copied scalars: 48162f91-Scenario_SteepZ_8x1_s00009_TrustRid.sca
  [steepz_8x1_s00009] Converting to Parquet...
  [steepz_8x1_s00009] Created: 48162f91-Scenario_SteepZ_8x1_s00009_TrustRid.parquet
  [steepz_8x1_s00009] Complete
[1/1] steepz_8x1_s00009 done (2 parquet)

Done — 2 parquet file(s) produced.
== Completed Scenario_SteepZ_8x1_s00009 in 301s ==
== Writing isolated INI: simulations/spoofing_aware_with_planning/sweeps/charts_store/paper_suite_30seeds_plus_steepz_v2/generated/steepz_8x1_s00017/omnetpp.ini ==
Wrote simulations/spoofing_aware_with_planning/sweeps/charts_store/paper_suite_30seeds_plus_steepz_v2/generated/steepz_8x1_s00017/omnetpp.ini
== Running Scenario_SteepZ_8x1_s00017 comparison ==
Running 1 scenario(s), 2 config(s), parallel=1
(Each scenario = one INI directory; progress prints when that directory finishes.)

[1/1] steepz_8x1_s00017 ...
  [steepz_8x1_s00012:Scenario_SteepZ_8x1_s00012_Aware:sim] still running... 210s elapsed
  [steepz_8x1_s00014:Scenario_SteepZ_8x1_s00014_Aware:sim] still running... 150s elapsed
  [steepz_8x1_s00015:Scenario_SteepZ_8x1_s00015_Aware:sim] still running... 150s elapsed
  [steepz_8x1_s00010:Scenario_SteepZ_8x1_s00010_Aware:sim] still running... 240s elapsed
  [steepz_8x1_s00013:Scenario_SteepZ_8x1_s00013_Aware:sim] still running... 210s elapsed
  [steepz_8x1_s00016:Scenario_SteepZ_8x1_s00016_Aware:sim] still running... 60s elapsed
  [steepz_8x1_s00011:Scenario_SteepZ_8x1_s00011_Aware:sim] still running... 240s elapsed
  [steepz_8x1_s00017] Running Scenario_SteepZ_8x1_s00017_Aware...
  [steepz_8x1_s00017:Scenario_SteepZ_8x1_s00017_Aware:sim] still running... 30s elapsed
  [steepz_8x1_s00012:Scenario_SteepZ_8x1_s00012_Aware:sim] still running... 240s elapsed
  [steepz_8x1_s00014:Scenario_SteepZ_8x1_s00014_Aware:sim] still running... 180s elapsed
  [steepz_8x1_s00015:Scenario_SteepZ_8x1_s00015_Aware:sim] still running... 180s elapsed
  [steepz_8x1_s00013:Scenario_SteepZ_8x1_s00013_Aware:sim] still running... 240s elapsed
  [steepz_8x1_s00010] Copied scalars: 7383d50b-Scenario_SteepZ_8x1_s00010_Aware.sca
  [steepz_8x1_s00010] Converting to Parquet...
  [steepz_8x1_s00010] Created: 7383d50b-Scenario_SteepZ_8x1_s00010_Aware.parquet
  [steepz_8x1_s00010] Running Scenario_SteepZ_8x1_s00010_TrustRid...
  [steepz_8x1_s00010] Copied scalars: 7383d50b-Scenario_SteepZ_8x1_s00010_TrustRid.sca
  [steepz_8x1_s00010] Converting to Parquet...
  [steepz_8x1_s00010] Created: 7383d50b-Scenario_SteepZ_8x1_s00010_TrustRid.parquet
  [steepz_8x1_s00010] Complete
[1/1] steepz_8x1_s00010 done (2 parquet)

Done — 2 parquet file(s) produced.
== Completed Scenario_SteepZ_8x1_s00010 in 290s ==
== Writing isolated INI: simulations/spoofing_aware_with_planning/sweeps/charts_store/paper_suite_30seeds_plus_steepz_v2/generated/steepz_8x1_s00018/omnetpp.ini ==
Wrote simulations/spoofing_aware_with_planning/sweeps/charts_store/paper_suite_30seeds_plus_steepz_v2/generated/steepz_8x1_s00018/omnetpp.ini
== Running Scenario_SteepZ_8x1_s00018 comparison ==
Running 1 scenario(s), 2 config(s), parallel=1
(Each scenario = one INI directory; progress prints when that directory finishes.)

[1/1] steepz_8x1_s00018 ...
  [steepz_8x1_s00016:Scenario_SteepZ_8x1_s00016_Aware:sim] still running... 90s elapsed
  [steepz_8x1_s00017:Scenario_SteepZ_8x1_s00017_Aware:sim] still running... 60s elapsed
  [steepz_8x1_s00014:Scenario_SteepZ_8x1_s00014_Aware:sim] still running... 210s elapsed
  [steepz_8x1_s00015:Scenario_SteepZ_8x1_s00015_Aware:sim] still running... 210s elapsed
  [steepz_8x1_s00018] Running Scenario_SteepZ_8x1_s00018_Aware...
  [steepz_8x1_s00018:Scenario_SteepZ_8x1_s00018_Aware:sim] still running... 30s elapsed
  [steepz_8x1_s00011] Copied scalars: 0c996858-Scenario_SteepZ_8x1_s00011_Aware.sca
  [steepz_8x1_s00011] Converting to Parquet...
  [steepz_8x1_s00011] Created: 0c996858-Scenario_SteepZ_8x1_s00011_Aware.parquet
  [steepz_8x1_s00011] Running Scenario_SteepZ_8x1_s00011_TrustRid...
  [steepz_8x1_s00011:Scenario_SteepZ_8x1_s00011_TrustRid:sim] still running... 30s elapsed
  [steepz_8x1_s00012] Copied scalars: 9958155c-Scenario_SteepZ_8x1_s00012_Aware.sca
  [steepz_8x1_s00012] Converting to Parquet...
  [steepz_8x1_s00012] Created: 9958155c-Scenario_SteepZ_8x1_s00012_Aware.parquet
  [steepz_8x1_s00012] Running Scenario_SteepZ_8x1_s00012_TrustRid...
  [steepz_8x1_s00012:Scenario_SteepZ_8x1_s00012_TrustRid:sim] still running... 30s elapsed
  [steepz_8x1_s00016:Scenario_SteepZ_8x1_s00016_Aware:sim] still running... 120s elapsed
  [steepz_8x1_s00011] Copied scalars: 0c996858-Scenario_SteepZ_8x1_s00011_TrustRid.sca
  [steepz_8x1_s00011] Converting to Parquet...
  [steepz_8x1_s00011] Created: 0c996858-Scenario_SteepZ_8x1_s00011_TrustRid.parquet
  [steepz_8x1_s00011] Complete
[1/1] steepz_8x1_s00011 done (2 parquet)

Done — 2 parquet file(s) produced.
== Completed Scenario_SteepZ_8x1_s00011 in 302s ==
== Writing isolated INI: simulations/spoofing_aware_with_planning/sweeps/charts_store/paper_suite_30seeds_plus_steepz_v2/generated/steepz_8x1_s00019/omnetpp.ini ==
Wrote simulations/spoofing_aware_with_planning/sweeps/charts_store/paper_suite_30seeds_plus_steepz_v2/generated/steepz_8x1_s00019/omnetpp.ini
== Running Scenario_SteepZ_8x1_s00019 comparison ==
  [steepz_8x1_s00012] Copied scalars: 9958155c-Scenario_SteepZ_8x1_s00012_TrustRid.sca
  [steepz_8x1_s00012] Converting to Parquet...
  [steepz_8x1_s00012] Created: 9958155c-Scenario_SteepZ_8x1_s00012_TrustRid.parquet
  [steepz_8x1_s00012] Complete
[1/1] steepz_8x1_s00012 done (2 parquet)

Done — 2 parquet file(s) produced.
  [steepz_8x1_s00017:Scenario_SteepZ_8x1_s00017_Aware:sim] still running... 90s elapsed
== Completed Scenario_SteepZ_8x1_s00012 in 301s ==
== Writing isolated INI: simulations/spoofing_aware_with_planning/sweeps/charts_store/paper_suite_30seeds_plus_steepz_v2/generated/steepz_8x1_s00020/omnetpp.ini ==
Wrote simulations/spoofing_aware_with_planning/sweeps/charts_store/paper_suite_30seeds_plus_steepz_v2/generated/steepz_8x1_s00020/omnetpp.ini
== Running Scenario_SteepZ_8x1_s00020 comparison ==
Running 1 scenario(s), 2 config(s), parallel=1
(Each scenario = one INI directory; progress prints when that directory finishes.)

[1/1] steepz_8x1_s00019 ...
Running 1 scenario(s), 2 config(s), parallel=1
(Each scenario = one INI directory; progress prints when that directory finishes.)

[1/1] steepz_8x1_s00020 ...
  [steepz_8x1_s00014:Scenario_SteepZ_8x1_s00014_Aware:sim] still running... 240s elapsed
  [steepz_8x1_s00015:Scenario_SteepZ_8x1_s00015_Aware:sim] still running... 240s elapsed
  [steepz_8x1_s00013] Copied scalars: 0c5d0d54-Scenario_SteepZ_8x1_s00013_Aware.sca
  [steepz_8x1_s00013] Converting to Parquet...
  [steepz_8x1_s00013] Created: 0c5d0d54-Scenario_SteepZ_8x1_s00013_Aware.parquet
  [steepz_8x1_s00013] Running Scenario_SteepZ_8x1_s00013_TrustRid...
  [steepz_8x1_s00013] Copied scalars: 0c5d0d54-Scenario_SteepZ_8x1_s00013_TrustRid.sca
  [steepz_8x1_s00013] Converting to Parquet...
  [steepz_8x1_s00013] Created: 0c5d0d54-Scenario_SteepZ_8x1_s00013_TrustRid.parquet
  [steepz_8x1_s00013] Complete
[1/1] steepz_8x1_s00013 done (2 parquet)

Done — 2 parquet file(s) produced.
== Completed Scenario_SteepZ_8x1_s00013 in 290s ==
== Writing isolated INI: simulations/spoofing_aware_with_planning/sweeps/charts_store/paper_suite_30seeds_plus_steepz_v2/generated/steepz_8x1_s00021/omnetpp.ini ==
Wrote simulations/spoofing_aware_with_planning/sweeps/charts_store/paper_suite_30seeds_plus_steepz_v2/generated/steepz_8x1_s00021/omnetpp.ini
== Running Scenario_SteepZ_8x1_s00021 comparison ==
Running 1 scenario(s), 2 config(s), parallel=1
(Each scenario = one INI directory; progress prints when that directory finishes.)

[1/1] steepz_8x1_s00021 ...
  [steepz_8x1_s00018:Scenario_SteepZ_8x1_s00018_Aware:sim] still running... 60s elapsed
  [steepz_8x1_s00016:Scenario_SteepZ_8x1_s00016_Aware:sim] still running... 150s elapsed
  [steepz_8x1_s00017:Scenario_SteepZ_8x1_s00017_Aware:sim] still running... 120s elapsed
  [steepz_8x1_s00019] Running Scenario_SteepZ_8x1_s00019_Aware...
  [steepz_8x1_s00019:Scenario_SteepZ_8x1_s00019_Aware:sim] still running... 30s elapsed
  [steepz_8x1_s00020] Running Scenario_SteepZ_8x1_s00020_Aware...
  [steepz_8x1_s00020:Scenario_SteepZ_8x1_s00020_Aware:sim] still running... 30s elapsed
  [steepz_8x1_s00021] Running Scenario_SteepZ_8x1_s00021_Aware...
  [steepz_8x1_s00021:Scenario_SteepZ_8x1_s00021_Aware:sim] still running... 30s elapsed
  [steepz_8x1_s00018:Scenario_SteepZ_8x1_s00018_Aware:sim] still running... 90s elapsed
  [steepz_8x1_s00016:Scenario_SteepZ_8x1_s00016_Aware:sim] still running... 180s elapsed
  [steepz_8x1_s00014] Copied scalars: c9ec13b7-Scenario_SteepZ_8x1_s00014_Aware.sca
  [steepz_8x1_s00014] Converting to Parquet...
  [steepz_8x1_s00014] Created: c9ec13b7-Scenario_SteepZ_8x1_s00014_Aware.parquet
  [steepz_8x1_s00014] Running Scenario_SteepZ_8x1_s00014_TrustRid...
  [steepz_8x1_s00014:Scenario_SteepZ_8x1_s00014_TrustRid:sim] still running... 30s elapsed
  [steepz_8x1_s00015] Copied scalars: 3981f79f-Scenario_SteepZ_8x1_s00015_Aware.sca
  [steepz_8x1_s00015] Converting to Parquet...
  [steepz_8x1_s00015] Created: 3981f79f-Scenario_SteepZ_8x1_s00015_Aware.parquet
  [steepz_8x1_s00015] Running Scenario_SteepZ_8x1_s00015_TrustRid...
  [steepz_8x1_s00015:Scenario_SteepZ_8x1_s00015_TrustRid:sim] still running... 30s elapsed
  [steepz_8x1_s00017:Scenario_SteepZ_8x1_s00017_Aware:sim] still running... 150s elapsed
  [steepz_8x1_s00019:Scenario_SteepZ_8x1_s00019_Aware:sim] still running... 60s elapsed
  [steepz_8x1_s00020:Scenario_SteepZ_8x1_s00020_Aware:sim] still running... 60s elapsed
  [steepz_8x1_s00014] Copied scalars: c9ec13b7-Scenario_SteepZ_8x1_s00014_TrustRid.sca
  [steepz_8x1_s00014] Converting to Parquet...
  [steepz_8x1_s00014] Created: c9ec13b7-Scenario_SteepZ_8x1_s00014_TrustRid.parquet
  [steepz_8x1_s00014] Complete
[1/1] steepz_8x1_s00014 done (2 parquet)

Done — 2 parquet file(s) produced.
== Completed Scenario_SteepZ_8x1_s00014 in 302s ==
== Writing isolated INI: simulations/spoofing_aware_with_planning/sweeps/charts_store/paper_suite_30seeds_plus_steepz_v2/generated/steepz_8x1_s00022/omnetpp.ini ==
Wrote simulations/spoofing_aware_with_planning/sweeps/charts_store/paper_suite_30seeds_plus_steepz_v2/generated/steepz_8x1_s00022/omnetpp.ini
== Running Scenario_SteepZ_8x1_s00022 comparison ==
  [steepz_8x1_s00015] Copied scalars: 3981f79f-Scenario_SteepZ_8x1_s00015_TrustRid.sca
  [steepz_8x1_s00015] Converting to Parquet...
  [steepz_8x1_s00015] Created: 3981f79f-Scenario_SteepZ_8x1_s00015_TrustRid.parquet
  [steepz_8x1_s00015] Complete
[1/1] steepz_8x1_s00015 done (2 parquet)

Done — 2 parquet file(s) produced.
Running 1 scenario(s), 2 config(s), parallel=1
(Each scenario = one INI directory; progress prints when that directory finishes.)

[1/1] steepz_8x1_s00022 ...
== Completed Scenario_SteepZ_8x1_s00015 in 300s ==
== Writing isolated INI: simulations/spoofing_aware_with_planning/sweeps/charts_store/paper_suite_30seeds_plus_steepz_v2/generated/steepz_8x1_s00023/omnetpp.ini ==
Wrote simulations/spoofing_aware_with_planning/sweeps/charts_store/paper_suite_30seeds_plus_steepz_v2/generated/steepz_8x1_s00023/omnetpp.ini
== Running Scenario_SteepZ_8x1_s00023 comparison ==
Running 1 scenario(s), 2 config(s), parallel=1
(Each scenario = one INI directory; progress prints when that directory finishes.)

[1/1] steepz_8x1_s00023 ...
  [steepz_8x1_s00021:Scenario_SteepZ_8x1_s00021_Aware:sim] still running... 60s elapsed
  [steepz_8x1_s00018:Scenario_SteepZ_8x1_s00018_Aware:sim] still running... 120s elapsed
  [steepz_8x1_s00016:Scenario_SteepZ_8x1_s00016_Aware:sim] still running... 210s elapsed
  [steepz_8x1_s00017:Scenario_SteepZ_8x1_s00017_Aware:sim] still running... 180s elapsed
  [steepz_8x1_s00019:Scenario_SteepZ_8x1_s00019_Aware:sim] still running... 90s elapsed
  [steepz_8x1_s00020:Scenario_SteepZ_8x1_s00020_Aware:sim] still running... 90s elapsed
  [steepz_8x1_s00022] Running Scenario_SteepZ_8x1_s00022_Aware...
  [steepz_8x1_s00022:Scenario_SteepZ_8x1_s00022_Aware:sim] still running... 30s elapsed
  [steepz_8x1_s00023] Running Scenario_SteepZ_8x1_s00023_Aware...
  [steepz_8x1_s00023:Scenario_SteepZ_8x1_s00023_Aware:sim] still running... 30s elapsed
  [steepz_8x1_s00021:Scenario_SteepZ_8x1_s00021_Aware:sim] still running... 90s elapsed
  [steepz_8x1_s00018:Scenario_SteepZ_8x1_s00018_Aware:sim] still running... 150s elapsed
  [steepz_8x1_s00016:Scenario_SteepZ_8x1_s00016_Aware:sim] still running... 240s elapsed
  [steepz_8x1_s00017:Scenario_SteepZ_8x1_s00017_Aware:sim] still running... 210s elapsed
  [steepz_8x1_s00019:Scenario_SteepZ_8x1_s00019_Aware:sim] still running... 120s elapsed
  [steepz_8x1_s00020:Scenario_SteepZ_8x1_s00020_Aware:sim] still running... 120s elapsed
  [steepz_8x1_s00022:Scenario_SteepZ_8x1_s00022_Aware:sim] still running... 60s elapsed
  [steepz_8x1_s00023:Scenario_SteepZ_8x1_s00023_Aware:sim] still running... 60s elapsed
  [steepz_8x1_s00021:Scenario_SteepZ_8x1_s00021_Aware:sim] still running... 120s elapsed
  [steepz_8x1_s00018:Scenario_SteepZ_8x1_s00018_Aware:sim] still running... 180s elapsed
  [steepz_8x1_s00017:Scenario_SteepZ_8x1_s00017_Aware:sim] still running... 240s elapsed
  [steepz_8x1_s00019:Scenario_SteepZ_8x1_s00019_Aware:sim] still running... 150s elapsed
  [steepz_8x1_s00020:Scenario_SteepZ_8x1_s00020_Aware:sim] still running... 150s elapsed
  [steepz_8x1_s00022:Scenario_SteepZ_8x1_s00022_Aware:sim] still running... 90s elapsed
  [steepz_8x1_s00023:Scenario_SteepZ_8x1_s00023_Aware:sim] still running... 90s elapsed
  [steepz_8x1_s00021:Scenario_SteepZ_8x1_s00021_Aware:sim] still running... 150s elapsed
  [steepz_8x1_s00016] Copied scalars: 232b514c-Scenario_SteepZ_8x1_s00016_Aware.sca
  [steepz_8x1_s00016] Converting to Parquet...
  [steepz_8x1_s00016] Created: 232b514c-Scenario_SteepZ_8x1_s00016_Aware.parquet
  [steepz_8x1_s00016] Running Scenario_SteepZ_8x1_s00016_TrustRid...
  [steepz_8x1_s00016:Scenario_SteepZ_8x1_s00016_TrustRid:sim] still running... 30s elapsed
  [steepz_8x1_s00018:Scenario_SteepZ_8x1_s00018_Aware:sim] still running... 210s elapsed
  [steepz_8x1_s00016] Copied scalars: 232b514c-Scenario_SteepZ_8x1_s00016_TrustRid.sca
  [steepz_8x1_s00016] Converting to Parquet...
  [steepz_8x1_s00016] Created: 232b514c-Scenario_SteepZ_8x1_s00016_TrustRid.parquet
  [steepz_8x1_s00016] Complete
[1/1] steepz_8x1_s00016 done (2 parquet)

Done — 2 parquet file(s) produced.
== Completed Scenario_SteepZ_8x1_s00016 in 301s ==
== Writing isolated INI: simulations/spoofing_aware_with_planning/sweeps/charts_store/paper_suite_30seeds_plus_steepz_v2/generated/steepz_8x1_s00024/omnetpp.ini ==
Wrote simulations/spoofing_aware_with_planning/sweeps/charts_store/paper_suite_30seeds_plus_steepz_v2/generated/steepz_8x1_s00024/omnetpp.ini
== Running Scenario_SteepZ_8x1_s00024 comparison ==
Running 1 scenario(s), 2 config(s), parallel=1
(Each scenario = one INI directory; progress prints when that directory finishes.)

[1/1] steepz_8x1_s00024 ...
  [steepz_8x1_s00019:Scenario_SteepZ_8x1_s00019_Aware:sim] still running... 180s elapsed
  [steepz_8x1_s00020:Scenario_SteepZ_8x1_s00020_Aware:sim] still running... 180s elapsed
  [steepz_8x1_s00022:Scenario_SteepZ_8x1_s00022_Aware:sim] still running... 120s elapsed
  [steepz_8x1_s00023:Scenario_SteepZ_8x1_s00023_Aware:sim] still running... 120s elapsed
  [steepz_8x1_s00021:Scenario_SteepZ_8x1_s00021_Aware:sim] still running... 180s elapsed
  [steepz_8x1_s00017] Copied scalars: 1fb394fe-Scenario_SteepZ_8x1_s00017_Aware.sca
  [steepz_8x1_s00017] Converting to Parquet...
  [steepz_8x1_s00017] Created: 1fb394fe-Scenario_SteepZ_8x1_s00017_Aware.parquet
  [steepz_8x1_s00017] Running Scenario_SteepZ_8x1_s00017_TrustRid...
  [steepz_8x1_s00017] Copied scalars: 1fb394fe-Scenario_SteepZ_8x1_s00017_TrustRid.sca
  [steepz_8x1_s00017] Converting to Parquet...
  [steepz_8x1_s00017] Created: 1fb394fe-Scenario_SteepZ_8x1_s00017_TrustRid.parquet
  [steepz_8x1_s00017] Complete
[1/1] steepz_8x1_s00017 done (2 parquet)

Done — 2 parquet file(s) produced.
== Completed Scenario_SteepZ_8x1_s00017 in 291s ==
== Writing isolated INI: simulations/spoofing_aware_with_planning/sweeps/charts_store/paper_suite_30seeds_plus_steepz_v2/generated/steepz_8x1_s00025/omnetpp.ini ==
Wrote simulations/spoofing_aware_with_planning/sweeps/charts_store/paper_suite_30seeds_plus_steepz_v2/generated/steepz_8x1_s00025/omnetpp.ini
== Running Scenario_SteepZ_8x1_s00025 comparison ==
Running 1 scenario(s), 2 config(s), parallel=1
(Each scenario = one INI directory; progress prints when that directory finishes.)

[1/1] steepz_8x1_s00025 ...
  [steepz_8x1_s00018:Scenario_SteepZ_8x1_s00018_Aware:sim] still running... 240s elapsed
  [steepz_8x1_s00024] Running Scenario_SteepZ_8x1_s00024_Aware...
  [steepz_8x1_s00024:Scenario_SteepZ_8x1_s00024_Aware:sim] still running... 30s elapsed
  [steepz_8x1_s00019:Scenario_SteepZ_8x1_s00019_Aware:sim] still running... 210s elapsed
  [steepz_8x1_s00020:Scenario_SteepZ_8x1_s00020_Aware:sim] still running... 210s elapsed
  [steepz_8x1_s00022:Scenario_SteepZ_8x1_s00022_Aware:sim] still running... 150s elapsed
  [steepz_8x1_s00023:Scenario_SteepZ_8x1_s00023_Aware:sim] still running... 150s elapsed
  [steepz_8x1_s00021:Scenario_SteepZ_8x1_s00021_Aware:sim] still running... 210s elapsed
  [steepz_8x1_s00025] Running Scenario_SteepZ_8x1_s00025_Aware...
  [steepz_8x1_s00025:Scenario_SteepZ_8x1_s00025_Aware:sim] still running... 30s elapsed
  [steepz_8x1_s00024:Scenario_SteepZ_8x1_s00024_Aware:sim] still running... 60s elapsed
  [steepz_8x1_s00019:Scenario_SteepZ_8x1_s00019_Aware:sim] still running... 240s elapsed
  [steepz_8x1_s00020:Scenario_SteepZ_8x1_s00020_Aware:sim] still running... 240s elapsed
  [steepz_8x1_s00022:Scenario_SteepZ_8x1_s00022_Aware:sim] still running... 180s elapsed
  [steepz_8x1_s00023:Scenario_SteepZ_8x1_s00023_Aware:sim] still running... 180s elapsed
  [steepz_8x1_s00021:Scenario_SteepZ_8x1_s00021_Aware:sim] still running... 240s elapsed
  [steepz_8x1_s00025:Scenario_SteepZ_8x1_s00025_Aware:sim] still running... 60s elapsed
  [steepz_8x1_s00018] Copied scalars: 85037e69-Scenario_SteepZ_8x1_s00018_Aware.sca
  [steepz_8x1_s00018] Converting to Parquet...
  [steepz_8x1_s00018] Created: 85037e69-Scenario_SteepZ_8x1_s00018_Aware.parquet
  [steepz_8x1_s00018] Running Scenario_SteepZ_8x1_s00018_TrustRid...
  [steepz_8x1_s00018:Scenario_SteepZ_8x1_s00018_TrustRid:sim] still running... 30s elapsed
  [steepz_8x1_s00018] Copied scalars: 85037e69-Scenario_SteepZ_8x1_s00018_TrustRid.sca
  [steepz_8x1_s00018] Converting to Parquet...
  [steepz_8x1_s00018] Created: 85037e69-Scenario_SteepZ_8x1_s00018_TrustRid.parquet
  [steepz_8x1_s00018] Complete
[1/1] steepz_8x1_s00018 done (2 parquet)

Done — 2 parquet file(s) produced.
== Completed Scenario_SteepZ_8x1_s00018 in 301s ==
== Writing isolated INI: simulations/spoofing_aware_with_planning/sweeps/charts_store/paper_suite_30seeds_plus_steepz_v2/generated/steepz_8x1_s00026/omnetpp.ini ==
Wrote simulations/spoofing_aware_with_planning/sweeps/charts_store/paper_suite_30seeds_plus_steepz_v2/generated/steepz_8x1_s00026/omnetpp.ini
== Running Scenario_SteepZ_8x1_s00026 comparison ==
Running 1 scenario(s), 2 config(s), parallel=1
(Each scenario = one INI directory; progress prints when that directory finishes.)

[1/1] steepz_8x1_s00026 ...
  [steepz_8x1_s00024:Scenario_SteepZ_8x1_s00024_Aware:sim] still running... 90s elapsed
  [steepz_8x1_s00022:Scenario_SteepZ_8x1_s00022_Aware:sim] still running... 210s elapsed
  [steepz_8x1_s00023:Scenario_SteepZ_8x1_s00023_Aware:sim] still running... 210s elapsed
  [steepz_8x1_s00019] Copied scalars: b90811cf-Scenario_SteepZ_8x1_s00019_Aware.sca
  [steepz_8x1_s00019] Converting to Parquet...
  [steepz_8x1_s00019] Created: b90811cf-Scenario_SteepZ_8x1_s00019_Aware.parquet
  [steepz_8x1_s00019] Running Scenario_SteepZ_8x1_s00019_TrustRid...
  [steepz_8x1_s00019] Copied scalars: b90811cf-Scenario_SteepZ_8x1_s00019_TrustRid.sca
  [steepz_8x1_s00019] Converting to Parquet...
  [steepz_8x1_s00019] Created: b90811cf-Scenario_SteepZ_8x1_s00019_TrustRid.parquet
  [steepz_8x1_s00019] Complete
[1/1] steepz_8x1_s00019 done (2 parquet)

Done — 2 parquet file(s) produced.
== Completed Scenario_SteepZ_8x1_s00019 in 280s ==
== Writing isolated INI: simulations/spoofing_aware_with_planning/sweeps/charts_store/paper_suite_30seeds_plus_steepz_v2/generated/steepz_8x1_s00027/omnetpp.ini ==
Wrote simulations/spoofing_aware_with_planning/sweeps/charts_store/paper_suite_30seeds_plus_steepz_v2/generated/steepz_8x1_s00027/omnetpp.ini
== Running Scenario_SteepZ_8x1_s00027 comparison ==
Running 1 scenario(s), 2 config(s), parallel=1
(Each scenario = one INI directory; progress prints when that directory finishes.)

[1/1] steepz_8x1_s00027 ...
  [steepz_8x1_s00020] Copied scalars: e7b0bc84-Scenario_SteepZ_8x1_s00020_Aware.sca
  [steepz_8x1_s00020] Converting to Parquet...
  [steepz_8x1_s00020] Created: e7b0bc84-Scenario_SteepZ_8x1_s00020_Aware.parquet
  [steepz_8x1_s00020] Running Scenario_SteepZ_8x1_s00020_TrustRid...
  [steepz_8x1_s00020] Copied scalars: e7b0bc84-Scenario_SteepZ_8x1_s00020_TrustRid.sca
  [steepz_8x1_s00020] Converting to Parquet...
  [steepz_8x1_s00020] Created: e7b0bc84-Scenario_SteepZ_8x1_s00020_TrustRid.parquet
  [steepz_8x1_s00020] Complete
[1/1] steepz_8x1_s00020 done (2 parquet)

Done — 2 parquet file(s) produced.
== Completed Scenario_SteepZ_8x1_s00020 in 290s ==
== Writing isolated INI: simulations/spoofing_aware_with_planning/sweeps/charts_store/paper_suite_30seeds_plus_steepz_v2/generated/steepz_8x1_s00028/omnetpp.ini ==
Wrote simulations/spoofing_aware_with_planning/sweeps/charts_store/paper_suite_30seeds_plus_steepz_v2/generated/steepz_8x1_s00028/omnetpp.ini
== Running Scenario_SteepZ_8x1_s00028 comparison ==
  [steepz_8x1_s00025:Scenario_SteepZ_8x1_s00025_Aware:sim] still running... 90s elapsed
Running 1 scenario(s), 2 config(s), parallel=1
(Each scenario = one INI directory; progress prints when that directory finishes.)

[1/1] steepz_8x1_s00028 ...
  [steepz_8x1_s00026] Running Scenario_SteepZ_8x1_s00026_Aware...
  [steepz_8x1_s00026:Scenario_SteepZ_8x1_s00026_Aware:sim] still running... 30s elapsed
  [steepz_8x1_s00024:Scenario_SteepZ_8x1_s00024_Aware:sim] still running... 120s elapsed
  [steepz_8x1_s00021] Copied scalars: 24c8f892-Scenario_SteepZ_8x1_s00021_Aware.sca
  [steepz_8x1_s00021] Converting to Parquet...
  [steepz_8x1_s00021] Created: 24c8f892-Scenario_SteepZ_8x1_s00021_Aware.parquet
  [steepz_8x1_s00021] Running Scenario_SteepZ_8x1_s00021_TrustRid...
  [steepz_8x1_s00021] Copied scalars: 24c8f892-Scenario_SteepZ_8x1_s00021_TrustRid.sca
  [steepz_8x1_s00021] Converting to Parquet...
  [steepz_8x1_s00021] Created: 24c8f892-Scenario_SteepZ_8x1_s00021_TrustRid.parquet
  [steepz_8x1_s00021] Complete
[1/1] steepz_8x1_s00021 done (2 parquet)

Done — 2 parquet file(s) produced.
== Completed Scenario_SteepZ_8x1_s00021 in 293s ==
== Writing isolated INI: simulations/spoofing_aware_with_planning/sweeps/charts_store/paper_suite_30seeds_plus_steepz_v2/generated/steepz_8x1_s00029/omnetpp.ini ==
Wrote simulations/spoofing_aware_with_planning/sweeps/charts_store/paper_suite_30seeds_plus_steepz_v2/generated/steepz_8x1_s00029/omnetpp.ini
== Running Scenario_SteepZ_8x1_s00029 comparison ==
Running 1 scenario(s), 2 config(s), parallel=1
(Each scenario = one INI directory; progress prints when that directory finishes.)

[1/1] steepz_8x1_s00029 ...
  [steepz_8x1_s00022:Scenario_SteepZ_8x1_s00022_Aware:sim] still running... 240s elapsed
  [steepz_8x1_s00023:Scenario_SteepZ_8x1_s00023_Aware:sim] still running... 240s elapsed
  [steepz_8x1_s00027] Running Scenario_SteepZ_8x1_s00027_Aware...
  [steepz_8x1_s00027:Scenario_SteepZ_8x1_s00027_Aware:sim] still running... 30s elapsed
  [steepz_8x1_s00025:Scenario_SteepZ_8x1_s00025_Aware:sim] still running... 120s elapsed
  [steepz_8x1_s00028] Running Scenario_SteepZ_8x1_s00028_Aware...
  [steepz_8x1_s00028:Scenario_SteepZ_8x1_s00028_Aware:sim] still running... 30s elapsed
  [steepz_8x1_s00026:Scenario_SteepZ_8x1_s00026_Aware:sim] still running... 60s elapsed
  [steepz_8x1_s00024:Scenario_SteepZ_8x1_s00024_Aware:sim] still running... 150s elapsed
  [steepz_8x1_s00029] Running Scenario_SteepZ_8x1_s00029_Aware...
  [steepz_8x1_s00029:Scenario_SteepZ_8x1_s00029_Aware:sim] still running... 30s elapsed
  [steepz_8x1_s00027:Scenario_SteepZ_8x1_s00027_Aware:sim] still running... 60s elapsed
  [steepz_8x1_s00025:Scenario_SteepZ_8x1_s00025_Aware:sim] still running... 150s elapsed
  [steepz_8x1_s00028:Scenario_SteepZ_8x1_s00028_Aware:sim] still running... 60s elapsed
  [steepz_8x1_s00023] Copied scalars: 69d7b865-Scenario_SteepZ_8x1_s00023_Aware.sca
  [steepz_8x1_s00023] Converting to Parquet...
  [steepz_8x1_s00023] Created: 69d7b865-Scenario_SteepZ_8x1_s00023_Aware.parquet
  [steepz_8x1_s00023] Running Scenario_SteepZ_8x1_s00023_TrustRid...
  [steepz_8x1_s00023] Copied scalars: 69d7b865-Scenario_SteepZ_8x1_s00023_TrustRid.sca
  [steepz_8x1_s00023] Converting to Parquet...
  [steepz_8x1_s00023] Created: 69d7b865-Scenario_SteepZ_8x1_s00023_TrustRid.parquet
  [steepz_8x1_s00023] Complete
[1/1] steepz_8x1_s00023 done (2 parquet)

Done — 2 parquet file(s) produced.
== Completed Scenario_SteepZ_8x1_s00023 in 290s ==
./datagen/run_compare_pipeline.sh: line 294: $'ofingAwareGcs\n\n[Config {trust}]\nextends = {scenario}\nseed-set = {seed}\n*.gcs[0].pyClass = pymodules.planners.trust_rid_gcs.TrustRidGcs\n': command not found
  [steepz_8x1_s00026:Scenario_SteepZ_8x1_s00026_Aware:sim] still running... 90s elapsed
  [steepz_8x1_s00024:Scenario_SteepZ_8x1_s00024_Aware:sim] still running... 180s elapsed
  [steepz_8x1_s00022] Copied scalars: 1fc9d636-Scenario_SteepZ_8x1_s00022_Aware.sca
  [steepz_8x1_s00022] Converting to Parquet...
  [steepz_8x1_s00022] Created: 1fc9d636-Scenario_SteepZ_8x1_s00022_Aware.parquet
  [steepz_8x1_s00022] Running Scenario_SteepZ_8x1_s00022_TrustRid...
  [steepz_8x1_s00022:Scenario_SteepZ_8x1_s00022_TrustRid:sim] still running... 30s elapsed
  [steepz_8x1_s00029:Scenario_SteepZ_8x1_s00029_Aware:sim] still running... 60s elapsed
  [steepz_8x1_s00022] Copied scalars: 1fc9d636-Scenario_SteepZ_8x1_s00022_TrustRid.sca
  [steepz_8x1_s00022] Converting to Parquet...
  [steepz_8x1_s00022] Created: 1fc9d636-Scenario_SteepZ_8x1_s00022_TrustRid.parquet
  [steepz_8x1_s00022] Complete
[1/1] steepz_8x1_s00022 done (2 parquet)

Done — 2 parquet file(s) produced.
== Completed Scenario_SteepZ_8x1_s00022 in 302s ==
  [steepz_8x1_s00027:Scenario_SteepZ_8x1_s00027_Aware:sim] still running... 90s elapsed
  [steepz_8x1_s00025:Scenario_SteepZ_8x1_s00025_Aware:sim] still running... 180s elapsed
  [steepz_8x1_s00028:Scenario_SteepZ_8x1_s00028_Aware:sim] still running... 90s elapsed
  [steepz_8x1_s00026:Scenario_SteepZ_8x1_s00026_Aware:sim] still running... 120s elapsed
  [steepz_8x1_s00024:Scenario_SteepZ_8x1_s00024_Aware:sim] still running... 210s elapsed
  [steepz_8x1_s00029:Scenario_SteepZ_8x1_s00029_Aware:sim] still running... 90s elapsed
  [steepz_8x1_s00027:Scenario_SteepZ_8x1_s00027_Aware:sim] still running... 120s elapsed
  [steepz_8x1_s00025:Scenario_SteepZ_8x1_s00025_Aware:sim] still running... 210s elapsed
  [steepz_8x1_s00028:Scenario_SteepZ_8x1_s00028_Aware:sim] still running... 120s elapsed
  [steepz_8x1_s00026:Scenario_SteepZ_8x1_s00026_Aware:sim] still running... 150s elapsed
  [steepz_8x1_s00024:Scenario_SteepZ_8x1_s00024_Aware:sim] still running... 240s elapsed
  [steepz_8x1_s00029:Scenario_SteepZ_8x1_s00029_Aware:sim] still running... 120s elapsed
  [steepz_8x1_s00027:Scenario_SteepZ_8x1_s00027_Aware:sim] still running... 150s elapsed
  [steepz_8x1_s00025:Scenario_SteepZ_8x1_s00025_Aware:sim] still running... 240s elapsed
  [steepz_8x1_s00028:Scenario_SteepZ_8x1_s00028_Aware:sim] still running... 150s elapsed
  [steepz_8x1_s00026:Scenario_SteepZ_8x1_s00026_Aware:sim] still running... 180s elapsed
  [steepz_8x1_s00029:Scenario_SteepZ_8x1_s00029_Aware:sim] still running... 150s elapsed
  [steepz_8x1_s00024] Copied scalars: cf42b357-Scenario_SteepZ_8x1_s00024_Aware.sca
  [steepz_8x1_s00024] Converting to Parquet...
  [steepz_8x1_s00024] Created: cf42b357-Scenario_SteepZ_8x1_s00024_Aware.parquet
  [steepz_8x1_s00024] Running Scenario_SteepZ_8x1_s00024_TrustRid...
  [steepz_8x1_s00024] Copied scalars: cf42b357-Scenario_SteepZ_8x1_s00024_TrustRid.sca
  [steepz_8x1_s00024] Converting to Parquet...
  [steepz_8x1_s00024] Created: cf42b357-Scenario_SteepZ_8x1_s00024_TrustRid.parquet
  [steepz_8x1_s00024] Complete
[1/1] steepz_8x1_s00024 done (2 parquet)

Done — 2 parquet file(s) produced.
== Completed Scenario_SteepZ_8x1_s00024 in 278s ==
  [steepz_8x1_s00027:Scenario_SteepZ_8x1_s00027_Aware:sim] still running... 180s elapsed
  [steepz_8x1_s00028:Scenario_SteepZ_8x1_s00028_Aware:sim] still running... 180s elapsed
  [steepz_8x1_s00026:Scenario_SteepZ_8x1_s00026_Aware:sim] still running... 210s elapsed
  [steepz_8x1_s00029:Scenario_SteepZ_8x1_s00029_Aware:sim] still running... 180s elapsed
  [steepz_8x1_s00027:Scenario_SteepZ_8x1_s00027_Aware:sim] still running... 210s elapsed
  [steepz_8x1_s00025] Copied scalars: 3d6bc11a-Scenario_SteepZ_8x1_s00025_Aware.sca
  [steepz_8x1_s00025] Converting to Parquet...
  [steepz_8x1_s00025] Created: 3d6bc11a-Scenario_SteepZ_8x1_s00025_Aware.parquet
  [steepz_8x1_s00025] Running Scenario_SteepZ_8x1_s00025_TrustRid...
  [steepz_8x1_s00025] Copied scalars: 3d6bc11a-Scenario_SteepZ_8x1_s00025_TrustRid.sca
  [steepz_8x1_s00025] Converting to Parquet...
  [steepz_8x1_s00025] Created: 3d6bc11a-Scenario_SteepZ_8x1_s00025_TrustRid.parquet
  [steepz_8x1_s00025] Complete
[1/1] steepz_8x1_s00025 done (2 parquet)

Done — 2 parquet file(s) produced.
== Completed Scenario_SteepZ_8x1_s00025 in 290s ==
  [steepz_8x1_s00028:Scenario_SteepZ_8x1_s00028_Aware:sim] still running... 210s elapsed
  [steepz_8x1_s00026:Scenario_SteepZ_8x1_s00026_Aware:sim] still running... 240s elapsed
  [steepz_8x1_s00029:Scenario_SteepZ_8x1_s00029_Aware:sim] still running... 210s elapsed
  [steepz_8x1_s00027:Scenario_SteepZ_8x1_s00027_Aware:sim] still running... 240s elapsed
  [steepz_8x1_s00028:Scenario_SteepZ_8x1_s00028_Aware:sim] still running... 240s elapsed
  [steepz_8x1_s00029:Scenario_SteepZ_8x1_s00029_Aware:sim] still running... 240s elapsed
  [steepz_8x1_s00026] Copied scalars: 2231d45d-Scenario_SteepZ_8x1_s00026_Aware.sca
  [steepz_8x1_s00026] Converting to Parquet...
  [steepz_8x1_s00026] Created: 2231d45d-Scenario_SteepZ_8x1_s00026_Aware.parquet
  [steepz_8x1_s00026] Running Scenario_SteepZ_8x1_s00026_TrustRid...
  [steepz_8x1_s00026:Scenario_SteepZ_8x1_s00026_TrustRid:sim] still running... 30s elapsed
  [steepz_8x1_s00026] Copied scalars: 2231d45d-Scenario_SteepZ_8x1_s00026_TrustRid.sca
  [steepz_8x1_s00026] Converting to Parquet...
  [steepz_8x1_s00026] Created: 2231d45d-Scenario_SteepZ_8x1_s00026_TrustRid.parquet
  [steepz_8x1_s00026] Complete
[1/1] steepz_8x1_s00026 done (2 parquet)

Done — 2 parquet file(s) produced.
== Completed Scenario_SteepZ_8x1_s00026 in 301s ==
  [steepz_8x1_s00027] Copied scalars: 82500bc9-Scenario_SteepZ_8x1_s00027_Aware.sca
  [steepz_8x1_s00027] Converting to Parquet...
  [steepz_8x1_s00027] Created: 82500bc9-Scenario_SteepZ_8x1_s00027_Aware.parquet
  [steepz_8x1_s00027] Running Scenario_SteepZ_8x1_s00027_TrustRid...
  [steepz_8x1_s00027] Copied scalars: 82500bc9-Scenario_SteepZ_8x1_s00027_TrustRid.sca
  [steepz_8x1_s00027] Converting to Parquet...
  [steepz_8x1_s00027] Created: 82500bc9-Scenario_SteepZ_8x1_s00027_TrustRid.parquet
  [steepz_8x1_s00027] Complete
[1/1] steepz_8x1_s00027 done (2 parquet)

Done — 2 parquet file(s) produced.
== Completed Scenario_SteepZ_8x1_s00027 in 290s ==
  [steepz_8x1_s00029] Copied scalars: c54f089c-Scenario_SteepZ_8x1_s00029_Aware.sca
  [steepz_8x1_s00029] Converting to Parquet...
  [steepz_8x1_s00029] Created: c54f089c-Scenario_SteepZ_8x1_s00029_Aware.parquet
  [steepz_8x1_s00029] Running Scenario_SteepZ_8x1_s00029_TrustRid...
  [steepz_8x1_s00029] Copied scalars: c54f089c-Scenario_SteepZ_8x1_s00029_TrustRid.sca
  [steepz_8x1_s00029] Converting to Parquet...
  [steepz_8x1_s00029] Created: c54f089c-Scenario_SteepZ_8x1_s00029_TrustRid.parquet
  [steepz_8x1_s00029] Complete
[1/1] steepz_8x1_s00029 done (2 parquet)

Done — 2 parquet file(s) produced.
== Completed Scenario_SteepZ_8x1_s00029 in 279s ==
  [steepz_8x1_s00028] Copied scalars: 46813675-Scenario_SteepZ_8x1_s00028_Aware.sca
  [steepz_8x1_s00028] Converting to Parquet...
  [steepz_8x1_s00028] Created: 46813675-Scenario_SteepZ_8x1_s00028_Aware.parquet
  [steepz_8x1_s00028] Running Scenario_SteepZ_8x1_s00028_TrustRid...
  [steepz_8x1_s00028] Copied scalars: 46813675-Scenario_SteepZ_8x1_s00028_TrustRid.sca
  [steepz_8x1_s00028] Converting to Parquet...
  [steepz_8x1_s00028] Created: 46813675-Scenario_SteepZ_8x1_s00028_TrustRid.parquet
  [steepz_8x1_s00028] Complete
[1/1] steepz_8x1_s00028 done (2 parquet)

Done — 2 parquet file(s) produced.
== Completed Scenario_SteepZ_8x1_s00028 in 289s ==
