{
  "kf": {
    "auc": 0.7987101990122696,
    "tpr": 0.6599440573144245,
    "fpr": 0.16980644569409561,
    "threshold": 0.72100830291403,
    "tp": 565774,
    "tn": 4090269,
    "fp": 836617,
    "fn": 291532,
    "n_total": 5784192,
    "n_spoofed": 857306,
    "n_benign": 4926886
  },
  "mlat": {
    "auc": 0.8381001078127779,
    "tpr": 0.7840913007018713,
    "fpr": 0.1830512703406746,
    "threshold": 147.12817658856574,
    "tp": 136515,
    "tn": 386371,
    "fp": 86573,
    "fn": 37591,
    "n_total": 647050,
    "n_spoofed": 174106,
    "n_benign": 472944
  },
  "mlp": {
    "auc": 0.9395163963037303,
    "tpr": 0.8228593189889976,
    "fpr": 0.05577952812115565,
    "threshold": 0.5,
    "tp": 198788,
    "tn": 1534312,
    "fp": 90639,
    "fn": 42794,
    "n_total": 1866533,
    "n_spoofed": 241582,
    "n_benign": -2108115
  }
}